{
  "TURN_WEIGHT": 42.773105103493904,
  "FOOD_CLUSTER_WEIGHT": 0.8410660502465354,
  "FOOD_DISTANCE_POWER": 1.4978918624834547,
  "DANGER_OVERRIDE_RANGE_MULT": 8.461598763103481,
  "DANGER_DIRECT_RATIO": 1.1476899804144882,
  "CHASE_RANGE_MULT": 5.728989757571406,
  "CHASE_LEAD_TICKS": 2.5456148842211976,
  "CHASE_MIN_CLOSING_RATE": -1.7463975214502772,
  "CHASE_CLOSE_WEIGHT": 37.575728498988035,
  "SPLIT_RANGE_SAFETY_MULT": 0.7464326740716904,
  "SPLIT_TARGET_MIN_RADIUS_MULT": 0.22085518638629068,
  "VIRUS_FARM_MAX_RADIUS": 20.141585466962933
}