{
  "TURN_WEIGHT": 27.833713679923022,
  "FOOD_CLUSTER_WEIGHT": 0.9991865184427836,
  "FOOD_DISTANCE_POWER": 1.2697680529881905,
  "DANGER_OVERRIDE_RANGE_MULT": 10.623971948396992,
  "DANGER_DIRECT_RATIO": 1.0318949415478538,
  "CHASE_RANGE_MULT": 4.717441547737588,
  "CHASE_LEAD_TICKS": 3.852864086480269,
  "CHASE_MIN_CLOSING_RATE": -2.4837270126565416,
  "CHASE_CLOSE_WEIGHT": 47.49964954241007,
  "SPLIT_RANGE_SAFETY_MULT": 0.6517731127233026,
  "SPLIT_TARGET_MIN_RADIUS_MULT": 0.21658037021009094,
  "VIRUS_FARM_MAX_RADIUS": 13.578118150790923
}