{
  "TURN_WEIGHT": 32.719393012718825,
  "FOOD_CLUSTER_WEIGHT": 0.3233674948471515,
  "FOOD_DISTANCE_POWER": 1.3553050176546977,
  "DANGER_OVERRIDE_RANGE_MULT": 8.0508290941955,
  "DANGER_DIRECT_RATIO": 1.0318167849411013,
  "CHASE_RANGE_MULT": 6.62269675715304,
  "CHASE_LEAD_TICKS": 3.094990058616487,
  "CHASE_MIN_CLOSING_RATE": -1.0818031327579347,
  "CHASE_CLOSE_WEIGHT": 53.797098085114236,
  "SPLIT_RANGE_SAFETY_MULT": 0.7119736025774126,
  "SPLIT_TARGET_MIN_RADIUS_MULT": 0.18435296383865798,
  "VIRUS_FARM_MAX_RADIUS": 20.646722294535635
}