{
  "TURN_WEIGHT": 90.7389583106235,
  "FOOD_CLUSTER_WEIGHT": 0.5580563908794253,
  "FOOD_DISTANCE_POWER": 1.211049519519813,
  "DANGER_OVERRIDE_RANGE_MULT": 7.532020992153282,
  "DANGER_DIRECT_RATIO": 1.0503423857799161,
  "CHASE_RANGE_MULT": 7.401655666587164,
  "CHASE_LEAD_TICKS": 1.5072437365514737,
  "CHASE_MIN_CLOSING_RATE": -1.177054049274203,
  "CHASE_CLOSE_WEIGHT": 59.80891188025036,
  "SPLIT_RANGE_SAFETY_MULT": 0.772400126309476,
  "SPLIT_TARGET_MIN_RADIUS_MULT": 0.1802153372655275,
  "VIRUS_FARM_MAX_RADIUS": 14.245436452042135
}