{
  "TURN_WEIGHT": 104.80323582757524,
  "FOOD_CLUSTER_WEIGHT": 0.824663363969842,
  "FOOD_DISTANCE_POWER": 1.5751442549551813,
  "DANGER_OVERRIDE_RANGE_MULT": 6.170168933259167,
  "DANGER_DIRECT_RATIO": 1.0372273746419312,
  "CHASE_RANGE_MULT": 7.716297414850425,
  "CHASE_LEAD_TICKS": 3.2125300122406912,
  "CHASE_MIN_CLOSING_RATE": -1.8900943152334035,
  "CHASE_CLOSE_WEIGHT": 16.652519651028626,
  "SPLIT_RANGE_SAFETY_MULT": 0.6988994348841794,
  "SPLIT_TARGET_MIN_RADIUS_MULT": 0.10616346521532202,
  "VIRUS_FARM_MAX_RADIUS": 16.117810715157383
}