{
  "TURN_WEIGHT": 48.64986935862753,
  "FOOD_CLUSTER_WEIGHT": 0.6113668964212069,
  "FOOD_DISTANCE_POWER": 1.1407091104175944,
  "DANGER_OVERRIDE_RANGE_MULT": 9.286335324490173,
  "DANGER_DIRECT_RATIO": 1.057180073810026,
  "CHASE_RANGE_MULT": 7.42739870663653,
  "CHASE_LEAD_TICKS": 1.804604815346878,
  "CHASE_MIN_CLOSING_RATE": -1.549512097785602,
  "CHASE_CLOSE_WEIGHT": 44.638200192323666,
  "SPLIT_RANGE_SAFETY_MULT": 0.7391505681767133,
  "SPLIT_TARGET_MIN_RADIUS_MULT": 0.22315093010230774,
  "VIRUS_FARM_MAX_RADIUS": 23.118512778294065
}