{
  "TURN_WEIGHT": 83.49289092879101,
  "FOOD_CLUSTER_WEIGHT": 0.6552700891016852,
  "FOOD_DISTANCE_POWER": 1.3895886783154858,
  "DANGER_OVERRIDE_RANGE_MULT": 5.769193667547838,
  "DANGER_DIRECT_RATIO": 1.0515118721411576,
  "CHASE_RANGE_MULT": 4.137922073545933,
  "CHASE_LEAD_TICKS": 1.7689582502174512,
  "CHASE_MIN_CLOSING_RATE": -1.8415801008593415,
  "CHASE_CLOSE_WEIGHT": 26.090714619562434,
  "SPLIT_RANGE_SAFETY_MULT": 0.6728967164321711,
  "SPLIT_TARGET_MIN_RADIUS_MULT": 0.14778511997845958,
  "VIRUS_FARM_MAX_RADIUS": 15.243095900487093
}