{
  "TURN_WEIGHT": 35.02364382317103,
  "FOOD_CLUSTER_WEIGHT": 0.8008847123901885,
  "FOOD_DISTANCE_POWER": 1.4648234793654151,
  "DANGER_OVERRIDE_RANGE_MULT": 5.803887786938638,
  "DANGER_DIRECT_RATIO": 1.0460340910307062,
  "CHASE_RANGE_MULT": 3.5011048514425456,
  "CHASE_LEAD_TICKS": 3.703034386891039,
  "CHASE_MIN_CLOSING_RATE": -2.0397628116889512,
  "CHASE_CLOSE_WEIGHT": 12.38900565514141,
  "SPLIT_RANGE_SAFETY_MULT": 0.7086883300013983,
  "SPLIT_TARGET_MIN_RADIUS_MULT": 0.09060601680335173,
  "VIRUS_FARM_MAX_RADIUS": 12.045726096962438
}