{
  "TURN_WEIGHT": 56.519876630868445,
  "FOOD_CLUSTER_WEIGHT": 0.55,
  "FOOD_DISTANCE_POWER": 1.15,
  "DANGER_OVERRIDE_RANGE_MULT": 9.0,
  "DANGER_DIRECT_RATIO": 1.06,
  "CHASE_RANGE_MULT": 6.219934902522074,
  "CHASE_LEAD_TICKS": 2.924711670693439,
  "CHASE_MIN_CLOSING_RATE": -1.25,
  "CHASE_CLOSE_WEIGHT": 39.90857652982805,
  "SPLIT_RANGE_SAFETY_MULT": 0.7631787944167937,
  "SPLIT_TARGET_MIN_RADIUS_MULT": 0.16,
  "VIRUS_FARM_MAX_RADIUS": 21.559608057655243
}