{
  "TURN_WEIGHT": 41.062369098871265,
  "FOOD_CLUSTER_WEIGHT": 0.8841115600144471,
  "FOOD_DISTANCE_POWER": 1.4825554202816214,
  "DANGER_OVERRIDE_RANGE_MULT": 5.810973829548136,
  "DANGER_DIRECT_RATIO": 1.050451200346186,
  "CHASE_RANGE_MULT": 4.822404925065499,
  "CHASE_LEAD_TICKS": 4.190636214139653,
  "CHASE_MIN_CLOSING_RATE": -1.9217482348548331,
  "CHASE_CLOSE_WEIGHT": 23.580325445889027,
  "SPLIT_RANGE_SAFETY_MULT": 0.6846642112033067,
  "SPLIT_TARGET_MIN_RADIUS_MULT": 0.1082981759600462,
  "VIRUS_FARM_MAX_RADIUS": 15.27762543955009
}