{
  "TURN_WEIGHT": 126.96638890436523,
  "FOOD_CLUSTER_WEIGHT": 0.9268608444999911,
  "FOOD_DISTANCE_POWER": 1.5838042809371737,
  "DANGER_OVERRIDE_RANGE_MULT": 9.764823120136674,
  "DANGER_DIRECT_RATIO": 1.1231246667877433,
  "CHASE_RANGE_MULT": 7.799393130781765,
  "CHASE_LEAD_TICKS": 2.3511976537405608,
  "CHASE_MIN_CLOSING_RATE": -1.918288413101082,
  "CHASE_CLOSE_WEIGHT": 57.780420238065815,
  "SPLIT_RANGE_SAFETY_MULT": 0.6575666142037255,
  "SPLIT_TARGET_MIN_RADIUS_MULT": 0.2968857401949193,
  "VIRUS_FARM_MAX_RADIUS": 23.974825614090715
}