{
  "TURN_WEIGHT": 120.05736145701017,
  "FOOD_CLUSTER_WEIGHT": 1.0302550038039207,
  "FOOD_DISTANCE_POWER": 1.4641824597776336,
  "DANGER_OVERRIDE_RANGE_MULT": 6.708620340854856,
  "DANGER_DIRECT_RATIO": 1.0367909638605368,
  "CHASE_RANGE_MULT": 5.219722035267995,
  "CHASE_LEAD_TICKS": 4.171970772224119,
  "CHASE_MIN_CLOSING_RATE": -2.184442783981537,
  "CHASE_CLOSE_WEIGHT": 18.651179074861464,
  "SPLIT_RANGE_SAFETY_MULT": 0.6839645487672231,
  "SPLIT_TARGET_MIN_RADIUS_MULT": 0.11451828447157657,
  "VIRUS_FARM_MAX_RADIUS": 15.639161725850277
}