{
  "TURN_WEIGHT": 114.27935495664154,
  "FOOD_CLUSTER_WEIGHT": 0.6708974786224295,
  "FOOD_DISTANCE_POWER": 1.2891038218078048,
  "DANGER_OVERRIDE_RANGE_MULT": 9.303393785905408,
  "DANGER_DIRECT_RATIO": 1.1018591387300218,
  "CHASE_RANGE_MULT": 6.848788308085124,
  "CHASE_LEAD_TICKS": 4.089051429475849,
  "CHASE_MIN_CLOSING_RATE": -0.9551321235480191,
  "CHASE_CLOSE_WEIGHT": 43.38941971873064,
  "SPLIT_RANGE_SAFETY_MULT": 0.7510181163508899,
  "SPLIT_TARGET_MIN_RADIUS_MULT": 0.20268384111036453,
  "VIRUS_FARM_MAX_RADIUS": 19.959764016637436
}