{
  "TURN_WEIGHT": 28.9907550148584,
  "FOOD_CLUSTER_WEIGHT": 0.9594160801096333,
  "FOOD_DISTANCE_POWER": 1.4597497695538948,
  "DANGER_OVERRIDE_RANGE_MULT": 6.335341183569393,
  "DANGER_DIRECT_RATIO": 1.0251422835741144,
  "CHASE_RANGE_MULT": 3.935941448500018,
  "CHASE_LEAD_TICKS": 4.1933561191901285,
  "CHASE_MIN_CLOSING_RATE": -1.433322546500168,
  "CHASE_CLOSE_WEIGHT": 25.95992735478724,
  "SPLIT_RANGE_SAFETY_MULT": 0.6688749742883274,
  "SPLIT_TARGET_MIN_RADIUS_MULT": 0.1036932054008513,
  "VIRUS_FARM_MAX_RADIUS": 14.724660443741648
}