{
  "TURN_WEIGHT": 46.93717858663998,
  "FOOD_CLUSTER_WEIGHT": 0.8263210406937901,
  "FOOD_DISTANCE_POWER": 1.1536835170119655,
  "DANGER_OVERRIDE_RANGE_MULT": 9.916004723864615,
  "DANGER_DIRECT_RATIO": 1.0355032992409756,
  "CHASE_RANGE_MULT": 5.830789094822792,
  "CHASE_LEAD_TICKS": 3.524043773828131,
  "CHASE_MIN_CLOSING_RATE": -2.366310551159706,
  "CHASE_CLOSE_WEIGHT": 10.490312279834214,
  "SPLIT_RANGE_SAFETY_MULT": 0.6942773037855552,
  "SPLIT_TARGET_MIN_RADIUS_MULT": 0.15964657282412242,
  "VIRUS_FARM_MAX_RADIUS": 15.687803103364782
}