{
  "TURN_WEIGHT": 77.47047660461193,
  "FOOD_CLUSTER_WEIGHT": 0.21566084175777317,
  "FOOD_DISTANCE_POWER": 0.9176775237162889,
  "DANGER_OVERRIDE_RANGE_MULT": 5.961823218908345,
  "DANGER_DIRECT_RATIO": 1.0619640718509737,
  "CHASE_RANGE_MULT": 7.5990652993750105,
  "CHASE_LEAD_TICKS": 3.6959700389742096,
  "CHASE_MIN_CLOSING_RATE": -0.6247993257737705,
  "CHASE_CLOSE_WEIGHT": 33.46269073735562,
  "SPLIT_RANGE_SAFETY_MULT": 0.8321381177891586,
  "SPLIT_TARGET_MIN_RADIUS_MULT": 0.14144333903091616,
  "VIRUS_FARM_MAX_RADIUS": 12.979633167466103
}