{
  "TURN_WEIGHT": 75.73707295113411,
  "FOOD_CLUSTER_WEIGHT": 0.4060016119936186,
  "FOOD_DISTANCE_POWER": 1.1051412155643952,
  "DANGER_OVERRIDE_RANGE_MULT": 10.859595183195399,
  "DANGER_DIRECT_RATIO": 1.043959595285647,
  "CHASE_RANGE_MULT": 4.590224776814836,
  "CHASE_LEAD_TICKS": 3.2713779411000825,
  "CHASE_MIN_CLOSING_RATE": -1.5401618089645177,
  "CHASE_CLOSE_WEIGHT": 33.07212264480267,
  "SPLIT_RANGE_SAFETY_MULT": 0.7917972472793562,
  "SPLIT_TARGET_MIN_RADIUS_MULT": 0.09886073284755584,
  "VIRUS_FARM_MAX_RADIUS": 14.808199767429846
}