{
  "TURN_WEIGHT": 49.166158966037905,
  "FOOD_CLUSTER_WEIGHT": 0.7583375535547403,
  "FOOD_DISTANCE_POWER": 1.4849385863416877,
  "DANGER_OVERRIDE_RANGE_MULT": 6.746811265045777,
  "DANGER_DIRECT_RATIO": 1.0671737956278602,
  "CHASE_RANGE_MULT": 5.106693212005306,
  "CHASE_LEAD_TICKS": 3.9239169049716898,
  "CHASE_MIN_CLOSING_RATE": -1.1227578059338692,
  "CHASE_CLOSE_WEIGHT": 16.969903060582652,
  "SPLIT_RANGE_SAFETY_MULT": 0.6804507089284859,
  "SPLIT_TARGET_MIN_RADIUS_MULT": 0.1661933021615703,
  "VIRUS_FARM_MAX_RADIUS": 17.034591900161594
}