{
  "TURN_WEIGHT": 38.66832712658318,
  "FOOD_CLUSTER_WEIGHT": 0.8824144480502754,
  "FOOD_DISTANCE_POWER": 1.501110804984208,
  "DANGER_OVERRIDE_RANGE_MULT": 5.594487991095724,
  "DANGER_DIRECT_RATIO": 1.072099548745737,
  "CHASE_RANGE_MULT": 4.932386091266083,
  "CHASE_LEAD_TICKS": 3.670678954735588,
  "CHASE_MIN_CLOSING_RATE": -1.880874105511206,
  "CHASE_CLOSE_WEIGHT": 23.869105582709743,
  "SPLIT_RANGE_SAFETY_MULT": 0.7405573876529163,
  "SPLIT_TARGET_MIN_RADIUS_MULT": 0.14724965107378535,
  "VIRUS_FARM_MAX_RADIUS": 20.941362002043594
}