{
  "TURN_WEIGHT": 99.510193545411,
  "FOOD_CLUSTER_WEIGHT": 0.7449744223045952,
  "FOOD_DISTANCE_POWER": 0.9952102234673545,
  "DANGER_OVERRIDE_RANGE_MULT": 10.157576048654867,
  "DANGER_DIRECT_RATIO": 1.0267685544437903,
  "CHASE_RANGE_MULT": 5.400267071321053,
  "CHASE_LEAD_TICKS": 3.396329759736424,
  "CHASE_MIN_CLOSING_RATE": -1.7400434735337118,
  "CHASE_CLOSE_WEIGHT": 40.77817814963728,
  "SPLIT_RANGE_SAFETY_MULT": 0.8593143239737103,
  "SPLIT_TARGET_MIN_RADIUS_MULT": 0.14114145470564687,
  "VIRUS_FARM_MAX_RADIUS": 21.171842862968205
}