{
  "TURN_WEIGHT": 22.49774642600324,
  "FOOD_CLUSTER_WEIGHT": 0.9473730800690837,
  "FOOD_DISTANCE_POWER": 1.4224441482556265,
  "DANGER_OVERRIDE_RANGE_MULT": 9.070693593075108,
  "DANGER_DIRECT_RATIO": 1.0847136709131917,
  "CHASE_RANGE_MULT": 5.072917487482676,
  "CHASE_LEAD_TICKS": 3.0314591893726313,
  "CHASE_MIN_CLOSING_RATE": -0.17647362453806115,
  "CHASE_CLOSE_WEIGHT": 34.78362044676114,
  "SPLIT_RANGE_SAFETY_MULT": 0.8091473156624897,
  "SPLIT_TARGET_MIN_RADIUS_MULT": 0.2264353375480922,
  "VIRUS_FARM_MAX_RADIUS": 14.72287949118416
}