{
  "TURN_WEIGHT": 48.945314955831535,
  "FOOD_CLUSTER_WEIGHT": 1.0854104211674993,
  "FOOD_DISTANCE_POWER": 1.536957129630762,
  "DANGER_OVERRIDE_RANGE_MULT": 5.552093670855632,
  "DANGER_DIRECT_RATIO": 1.0287352157453882,
  "CHASE_RANGE_MULT": 4.538293863422094,
  "CHASE_LEAD_TICKS": 3.9390920122281377,
  "CHASE_MIN_CLOSING_RATE": -2.4450371494642926,
  "CHASE_CLOSE_WEIGHT": 49.15954963695538,
  "SPLIT_RANGE_SAFETY_MULT": 0.6568641547242869,
  "SPLIT_TARGET_MIN_RADIUS_MULT": 0.18678757664560094,
  "VIRUS_FARM_MAX_RADIUS": 16.728083730684304
}