{
  "TURN_WEIGHT": 22.571868737507415,
  "FOOD_CLUSTER_WEIGHT": 0.4431419140873368,
  "FOOD_DISTANCE_POWER": 1.3055665244954489,
  "DANGER_OVERRIDE_RANGE_MULT": 8.653771277971416,
  "DANGER_DIRECT_RATIO": 1.097743424172888,
  "CHASE_RANGE_MULT": 6.971937432194291,
  "CHASE_LEAD_TICKS": 2.7486338454739974,
  "CHASE_MIN_CLOSING_RATE": -1.050290483188168,
  "CHASE_CLOSE_WEIGHT": 42.73446930074531,
  "SPLIT_RANGE_SAFETY_MULT": 0.7253791771037078,
  "SPLIT_TARGET_MIN_RADIUS_MULT": 0.19628324810460504,
  "VIRUS_FARM_MAX_RADIUS": 12.835357894060586
}