{
  "TURN_WEIGHT": 128.93815958267896,
  "FOOD_CLUSTER_WEIGHT": 1.0928715423597928,
  "FOOD_DISTANCE_POWER": 1.5962363228033603,
  "DANGER_OVERRIDE_RANGE_MULT": 10.072779641100503,
  "DANGER_DIRECT_RATIO": 1.0448876745188613,
  "CHASE_RANGE_MULT": 6.069072011197531,
  "CHASE_LEAD_TICKS": 4.1918115027816025,
  "CHASE_MIN_CLOSING_RATE": -1.3448446154700933,
  "CHASE_CLOSE_WEIGHT": 47.45518592993682,
  "SPLIT_RANGE_SAFETY_MULT": 0.7543965765183956,
  "SPLIT_TARGET_MIN_RADIUS_MULT": 0.17248337968371286,
  "VIRUS_FARM_MAX_RADIUS": 12.229406106590416
}