{
  "TURN_WEIGHT": 61.01431355305145,
  "FOOD_CLUSTER_WEIGHT": 0.5378907453537051,
  "FOOD_DISTANCE_POWER": 1.2419892477999848,
  "DANGER_OVERRIDE_RANGE_MULT": 9.538424739564533,
  "DANGER_DIRECT_RATIO": 1.097626995889916,
  "CHASE_RANGE_MULT": 7.866309501997928,
  "CHASE_LEAD_TICKS": 2.6397163281639826,
  "CHASE_MIN_CLOSING_RATE": -0.8575009206523558,
  "CHASE_CLOSE_WEIGHT": 52.916527270450764,
  "SPLIT_RANGE_SAFETY_MULT": 0.8052135896111063,
  "SPLIT_TARGET_MIN_RADIUS_MULT": 0.11680746340628773,
  "VIRUS_FARM_MAX_RADIUS": 22.7140266168404
}