{
  "TURN_WEIGHT": 46.630860069941065,
  "FOOD_CLUSTER_WEIGHT": 0.4844026253952628,
  "FOOD_DISTANCE_POWER": 1.2073079348887223,
  "DANGER_OVERRIDE_RANGE_MULT": 8.946498415319939,
  "DANGER_DIRECT_RATIO": 1.0924095523173543,
  "CHASE_RANGE_MULT": 7.974087102694165,
  "CHASE_LEAD_TICKS": 2.809590528886072,
  "CHASE_MIN_CLOSING_RATE": -1.0422778275299927,
  "CHASE_CLOSE_WEIGHT": 51.12428949138279,
  "SPLIT_RANGE_SAFETY_MULT": 0.7832287074052996,
  "SPLIT_TARGET_MIN_RADIUS_MULT": 0.1965775488045933,
  "VIRUS_FARM_MAX_RADIUS": 23.40088495345297
}