{
  "TURN_WEIGHT": 51.46592038265672,
  "FOOD_CLUSTER_WEIGHT": 1.0602002881930501,
  "FOOD_DISTANCE_POWER": 1.4277346991641586,
  "DANGER_OVERRIDE_RANGE_MULT": 10.927785017008546,
  "DANGER_DIRECT_RATIO": 1.0470615100476137,
  "CHASE_RANGE_MULT": 4.116126719797227,
  "CHASE_LEAD_TICKS": 3.9251214068697005,
  "CHASE_MIN_CLOSING_RATE": -2.328403705057199,
  "CHASE_CLOSE_WEIGHT": 13.766636116982857,
  "SPLIT_RANGE_SAFETY_MULT": 0.7641422847923357,
  "SPLIT_TARGET_MIN_RADIUS_MULT": 0.09966793763397495,
  "VIRUS_FARM_MAX_RADIUS": 16.58871921031576
}