{
  "TURN_WEIGHT": 38.43954640015611,
  "FOOD_CLUSTER_WEIGHT": 0.9063397675095066,
  "FOOD_DISTANCE_POWER": 1.5401021363456575,
  "DANGER_OVERRIDE_RANGE_MULT": 5.501024251942493,
  "DANGER_DIRECT_RATIO": 1.0207482889680595,
  "CHASE_RANGE_MULT": 3.570242299040286,
  "CHASE_LEAD_TICKS": 4.061562781058992,
  "CHASE_MIN_CLOSING_RATE": -1.83926313238647,
  "CHASE_CLOSE_WEIGHT": 23.368082164890954,
  "SPLIT_RANGE_SAFETY_MULT": 0.7008666643605593,
  "SPLIT_TARGET_MIN_RADIUS_MULT": 0.1401212530222994,
  "VIRUS_FARM_MAX_RADIUS": 16.5047356449297
}