{
  "TURN_WEIGHT": 63.56434163283057,
  "FOOD_CLUSTER_WEIGHT": 0.7969992393150348,
  "FOOD_DISTANCE_POWER": 1.5514665964999856,
  "DANGER_OVERRIDE_RANGE_MULT": 6.526935693776225,
  "DANGER_DIRECT_RATIO": 1.0499795454720646,
  "CHASE_RANGE_MULT": 4.794154427813089,
  "CHASE_LEAD_TICKS": 3.799003408712485,
  "CHASE_MIN_CLOSING_RATE": -2.0164711369560555,
  "CHASE_CLOSE_WEIGHT": 23.151751102783773,
  "SPLIT_RANGE_SAFETY_MULT": 0.6651371112796881,
  "SPLIT_TARGET_MIN_RADIUS_MULT": 0.1102085327726057,
  "VIRUS_FARM_MAX_RADIUS": 15.174913846792506
}