{
  "TURN_WEIGHT": 69.63229894571445,
  "FOOD_CLUSTER_WEIGHT": 0.6199482850939192,
  "FOOD_DISTANCE_POWER": 0.9780906144687675,
  "DANGER_OVERRIDE_RANGE_MULT": 10.399524179218195,
  "DANGER_DIRECT_RATIO": 1.0552311828790917,
  "CHASE_RANGE_MULT": 7.437322532786123,
  "CHASE_LEAD_TICKS": 1.654313163890568,
  "CHASE_MIN_CLOSING_RATE": -1.6422466096387387,
  "CHASE_CLOSE_WEIGHT": 44.24767495134549,
  "SPLIT_RANGE_SAFETY_MULT": 0.7404348854210996,
  "SPLIT_TARGET_MIN_RADIUS_MULT": 0.29451295790637383,
  "VIRUS_FARM_MAX_RADIUS": 19.273705445576695
}