{
  "TURN_WEIGHT": 41.074330798180995,
  "FOOD_CLUSTER_WEIGHT": 0.9033485345597669,
  "FOOD_DISTANCE_POWER": 1.529321912876239,
  "DANGER_OVERRIDE_RANGE_MULT": 5.957230597969707,
  "DANGER_DIRECT_RATIO": 1.064640846468506,
  "CHASE_RANGE_MULT": 4.245241978209949,
  "CHASE_LEAD_TICKS": 3.4825276052815637,
  "CHASE_MIN_CLOSING_RATE": -1.64908251585071,
  "CHASE_CLOSE_WEIGHT": 14.848837146215537,
  "SPLIT_RANGE_SAFETY_MULT": 0.7061333996782018,
  "SPLIT_TARGET_MIN_RADIUS_MULT": 0.13540201263902288,
  "VIRUS_FARM_MAX_RADIUS": 17.74603324841139
}