{
  "TURN_WEIGHT": 66.2424618636706,
  "FOOD_CLUSTER_WEIGHT": 0.778275005293119,
  "FOOD_DISTANCE_POWER": 1.3236349181798843,
  "DANGER_OVERRIDE_RANGE_MULT": 8.333430040087425,
  "DANGER_DIRECT_RATIO": 1.0659611205257857,
  "CHASE_RANGE_MULT": 3.690050575575169,
  "CHASE_LEAD_TICKS": 1.3107661404172442,
  "CHASE_MIN_CLOSING_RATE": -0.5493587639072297,
  "CHASE_CLOSE_WEIGHT": 19.01162778624024,
  "SPLIT_RANGE_SAFETY_MULT": 0.7346092316327199,
  "SPLIT_TARGET_MIN_RADIUS_MULT": 0.261621482687699,
  "VIRUS_FARM_MAX_RADIUS": 17.268458484106855
}