{
  "TURN_WEIGHT": 36.41326246232875,
  "FOOD_CLUSTER_WEIGHT": 0.6200291675206525,
  "FOOD_DISTANCE_POWER": 1.0777839482779006,
  "DANGER_OVERRIDE_RANGE_MULT": 7.159717801972103,
  "DANGER_DIRECT_RATIO": 1.0209602999181107,
  "CHASE_RANGE_MULT": 6.1075851504976395,
  "CHASE_LEAD_TICKS": 3.354954191951742,
  "CHASE_MIN_CLOSING_RATE": -1.4818412951478996,
  "CHASE_CLOSE_WEIGHT": 18.14821001443639,
  "SPLIT_RANGE_SAFETY_MULT": 0.6941644025151371,
  "SPLIT_TARGET_MIN_RADIUS_MULT": 0.2472270657373381,
  "VIRUS_FARM_MAX_RADIUS": 16.293457791878065
}