{
  "TURN_WEIGHT": 106.04820923910418,
  "FOOD_CLUSTER_WEIGHT": 0.7981803123674731,
  "FOOD_DISTANCE_POWER": 1.5283074738213531,
  "DANGER_OVERRIDE_RANGE_MULT": 9.743206633370843,
  "DANGER_DIRECT_RATIO": 1.0661624412742203,
  "CHASE_RANGE_MULT": 7.938568643193669,
  "CHASE_LEAD_TICKS": 3.920601892091719,
  "CHASE_MIN_CLOSING_RATE": -1.1245125196113297,
  "CHASE_CLOSE_WEIGHT": 39.13426238168754,
  "SPLIT_RANGE_SAFETY_MULT": 0.7503715887707619,
  "SPLIT_TARGET_MIN_RADIUS_MULT": 0.15336985077150822,
  "VIRUS_FARM_MAX_RADIUS": 12.953111284821782
}