{
  "TURN_WEIGHT": 58.372770298249264,
  "FOOD_CLUSTER_WEIGHT": 0.8562609692537021,
  "FOOD_DISTANCE_POWER": 1.2404898436541356,
  "DANGER_OVERRIDE_RANGE_MULT": 6.484228428347917,
  "DANGER_DIRECT_RATIO": 1.025872940826677,
  "CHASE_RANGE_MULT": 5.588041725011181,
  "CHASE_LEAD_TICKS": 4.023604277552202,
  "CHASE_MIN_CLOSING_RATE": -2.1073958993088366,
  "CHASE_CLOSE_WEIGHT": 37.03362207630322,
  "SPLIT_RANGE_SAFETY_MULT": 0.6907490314494178,
  "SPLIT_TARGET_MIN_RADIUS_MULT": 0.1342581549678196,
  "VIRUS_FARM_MAX_RADIUS": 19.181253750330626
}