{
  "TURN_WEIGHT": 113.33332549206716,
  "FOOD_CLUSTER_WEIGHT": 0.6890928793150971,
  "FOOD_DISTANCE_POWER": 1.0148351921066334,
  "DANGER_OVERRIDE_RANGE_MULT": 10.333964822991632,
  "DANGER_DIRECT_RATIO": 1.113705362776852,
  "CHASE_RANGE_MULT": 6.5678311120439545,
  "CHASE_LEAD_TICKS": 2.316900265183691,
  "CHASE_MIN_CLOSING_RATE": -0.8449247116604377,
  "CHASE_CLOSE_WEIGHT": 27.38110204416195,
  "SPLIT_RANGE_SAFETY_MULT": 0.7254219551359916,
  "SPLIT_TARGET_MIN_RADIUS_MULT": 0.1299606704735001,
  "VIRUS_FARM_MAX_RADIUS": 21.606697200259752
}