{
  "TURN_WEIGHT": 84.1723010924675,
  "FOOD_CLUSTER_WEIGHT": 0.7580100708701143,
  "FOOD_DISTANCE_POWER": 1.1244717726574134,
  "DANGER_OVERRIDE_RANGE_MULT": 9.851089296426792,
  "DANGER_DIRECT_RATIO": 1.0744769438461055,
  "CHASE_RANGE_MULT": 6.998305932541443,
  "CHASE_LEAD_TICKS": 1.96028881489051,
  "CHASE_MIN_CLOSING_RATE": -1.985563163622194,
  "CHASE_CLOSE_WEIGHT": 37.5486256275565,
  "SPLIT_RANGE_SAFETY_MULT": 0.7598851432243007,
  "SPLIT_TARGET_MIN_RADIUS_MULT": 0.2732106464394155,
  "VIRUS_FARM_MAX_RADIUS": 18.007953063071263
}