{
  "TURN_WEIGHT": 32.91689543799679,
  "FOOD_CLUSTER_WEIGHT": 0.8774977354507509,
  "FOOD_DISTANCE_POWER": 1.5415339804873247,
  "DANGER_OVERRIDE_RANGE_MULT": 5.595399787433643,
  "DANGER_DIRECT_RATIO": 1.0204991486678936,
  "CHASE_RANGE_MULT": 3.716896995352298,
  "CHASE_LEAD_TICKS": 4.027555341814152,
  "CHASE_MIN_CLOSING_RATE": -1.805786941193751,
  "CHASE_CLOSE_WEIGHT": 16.33763766486188,
  "SPLIT_RANGE_SAFETY_MULT": 0.6963025015886647,
  "SPLIT_TARGET_MIN_RADIUS_MULT": 0.08649615652779959,
  "VIRUS_FARM_MAX_RADIUS": 17.01326680363282
}