{
  "TURN_WEIGHT": 24.736706254339904,
  "FOOD_CLUSTER_WEIGHT": 0.7070713334203086,
  "FOOD_DISTANCE_POWER": 1.5593681266731125,
  "DANGER_OVERRIDE_RANGE_MULT": 6.055198654861243,
  "DANGER_DIRECT_RATIO": 1.020002776614528,
  "CHASE_RANGE_MULT": 3.558937826071599,
  "CHASE_LEAD_TICKS": 4.032199298268333,
  "CHASE_MIN_CLOSING_RATE": -1.6393365851257966,
  "CHASE_CLOSE_WEIGHT": 21.303297270356147,
  "SPLIT_RANGE_SAFETY_MULT": 0.7209557087656331,
  "SPLIT_TARGET_MIN_RADIUS_MULT": 0.09813754469720748,
  "VIRUS_FARM_MAX_RADIUS": 13.137891494006801
}