{
  "TURN_WEIGHT": 93.54164836492305,
  "FOOD_CLUSTER_WEIGHT": 0.5577105714337511,
  "FOOD_DISTANCE_POWER": 0.8829672306148025,
  "DANGER_OVERRIDE_RANGE_MULT": 6.568572938119614,
  "DANGER_DIRECT_RATIO": 1.0780657329164602,
  "CHASE_RANGE_MULT": 3.7815797514590472,
  "CHASE_LEAD_TICKS": 2.0927018460455056,
  "CHASE_MIN_CLOSING_RATE": -0.14092275020621248,
  "CHASE_CLOSE_WEIGHT": 24.140553788054874,
  "SPLIT_RANGE_SAFETY_MULT": 0.7062156447760972,
  "SPLIT_TARGET_MIN_RADIUS_MULT": 0.1695881809095654,
  "VIRUS_FARM_MAX_RADIUS": 21.911884835435572
}