{
  "TURN_WEIGHT": 55.41805017613782,
  "FOOD_CLUSTER_WEIGHT": 0.6783970942690266,
  "FOOD_DISTANCE_POWER": 1.0532356605182378,
  "DANGER_OVERRIDE_RANGE_MULT": 9.40773151319192,
  "DANGER_DIRECT_RATIO": 1.0551372701801411,
  "CHASE_RANGE_MULT": 6.477852994632125,
  "CHASE_LEAD_TICKS": 1.2393393286395906,
  "CHASE_MIN_CLOSING_RATE": -1.2800691905529473,
  "CHASE_CLOSE_WEIGHT": 29.897533792078832,
  "SPLIT_RANGE_SAFETY_MULT": 0.7161769999551414,
  "SPLIT_TARGET_MIN_RADIUS_MULT": 0.23647011998681697,
  "VIRUS_FARM_MAX_RADIUS": 22.52659924447063
}