{
  "TURN_WEIGHT": 79.67673758794719,
  "FOOD_CLUSTER_WEIGHT": 0.16453231883898695,
  "FOOD_DISTANCE_POWER": 1.1741346158199095,
  "DANGER_OVERRIDE_RANGE_MULT": 8.052692878755968,
  "DANGER_DIRECT_RATIO": 1.061436788079382,
  "CHASE_RANGE_MULT": 6.2847438453680375,
  "CHASE_LEAD_TICKS": 1.8930082417051763,
  "CHASE_MIN_CLOSING_RATE": -2.120714344642535,
  "CHASE_CLOSE_WEIGHT": 28.7452116789698,
  "SPLIT_RANGE_SAFETY_MULT": 0.7830530543602467,
  "SPLIT_TARGET_MIN_RADIUS_MULT": 0.1592127431651557,
  "VIRUS_FARM_MAX_RADIUS": 18.62400261302617
}