{
  "TURN_WEIGHT": 46.06713034255585,
  "FOOD_CLUSTER_WEIGHT": 0.9781966763355351,
  "FOOD_DISTANCE_POWER": 1.3460424526502255,
  "DANGER_OVERRIDE_RANGE_MULT": 10.215736199613218,
  "DANGER_DIRECT_RATIO": 1.0407238372725445,
  "CHASE_RANGE_MULT": 4.311940700993719,
  "CHASE_LEAD_TICKS": 3.255661696620554,
  "CHASE_MIN_CLOSING_RATE": -1.5212802761043023,
  "CHASE_CLOSE_WEIGHT": 41.88015749633843,
  "SPLIT_RANGE_SAFETY_MULT": 0.7300415207745007,
  "SPLIT_TARGET_MIN_RADIUS_MULT": 0.23414314949778753,
  "VIRUS_FARM_MAX_RADIUS": 13.91891188713851
}