{
  "TURN_WEIGHT": 43.09018725618947,
  "FOOD_CLUSTER_WEIGHT": 1.0397842489429323,
  "FOOD_DISTANCE_POWER": 1.5759101864436529,
  "DANGER_OVERRIDE_RANGE_MULT": 5.817473208288957,
  "DANGER_DIRECT_RATIO": 1.0301224875862514,
  "CHASE_RANGE_MULT": 5.416292074013732,
  "CHASE_LEAD_TICKS": 3.7539216868621317,
  "CHASE_MIN_CLOSING_RATE": -1.3784191047830012,
  "CHASE_CLOSE_WEIGHT": 12.709906396821514,
  "SPLIT_RANGE_SAFETY_MULT": 0.7173729719919607,
  "SPLIT_TARGET_MIN_RADIUS_MULT": 0.1734929293603012,
  "VIRUS_FARM_MAX_RADIUS": 18.60649664731258
}