{
  "TURN_WEIGHT": 34.80105837364267,
  "FOOD_CLUSTER_WEIGHT": 0.8670396184591003,
  "FOOD_DISTANCE_POWER": 1.3954679212402539,
  "DANGER_OVERRIDE_RANGE_MULT": 5.573737879841209,
  "DANGER_DIRECT_RATIO": 1.024085794355102,
  "CHASE_RANGE_MULT": 3.6963892196474095,
  "CHASE_LEAD_TICKS": 4.078430366197635,
  "CHASE_MIN_CLOSING_RATE": -1.8023133293983404,
  "CHASE_CLOSE_WEIGHT": 15.394276060792873,
  "SPLIT_RANGE_SAFETY_MULT": 0.6973821309580244,
  "SPLIT_TARGET_MIN_RADIUS_MULT": 0.08457295859430294,
  "VIRUS_FARM_MAX_RADIUS": 16.36420934952198
}