{
  "TURN_WEIGHT": 53.35135469785463,
  "FOOD_CLUSTER_WEIGHT": 0.4795721170222679,
  "FOOD_DISTANCE_POWER": 1.192492053952719,
  "DANGER_OVERRIDE_RANGE_MULT": 9.026904089229925,
  "DANGER_DIRECT_RATIO": 1.0874432266330671,
  "CHASE_RANGE_MULT": 7.886562688546891,
  "CHASE_LEAD_TICKS": 3.058698919896653,
  "CHASE_MIN_CLOSING_RATE": -1.2169224099761442,
  "CHASE_CLOSE_WEIGHT": 49.86792532821716,
  "SPLIT_RANGE_SAFETY_MULT": 0.7918564983314106,
  "SPLIT_TARGET_MIN_RADIUS_MULT": 0.20100668824120463,
  "VIRUS_FARM_MAX_RADIUS": 22.631631563934622
}