{
  "TURN_WEIGHT": 30.592839173441632,
  "FOOD_CLUSTER_WEIGHT": 0.38988081299015837,
  "FOOD_DISTANCE_POWER": 1.052284498260718,
  "DANGER_OVERRIDE_RANGE_MULT": 10.566724395670892,
  "DANGER_DIRECT_RATIO": 1.079066843841741,
  "CHASE_RANGE_MULT": 7.569455790824987,
  "CHASE_LEAD_TICKS": 3.9253792610847666,
  "CHASE_MIN_CLOSING_RATE": -0.7561068799330533,
  "CHASE_CLOSE_WEIGHT": 31.62892314789218,
  "SPLIT_RANGE_SAFETY_MULT": 0.7027083736780391,
  "SPLIT_TARGET_MIN_RADIUS_MULT": 0.21157521468526136,
  "VIRUS_FARM_MAX_RADIUS": 19.665297412360854
}