{
  "TURN_WEIGHT": 36.15565392921119,
  "FOOD_CLUSTER_WEIGHT": 0.886347568965567,
  "FOOD_DISTANCE_POWER": 1.5930934870775448,
  "DANGER_OVERRIDE_RANGE_MULT": 7.031631472000139,
  "DANGER_DIRECT_RATIO": 1.0337099892075643,
  "CHASE_RANGE_MULT": 4.0624508741647745,
  "CHASE_LEAD_TICKS": 3.6284692754379475,
  "CHASE_MIN_CLOSING_RATE": -1.773892505127635,
  "CHASE_CLOSE_WEIGHT": 29.80333825927523,
  "SPLIT_RANGE_SAFETY_MULT": 0.675141095249107,
  "SPLIT_TARGET_MIN_RADIUS_MULT": 0.12118290869710771,
  "VIRUS_FARM_MAX_RADIUS": 14.210965059795354
}