{
  "TURN_WEIGHT": 47.847290461636334,
  "FOOD_CLUSTER_WEIGHT": 1.022375077309538,
  "FOOD_DISTANCE_POWER": 1.1449831283564165,
  "DANGER_OVERRIDE_RANGE_MULT": 10.579363416501481,
  "DANGER_DIRECT_RATIO": 1.0315380018986506,
  "CHASE_RANGE_MULT": 4.49780507864793,
  "CHASE_LEAD_TICKS": 3.9648338169920248,
  "CHASE_MIN_CLOSING_RATE": -2.4515170252107525,
  "CHASE_CLOSE_WEIGHT": 46.14968404620753,
  "SPLIT_RANGE_SAFETY_MULT": 0.682846636350587,
  "SPLIT_TARGET_MIN_RADIUS_MULT": 0.21904143792964764,
  "VIRUS_FARM_MAX_RADIUS": 17.0984645531276
}