{
  "TURN_WEIGHT": 51.97166184715772,
  "FOOD_CLUSTER_WEIGHT": 1.0250220088390356,
  "FOOD_DISTANCE_POWER": 1.1325865688854782,
  "DANGER_OVERRIDE_RANGE_MULT": 10.831223766967698,
  "DANGER_DIRECT_RATIO": 1.0419024560677443,
  "CHASE_RANGE_MULT": 4.416967171798392,
  "CHASE_LEAD_TICKS": 3.815987575138476,
  "CHASE_MIN_CLOSING_RATE": -2.1572620969975604,
  "CHASE_CLOSE_WEIGHT": 45.1809960002994,
  "SPLIT_RANGE_SAFETY_MULT": 0.6672374291056988,
  "SPLIT_TARGET_MIN_RADIUS_MULT": 0.2486525539172777,
  "VIRUS_FARM_MAX_RADIUS": 17.139196079731093
}