{
  "TURN_WEIGHT": 39.43630348135122,
  "FOOD_CLUSTER_WEIGHT": 0.34090810689991663,
  "FOOD_DISTANCE_POWER": 1.0928214319976595,
  "DANGER_OVERRIDE_RANGE_MULT": 8.818821631348605,
  "DANGER_DIRECT_RATIO": 1.0858079975408164,
  "CHASE_RANGE_MULT": 7.25005799790285,
  "CHASE_LEAD_TICKS": 3.5862943861441394,
  "CHASE_MIN_CLOSING_RATE": -0.46631410315789346,
  "CHASE_CLOSE_WEIGHT": 46.77108435476197,
  "SPLIT_RANGE_SAFETY_MULT": 0.7725283567555347,
  "SPLIT_TARGET_MIN_RADIUS_MULT": 0.15473346867509125,
  "VIRUS_FARM_MAX_RADIUS": 23.91187879948394
}