{
  "TURN_WEIGHT": 26.736802465244345,
  "FOOD_CLUSTER_WEIGHT": 0.9974158546805829,
  "FOOD_DISTANCE_POWER": 1.4423145607180519,
  "DANGER_OVERRIDE_RANGE_MULT": 7.524487084846315,
  "DANGER_DIRECT_RATIO": 1.039650149417856,
  "CHASE_RANGE_MULT": 4.594143180772664,
  "CHASE_LEAD_TICKS": 3.412399246414568,
  "CHASE_MIN_CLOSING_RATE": -1.5795585555517988,
  "CHASE_CLOSE_WEIGHT": 56.084835625623775,
  "SPLIT_RANGE_SAFETY_MULT": 0.7363724973150778,
  "SPLIT_TARGET_MIN_RADIUS_MULT": 0.25063932647091,
  "VIRUS_FARM_MAX_RADIUS": 12.887403641982802
}