{
  "TURN_WEIGHT": 71.69199632555146,
  "FOOD_CLUSTER_WEIGHT": 0.5948697891265763,
  "FOOD_DISTANCE_POWER": 0.864088973638186,
  "DANGER_OVERRIDE_RANGE_MULT": 10.965809819641455,
  "DANGER_DIRECT_RATIO": 1.0568427979940038,
  "CHASE_RANGE_MULT": 4.064317268635003,
  "CHASE_LEAD_TICKS": 2.1955845913262544,
  "CHASE_MIN_CLOSING_RATE": -0.2836917370725458,
  "CHASE_CLOSE_WEIGHT": 35.31176148927727,
  "SPLIT_RANGE_SAFETY_MULT": 0.6793832571976048,
  "SPLIT_TARGET_MIN_RADIUS_MULT": 0.2699282292123538,
  "VIRUS_FARM_MAX_RADIUS": 23.248685122800932
}