{
  "TURN_WEIGHT": 102.02590322236483,
  "FOOD_CLUSTER_WEIGHT": 0.3149534116851467,
  "FOOD_DISTANCE_POWER": 1.4200984781051278,
  "DANGER_OVERRIDE_RANGE_MULT": 7.714951809141013,
  "DANGER_DIRECT_RATIO": 1.138614418214993,
  "CHASE_RANGE_MULT": 7.220003579338757,
  "CHASE_LEAD_TICKS": 3.696155498320521,
  "CHASE_MIN_CLOSING_RATE": -0.678128311243786,
  "CHASE_CLOSE_WEIGHT": 39.47990607600821,
  "SPLIT_RANGE_SAFETY_MULT": 0.6791456354967057,
  "SPLIT_TARGET_MIN_RADIUS_MULT": 0.12142744215539254,
  "VIRUS_FARM_MAX_RADIUS": 18.523793354239345
}