{
  "TURN_WEIGHT": 45.95794035994105,
  "FOOD_CLUSTER_WEIGHT": 0.9364876875327565,
  "FOOD_DISTANCE_POWER": 1.4897338603043144,
  "DANGER_OVERRIDE_RANGE_MULT": 6.2920543344052575,
  "DANGER_DIRECT_RATIO": 1.0204663427772342,
  "CHASE_RANGE_MULT": 3.7604948952627564,
  "CHASE_LEAD_TICKS": 4.069114577361338,
  "CHASE_MIN_CLOSING_RATE": -2.2710304307260443,
  "CHASE_CLOSE_WEIGHT": 21.675398482158148,
  "SPLIT_RANGE_SAFETY_MULT": 0.6867129549758914,
  "SPLIT_TARGET_MIN_RADIUS_MULT": 0.09088801465756358,
  "VIRUS_FARM_MAX_RADIUS": 17.595588260367816
}