{
  "TURN_WEIGHT": 62.57562500910125,
  "FOOD_CLUSTER_WEIGHT": 0.8662273803057728,
  "FOOD_DISTANCE_POWER": 1.5005774099145808,
  "DANGER_OVERRIDE_RANGE_MULT": 9.622936472914063,
  "DANGER_DIRECT_RATIO": 1.0716666569393725,
  "CHASE_RANGE_MULT": 5.390359379140824,
  "CHASE_LEAD_TICKS": 2.8607274289937887,
  "CHASE_MIN_CLOSING_RATE": -1.3362925567103994,
  "CHASE_CLOSE_WEIGHT": 53.07845682931742,
  "SPLIT_RANGE_SAFETY_MULT": 0.8229840671418623,
  "SPLIT_TARGET_MIN_RADIUS_MULT": 0.09628978747443238,
  "VIRUS_FARM_MAX_RADIUS": 15.847907803564073
}