{
  "TURN_WEIGHT": 20.14986349970694,
  "FOOD_CLUSTER_WEIGHT": 0.7186155494314307,
  "FOOD_DISTANCE_POWER": 1.522704125546218,
  "DANGER_OVERRIDE_RANGE_MULT": 6.98543667078863,
  "DANGER_DIRECT_RATIO": 1.0601137221125818,
  "CHASE_RANGE_MULT": 3.91919942533721,
  "CHASE_LEAD_TICKS": 3.870107214094955,
  "CHASE_MIN_CLOSING_RATE": -2.2518405681124207,
  "CHASE_CLOSE_WEIGHT": 20.843452483604406,
  "SPLIT_RANGE_SAFETY_MULT": 0.6881833362859272,
  "SPLIT_TARGET_MIN_RADIUS_MULT": 0.12759100933108133,
  "VIRUS_FARM_MAX_RADIUS": 16.815907524261426
}