{
  "TURN_WEIGHT": 58.24637069175554,
  "FOOD_CLUSTER_WEIGHT": 0.9147767249969313,
  "FOOD_DISTANCE_POWER": 0.9259437313795429,
  "DANGER_OVERRIDE_RANGE_MULT": 9.32146535513081,
  "DANGER_DIRECT_RATIO": 1.0670043158310225,
  "CHASE_RANGE_MULT": 3.9168585597356347,
  "CHASE_LEAD_TICKS": 3.999396191563352,
  "CHASE_MIN_CLOSING_RATE": -1.4751192989488067,
  "CHASE_CLOSE_WEIGHT": 39.910565645361366,
  "SPLIT_RANGE_SAFETY_MULT": 0.7639594020631043,
  "SPLIT_TARGET_MIN_RADIUS_MULT": 0.081581512388009,
  "VIRUS_FARM_MAX_RADIUS": 21.850187591018717
}