{
  "TURN_WEIGHT": 139.70685261169524,
  "CHASE_RANGE_MULT": 5.334948648241248,
  "CHASE_LEAD_TICKS": 3.1554004726207285,
  "CHASE_CLOSE_WEIGHT": 28.592675821381242,
  "SPLIT_RANGE_SAFETY_MULT": 0.7776707316122901,
  "VIRUS_FARM_MAX_RADIUS": 17.611368699490004
}