{
  "TURN_WEIGHT": 42.3241040107294,
  "CHASE_RANGE_MULT": 5.601877624773304,
  "CHASE_LEAD_TICKS": 3.9255952521316866,
  "CHASE_CLOSE_WEIGHT": 33.719827512496494,
  "SPLIT_RANGE_SAFETY_MULT": 0.834304410982594,
  "VIRUS_FARM_MAX_RADIUS": 20.49878668221697
}