{
  "TURN_WEIGHT": 48.69856087700523,
  "CHASE_RANGE_MULT": 5.57489304815934,
  "CHASE_LEAD_TICKS": 3.946014269790579,
  "CHASE_CLOSE_WEIGHT": 33.711826793423064,
  "SPLIT_RANGE_SAFETY_MULT": 0.8159498036020658,
  "VIRUS_FARM_MAX_RADIUS": 20.216894162259223
}