{
  "TURN_WEIGHT": 68.60538216605156,
  "CHASE_RANGE_MULT": 8.811475049335499,
  "CHASE_LEAD_TICKS": 3.425782330547195,
  "CHASE_CLOSE_WEIGHT": 39.63236008658896,
  "SPLIT_RANGE_SAFETY_MULT": 0.6916330923809443,
  "VIRUS_FARM_MAX_RADIUS": 13.643004586125938
}