{
  "TURN_WEIGHT": 56.519876630868445,
  "CHASE_RANGE_MULT": 6.219934902522074,
  "CHASE_LEAD_TICKS": 2.924711670693439,
  "CHASE_CLOSE_WEIGHT": 39.90857652982805,
  "SPLIT_RANGE_SAFETY_MULT": 0.7631787944167937,
  "VIRUS_FARM_MAX_RADIUS": 21.559608057655243
}