{
  "TURN_WEIGHT": 71.06653276904572,
  "CHASE_RANGE_MULT": 5.82321054888673,
  "CHASE_LEAD_TICKS": 1.9172028786476814,
  "CHASE_CLOSE_WEIGHT": 37.342241417700784,
  "SPLIT_RANGE_SAFETY_MULT": 0.8202889795229106,
  "VIRUS_FARM_MAX_RADIUS": 23.98620719401275
}