{
  "TURN_WEIGHT": 80.9524950598442,
  "CHASE_RANGE_MULT": 7.03207444902404,
  "CHASE_LEAD_TICKS": 3.5165103506311355,
  "CHASE_CLOSE_WEIGHT": 37.91830869668784,
  "SPLIT_RANGE_SAFETY_MULT": 0.746043648044707,
  "VIRUS_FARM_MAX_RADIUS": 12.000259156164297
}