{
  "TURN_WEIGHT": 100.53185529401756,
  "CHASE_RANGE_MULT": 7.7997503017598575,
  "CHASE_LEAD_TICKS": 3.0785369098801425,
  "CHASE_CLOSE_WEIGHT": 37.8579760943539,
  "SPLIT_RANGE_SAFETY_MULT": 0.8400022277978599,
  "VIRUS_FARM_MAX_RADIUS": 14.053936491387562
}