{
  "TURN_WEIGHT": 69.75672820151686,
  "CHASE_RANGE_MULT": 8.746339049628817,
  "CHASE_LEAD_TICKS": 2.207027689402744,
  "CHASE_CLOSE_WEIGHT": 19.495419303479622,
  "SPLIT_RANGE_SAFETY_MULT": 0.7314438008268777,
  "VIRUS_FARM_MAX_RADIUS": 21.911884835435572
}