{
  "TURN_WEIGHT": 51.81742322172197,
  "CHASE_RANGE_MULT": 5.982873902361065,
  "CHASE_LEAD_TICKS": 2.9321797449239426,
  "CHASE_CLOSE_WEIGHT": 34.40411147735173,
  "SPLIT_RANGE_SAFETY_MULT": 0.8094986285878198,
  "VIRUS_FARM_MAX_RADIUS": 22.18774709175893
}