{
  "TURN_WEIGHT": 50.24580706794103,
  "CHASE_RANGE_MULT": 6.284968257271806,
  "CHASE_LEAD_TICKS": 3.7063715206891836,
  "CHASE_CLOSE_WEIGHT": 38.145617453456474,
  "SPLIT_RANGE_SAFETY_MULT": 0.844149485915826,
  "VIRUS_FARM_MAX_RADIUS": 13.950937775396692
}