{
  "TURN_WEIGHT": 90.67006631921282,
  "CHASE_RANGE_MULT": 5.7126392147066145,
  "CHASE_LEAD_TICKS": 2.350470718547984,
  "CHASE_CLOSE_WEIGHT": 39.28521184172204,
  "SPLIT_RANGE_SAFETY_MULT": 0.6868609158240724,
  "VIRUS_FARM_MAX_RADIUS": 14.907266071506227
}