{
  "TURN_WEIGHT": 96.32546065250716,
  "CHASE_RANGE_MULT": 5.594478445273808,
  "CHASE_LEAD_TICKS": 3.9362627347125283,
  "CHASE_CLOSE_WEIGHT": 31.740993278913066,
  "SPLIT_RANGE_SAFETY_MULT": 0.783226122683817,
  "VIRUS_FARM_MAX_RADIUS": 19.941841180398548
}