{
  "TURN_WEIGHT": 59.05723791630247,
  "CHASE_RANGE_MULT": 7.506836647130822,
  "CHASE_LEAD_TICKS": 2.1500216846093467,
  "CHASE_CLOSE_WEIGHT": 36.76974345135433,
  "SPLIT_RANGE_SAFETY_MULT": 0.6886593661485633,
  "VIRUS_FARM_MAX_RADIUS": 18.53363798629972
}