{
  "TURN_WEIGHT": 41.818195144435784,
  "CHASE_RANGE_MULT": 5.15509521561248,
  "CHASE_LEAD_TICKS": 3.690342668791129,
  "CHASE_CLOSE_WEIGHT": 39.48350927431365,
  "SPLIT_RANGE_SAFETY_MULT": 0.7219276951247251,
  "VIRUS_FARM_MAX_RADIUS": 20.83105196723722
}