{
  "TURN_WEIGHT": 111.11372327826365,
  "CHASE_RANGE_MULT": 6.084012436082823,
  "CHASE_LEAD_TICKS": 2.8736124197904473,
  "CHASE_CLOSE_WEIGHT": 39.57934639270054,
  "SPLIT_RANGE_SAFETY_MULT": 0.7691882143404413,
  "VIRUS_FARM_MAX_RADIUS": 21.261042913634775
}