{
  "TURN_WEIGHT": 44.00377705699104,
  "CHASE_RANGE_MULT": 5.6474551775856545,
  "CHASE_LEAD_TICKS": 3.3778827649108996,
  "CHASE_CLOSE_WEIGHT": 38.84473004540877,
  "SPLIT_RANGE_SAFETY_MULT": 0.7992075679164958,
  "VIRUS_FARM_MAX_RADIUS": 16.019468168545618
}