{
  "TURN_WEIGHT": 123.19900129914033,
  "CHASE_RANGE_MULT": 7.8753612136072135,
  "CHASE_LEAD_TICKS": 2.6731345368677815,
  "CHASE_CLOSE_WEIGHT": 36.28508237188781,
  "SPLIT_RANGE_SAFETY_MULT": 0.7058575809371965,
  "VIRUS_FARM_MAX_RADIUS": 12.979633167466103
}