{
  "TURN_WEIGHT": 78.25949509514957,
  "CHASE_RANGE_MULT": 5.132286448878357,
  "CHASE_LEAD_TICKS": 2.013615302323683,
  "CHASE_CLOSE_WEIGHT": 32.70469549282516,
  "SPLIT_RANGE_SAFETY_MULT": 0.756765654955967,
  "VIRUS_FARM_MAX_RADIUS": 16.832175214585643
}