{
  "TURN_WEIGHT": 109.04593137000276,
  "CHASE_RANGE_MULT": 6.227708743863868,
  "CHASE_LEAD_TICKS": 2.6536061322401334,
  "CHASE_CLOSE_WEIGHT": 30.9062996372475,
  "SPLIT_RANGE_SAFETY_MULT": 0.6671461207705053,
  "VIRUS_FARM_MAX_RADIUS": 14.808199767429846
}