{
  "TURN_WEIGHT": 54.921147693026136,
  "CHASE_RANGE_MULT": 6.7264539514136175,
  "CHASE_LEAD_TICKS": 2.259279827593002,
  "CHASE_CLOSE_WEIGHT": 20.449472446403433,
  "SPLIT_RANGE_SAFETY_MULT": 0.6514773844894008,
  "VIRUS_FARM_MAX_RADIUS": 18.95356040132704
}