{
  "TURN_WEIGHT": 92.24588782237448,
  "CHASE_RANGE_MULT": 4.811025039905242,
  "CHASE_LEAD_TICKS": 1.7255917457209629,
  "CHASE_CLOSE_WEIGHT": 14.351100023533391,
  "SPLIT_RANGE_SAFETY_MULT": 0.7145601105399597,
  "VIRUS_FARM_MAX_RADIUS": 22.930840798333364
}