{
  "TURN_WEIGHT": 83.88350461771071,
  "CHASE_RANGE_MULT": 7.204427144816888,
  "CHASE_LEAD_TICKS": 3.654131862682439,
  "CHASE_CLOSE_WEIGHT": 36.68632009195965,
  "SPLIT_RANGE_SAFETY_MULT": 0.8465988602552258,
  "VIRUS_FARM_MAX_RADIUS": 15.038216833713676
}