{
  "TURN_WEIGHT": 63.72717046819094,
  "CHASE_RANGE_MULT": 4.5667445469297245,
  "CHASE_LEAD_TICKS": 3.221448071081883,
  "CHASE_CLOSE_WEIGHT": 35.50939243020231,
  "SPLIT_RANGE_SAFETY_MULT": 0.8210086822811286,
  "VIRUS_FARM_MAX_RADIUS": 23.803600466156134
}