{
  "TURN_WEIGHT": 130.83738022899,
  "CHASE_RANGE_MULT": 4.8088733308970415,
  "CHASE_LEAD_TICKS": 1.6883318058491428,
  "CHASE_CLOSE_WEIGHT": 27.218971305644757,
  "SPLIT_RANGE_SAFETY_MULT": 0.6678799433036137,
  "VIRUS_FARM_MAX_RADIUS": 16.58871921031576
}