{
  "TURN_WEIGHT": 62.52745814848422,
  "CHASE_RANGE_MULT": 5.37094608695298,
  "CHASE_LEAD_TICKS": 2.8481878979168385,
  "CHASE_CLOSE_WEIGHT": 26.03754623105693,
  "SPLIT_RANGE_SAFETY_MULT": 0.7962120474910449,
  "VIRUS_FARM_MAX_RADIUS": 15.25335855142193
}