{
  "TURN_WEIGHT": 106.85604396811186,
  "CHASE_RANGE_MULT": 6.431260601528295,
  "CHASE_LEAD_TICKS": 1.6098907687160082,
  "CHASE_CLOSE_WEIGHT": 17.440007684972578,
  "SPLIT_RANGE_SAFETY_MULT": 0.7393318967945541,
  "VIRUS_FARM_MAX_RADIUS": 12.750879337224127
}