{
  "TURN_WEIGHT": 91.58907453457786,
  "CHASE_RANGE_MULT": 6.6907857270666,
  "CHASE_LEAD_TICKS": 2.4917947082296377,
  "CHASE_CLOSE_WEIGHT": 34.271189319763224,
  "SPLIT_RANGE_SAFETY_MULT": 0.7613799772051867,
  "VIRUS_FARM_MAX_RADIUS": 22.45118514975975
}