{
  "TURN_WEIGHT": 51.062243215541066,
  "CHASE_RANGE_MULT": 6.426233245341143,
  "CHASE_LEAD_TICKS": 2.3742971842356493,
  "CHASE_CLOSE_WEIGHT": 29.39860689257636,
  "SPLIT_RANGE_SAFETY_MULT": 0.7888845907902818,
  "VIRUS_FARM_MAX_RADIUS": 19.702541155923228
}