{
  "OVERRIDE_ORDER": [
    "escape",
    "unstuck",
    "split",
    "chase",
    "virus",
    "food"
  ],
  "NUM_DIRECTIONS": 12,
  "MAX_ENEMIES": 24,
  "SAFETY_OWN_PIECES": 3,
  "STEP_RADIUS_MULT": 1.346558451975426,
  "SPLIT_REACH_RELIABILITY": 0.7644633428265861,
  "ESCAPE_DIRECT_RANGE_MULT": 6.248118511424234,
  "ESCAPE_SPLIT_REACH_BUFFER": 1.0205502005759346,
  "ESCAPE_MOVE_WEIGHT": 197.19436870335244,
  "ESCAPE_WALL_WEIGHT": 140.98498228219134,
  "ESCAPE_VIRUS_SHIELD_WEIGHT": 482.67878470887206,
  "ESCAPE_HARD_MARGIN": 0.22714121059631392,
  "SPLIT_CAPTURE_WEIGHT": 4.671434232963165,
  "SPLIT_DEPTH_COST": 2.8202089545087143,
  "SPLIT_FRAGMENT_COST": 0.46154469042748425,
  "SPLIT_EXTERNAL_RISK_WEIGHT": 0.34660273263254754,
  "SPLIT_MIN_UTILITY": 3.444243848497321,
  "SPLIT_LARGER_OWNER_RATIO": 1.128291481811738,
  "SPLIT_PLAN_WAIT_TICKS": 2,
  "CHASE_ACQUIRE_RANGE_MULT": 6.441607791903133,
  "CHASE_DIRECT_RANGE_MULT": 4.934188161673077,
  "CHASE_MAX_INTERCEPT_TICKS": 15.7671014027003,
  "CHASE_LOCK_TICKS": 153,
  "CHASE_WALL_HORIZON": 23.904992800398247,
  "CHASE_BLOCK_OFFSET_MULT": 0.7431485840560877,
  "CHASE_DISTANCE_WEIGHT": 0.39682233140564127,
  "CHASE_ETA_WEIGHT": 2.612350245643047,
  "CHASE_LOCK_BONUS": 29.53274608915922,
  "CHASE_VELOCITY_NEW_WEIGHT": 0.46681674465314416,
  "VIRUS_ENEMY_RANGE_MULT": 6.974954597241537,
  "VIRUS_MANUAL_SPLIT_TIME_BONUS": 0.8333653491214343,
  "VIRUS_MANUAL_SPLIT_RISK_COST": 3.7469270884336456,
  "VIRUS_MAX_FARM_MASS": 62.51507285797346,
  "FOOD_CLUSTER_RADIUS": 5.172064983257649,
  "FOOD_CLUSTER_WEIGHT": 0.6351955078748087,
  "FOOD_DISTANCE_POWER": 1.765955259194666,
  "FOOD_LOCK_TICKS": 9,
  "ROAM_CENTER_WEIGHT": 0.653291758659111,
  "ROAM_MOMENTUM_WEIGHT": 0.4141181801436812
}