{
  "OVERRIDE_ORDER": [
    "escape",
    "unstuck",
    "split",
    "chase",
    "virus",
    "food"
  ],
  "NUM_DIRECTIONS": 16,
  "MAX_ENEMIES": 18,
  "SAFETY_OWN_PIECES": 2,
  "STEP_RADIUS_MULT": 1.4014023435137388,
  "SPLIT_REACH_RELIABILITY": 0.8384481267333128,
  "ESCAPE_DIRECT_RANGE_MULT": 7.762678452878092,
  "ESCAPE_SPLIT_REACH_BUFFER": 1.1010312767872383,
  "ESCAPE_MOVE_WEIGHT": 97.45240071501394,
  "ESCAPE_WALL_WEIGHT": 202.74464742423487,
  "ESCAPE_VIRUS_SHIELD_WEIGHT": 1087.1742124512705,
  "ESCAPE_HARD_MARGIN": 0.11183367750431716,
  "SPLIT_CAPTURE_WEIGHT": 6.654138583302631,
  "SPLIT_DEPTH_COST": 1.537479383856085,
  "SPLIT_FRAGMENT_COST": 0.17949208229179925,
  "SPLIT_EXTERNAL_RISK_WEIGHT": 2.8899263420111194,
  "SPLIT_MIN_UTILITY": 7.57564750538473,
  "SPLIT_LARGER_OWNER_RATIO": 1.1219381450486838,
  "SPLIT_PLAN_WAIT_TICKS": 7,
  "CHASE_ACQUIRE_RANGE_MULT": 9.329431085378927,
  "CHASE_DIRECT_RANGE_MULT": 4.769895055951334,
  "CHASE_MAX_INTERCEPT_TICKS": 10.076908275214851,
  "CHASE_LOCK_TICKS": 129,
  "CHASE_WALL_HORIZON": 29.09888839268043,
  "CHASE_BLOCK_OFFSET_MULT": 1.2665157570154444,
  "CHASE_DISTANCE_WEIGHT": 0.19860873219082523,
  "CHASE_ETA_WEIGHT": 5.0969926857612915,
  "CHASE_LOCK_BONUS": 44.77359154764527,
  "CHASE_VELOCITY_NEW_WEIGHT": 0.8118993713208101,
  "VIRUS_ENEMY_RANGE_MULT": 8.683592046267407,
  "VIRUS_MANUAL_SPLIT_TIME_BONUS": 0.6366611419680043,
  "VIRUS_MANUAL_SPLIT_RISK_COST": 3.6921144754705244,
  "VIRUS_MAX_FARM_MASS": 98.6282635368515,
  "FOOD_CLUSTER_RADIUS": 6.4374439681764715,
  "FOOD_CLUSTER_WEIGHT": 2.6842069616685835,
  "FOOD_DISTANCE_POWER": 2.119876815867185,
  "FOOD_LOCK_TICKS": 6,
  "ROAM_CENTER_WEIGHT": 0.9211457693466826,
  "ROAM_MOMENTUM_WEIGHT": 0.33601027076612877
}