{
  "OVERRIDE_ORDER": [
    "split",
    "escape",
    "unstuck",
    "chase",
    "virus",
    "food"
  ],
  "NUM_DIRECTIONS": 16,
  "MAX_ENEMIES": 21,
  "SAFETY_OWN_PIECES": 3,
  "STEP_RADIUS_MULT": 1.425430010641052,
  "SPLIT_REACH_RELIABILITY": 0.7703231734812596,
  "ESCAPE_DIRECT_RANGE_MULT": 5.664718838179145,
  "ESCAPE_SPLIT_REACH_BUFFER": 1.067241562194924,
  "ESCAPE_MOVE_WEIGHT": 134.90238302703682,
  "ESCAPE_WALL_WEIGHT": 157.9670601650762,
  "ESCAPE_VIRUS_SHIELD_WEIGHT": 163.36732065778904,
  "ESCAPE_HARD_MARGIN": 0.04205632735208423,
  "SPLIT_CAPTURE_WEIGHT": 3.5381374205646865,
  "SPLIT_DEPTH_COST": 1.7475623071736415,
  "SPLIT_FRAGMENT_COST": 0.02159981332792828,
  "SPLIT_EXTERNAL_RISK_WEIGHT": 1.9870060615555132,
  "SPLIT_MIN_UTILITY": -1.2267696237408652,
  "SPLIT_LARGER_OWNER_RATIO": 1.0626002717135936,
  "SPLIT_PLAN_WAIT_TICKS": 9,
  "CHASE_ACQUIRE_RANGE_MULT": 7.778935571572113,
  "CHASE_DIRECT_RANGE_MULT": 2.56269665214577,
  "CHASE_MAX_INTERCEPT_TICKS": 12.609829806925756,
  "CHASE_LOCK_TICKS": 40,
  "CHASE_WALL_HORIZON": 37.05215130914463,
  "CHASE_BLOCK_OFFSET_MULT": 1.3748763644443212,
  "CHASE_DISTANCE_WEIGHT": 0.12421208683723882,
  "CHASE_ETA_WEIGHT": 0.739732999154217,
  "CHASE_LOCK_BONUS": 5.7325431502778414,
  "CHASE_VELOCITY_NEW_WEIGHT": 0.26887353154608384,
  "VIRUS_ENEMY_RANGE_MULT": 8.653052724080435,
  "VIRUS_MANUAL_SPLIT_TIME_BONUS": 0.5865633686138214,
  "VIRUS_MANUAL_SPLIT_RISK_COST": 0.49598368537560167,
  "VIRUS_MAX_FARM_MASS": 317.1127359724948,
  "FOOD_CLUSTER_RADIUS": 3.8447148716324655,
  "FOOD_CLUSTER_WEIGHT": 2.0604090452423183,
  "FOOD_DISTANCE_POWER": 1.8328639748569944,
  "FOOD_LOCK_TICKS": 26,
  "ROAM_CENTER_WEIGHT": 0.34336992853654275,
  "ROAM_MOMENTUM_WEIGHT": 0.6286653797584276
}