{
  "OVERRIDE_ORDER": [
    "escape",
    "unstuck",
    "split",
    "virus",
    "chase",
    "food"
  ],
  "NUM_DIRECTIONS": 12,
  "MAX_ENEMIES": 24,
  "SAFETY_OWN_PIECES": 2,
  "STEP_RADIUS_MULT": 1.294208160437166,
  "SPLIT_REACH_RELIABILITY": 0.640621060788411,
  "ESCAPE_DIRECT_RANGE_MULT": 5.668987557892913,
  "ESCAPE_SPLIT_REACH_BUFFER": 1.07537656847818,
  "ESCAPE_MOVE_WEIGHT": 152.74130571480512,
  "ESCAPE_WALL_WEIGHT": 119.51199591614039,
  "ESCAPE_VIRUS_SHIELD_WEIGHT": 585.6497151108862,
  "ESCAPE_HARD_MARGIN": 0.10357008935589498,
  "SPLIT_CAPTURE_WEIGHT": 7.069147856028623,
  "SPLIT_DEPTH_COST": 5.311927779648483,
  "SPLIT_FRAGMENT_COST": 0.19913868636073126,
  "SPLIT_EXTERNAL_RISK_WEIGHT": 0.7331465837725658,
  "SPLIT_MIN_UTILITY": 5.122306956889375,
  "SPLIT_LARGER_OWNER_RATIO": 1.0591615474201832,
  "SPLIT_PLAN_WAIT_TICKS": 5,
  "CHASE_ACQUIRE_RANGE_MULT": 6.07920035998917,
  "CHASE_DIRECT_RANGE_MULT": 4.884032722628064,
  "CHASE_MAX_INTERCEPT_TICKS": 17.312579092135856,
  "CHASE_LOCK_TICKS": 71,
  "CHASE_WALL_HORIZON": 19.43025012454358,
  "CHASE_BLOCK_OFFSET_MULT": 0.8899897072551006,
  "CHASE_DISTANCE_WEIGHT": 0.41946738180337517,
  "CHASE_ETA_WEIGHT": 4.314659870309895,
  "CHASE_LOCK_BONUS": 42.72253415357326,
  "CHASE_VELOCITY_NEW_WEIGHT": 0.23342638409466052,
  "VIRUS_ENEMY_RANGE_MULT": 5.7459612440585275,
  "VIRUS_MANUAL_SPLIT_TIME_BONUS": 0.8220515634144487,
  "VIRUS_MANUAL_SPLIT_RISK_COST": 3.365351993119012,
  "VIRUS_MAX_FARM_MASS": 76.47806914637057,
  "FOOD_CLUSTER_RADIUS": 6.86138190505486,
  "FOOD_CLUSTER_WEIGHT": 0.3909284540955119,
  "FOOD_DISTANCE_POWER": 1.903896303505444,
  "FOOD_LOCK_TICKS": 11,
  "ROAM_CENTER_WEIGHT": 0.7590545532686138,
  "ROAM_MOMENTUM_WEIGHT": 0.610242891199235
}