{
  "OVERRIDE_ORDER": [
    "escape",
    "split",
    "unstuck",
    "chase",
    "virus",
    "food"
  ],
  "NUM_DIRECTIONS": 12,
  "MAX_ENEMIES": 24,
  "SAFETY_OWN_PIECES": 2,
  "STEP_RADIUS_MULT": 1.7202685533488293,
  "SPLIT_REACH_RELIABILITY": 0.7820608517201948,
  "ESCAPE_DIRECT_RANGE_MULT": 7.128908163976124,
  "ESCAPE_SPLIT_REACH_BUFFER": 1.131054639676024,
  "ESCAPE_MOVE_WEIGHT": 188.88557279466423,
  "ESCAPE_WALL_WEIGHT": 423.0871463251313,
  "ESCAPE_VIRUS_SHIELD_WEIGHT": 451.5121819312798,
  "ESCAPE_HARD_MARGIN": 0.007922433624551875,
  "SPLIT_CAPTURE_WEIGHT": 3.2604169238898955,
  "SPLIT_DEPTH_COST": 3.0046980528267855,
  "SPLIT_FRAGMENT_COST": 0.4101947581974254,
  "SPLIT_EXTERNAL_RISK_WEIGHT": 1.5367801040582487,
  "SPLIT_MIN_UTILITY": 3.7872417858826743,
  "SPLIT_LARGER_OWNER_RATIO": 1.1337096855133102,
  "SPLIT_PLAN_WAIT_TICKS": 5,
  "CHASE_ACQUIRE_RANGE_MULT": 4.272845710931155,
  "CHASE_DIRECT_RANGE_MULT": 1.9354914566535193,
  "CHASE_MAX_INTERCEPT_TICKS": 8.469225564683168,
  "CHASE_LOCK_TICKS": 214,
  "CHASE_WALL_HORIZON": 23.685316152206155,
  "CHASE_BLOCK_OFFSET_MULT": 0.6789602170635304,
  "CHASE_DISTANCE_WEIGHT": 0.06570282476707584,
  "CHASE_ETA_WEIGHT": 0.3864597292304495,
  "CHASE_LOCK_BONUS": 31.574932077412928,
  "CHASE_VELOCITY_NEW_WEIGHT": 0.24226097354961665,
  "VIRUS_ENEMY_RANGE_MULT": 2.494203180102521,
  "VIRUS_MANUAL_SPLIT_TIME_BONUS": 0.7774444571450377,
  "VIRUS_MANUAL_SPLIT_RISK_COST": 0.44608069607679113,
  "VIRUS_MAX_FARM_MASS": 192.40664954075135,
  "FOOD_CLUSTER_RADIUS": 3.505804030627858,
  "FOOD_CLUSTER_WEIGHT": 1.9316925831033391,
  "FOOD_DISTANCE_POWER": 1.5493391384199517,
  "FOOD_LOCK_TICKS": 20,
  "ROAM_CENTER_WEIGHT": 1.6690612213642422,
  "ROAM_MOMENTUM_WEIGHT": 0.7756497658292165
}