{
  "OVERRIDE_ORDER": [
    "escape",
    "split",
    "unstuck",
    "chase",
    "virus",
    "food"
  ],
  "NUM_DIRECTIONS": 16,
  "MAX_ENEMIES": 24,
  "SAFETY_OWN_PIECES": 2,
  "STEP_RADIUS_MULT": 1.5775893425355771,
  "SPLIT_REACH_RELIABILITY": 0.793659241156039,
  "ESCAPE_DIRECT_RANGE_MULT": 5.83648681811016,
  "ESCAPE_SPLIT_REACH_BUFFER": 1.0002555765710819,
  "ESCAPE_MOVE_WEIGHT": 235.1656688109217,
  "ESCAPE_WALL_WEIGHT": 420.6086670286654,
  "ESCAPE_VIRUS_SHIELD_WEIGHT": 677.127036569817,
  "ESCAPE_HARD_MARGIN": 0.1697308199083991,
  "SPLIT_CAPTURE_WEIGHT": 3.1609337641854336,
  "SPLIT_DEPTH_COST": 1.276338272253889,
  "SPLIT_FRAGMENT_COST": 0.241735621797246,
  "SPLIT_EXTERNAL_RISK_WEIGHT": 2.9079611837512602,
  "SPLIT_MIN_UTILITY": 3.904314398094064,
  "SPLIT_LARGER_OWNER_RATIO": 1.1505239246784382,
  "SPLIT_PLAN_WAIT_TICKS": 3,
  "CHASE_ACQUIRE_RANGE_MULT": 5.1787054741933325,
  "CHASE_DIRECT_RANGE_MULT": 3.157485951572748,
  "CHASE_MAX_INTERCEPT_TICKS": 11.22929056309224,
  "CHASE_LOCK_TICKS": 235,
  "CHASE_WALL_HORIZON": 16.70329696388378,
  "CHASE_BLOCK_OFFSET_MULT": 0.4944246428336338,
  "CHASE_DISTANCE_WEIGHT": 0.11885692081156382,
  "CHASE_ETA_WEIGHT": 0.4195280835648551,
  "CHASE_LOCK_BONUS": 12.89402680570121,
  "CHASE_VELOCITY_NEW_WEIGHT": 0.3241216247316423,
  "VIRUS_ENEMY_RANGE_MULT": 3.9266401329760505,
  "VIRUS_MANUAL_SPLIT_TIME_BONUS": 0.6770364714851892,
  "VIRUS_MANUAL_SPLIT_RISK_COST": 0.5505855587370919,
  "VIRUS_MAX_FARM_MASS": 285.453706431515,
  "FOOD_CLUSTER_RADIUS": 5.528748092543188,
  "FOOD_CLUSTER_WEIGHT": 1.181332174941074,
  "FOOD_DISTANCE_POWER": 1.295162066974455,
  "FOOD_LOCK_TICKS": 15,
  "ROAM_CENTER_WEIGHT": 0.8304117970992553,
  "ROAM_MOMENTUM_WEIGHT": 0.364582646641368
}