{
  "OVERRIDE_ORDER": [
    "escape",
    "unstuck",
    "split",
    "chase",
    "virus",
    "food"
  ],
  "NUM_DIRECTIONS": 16,
  "MAX_ENEMIES": 24,
  "SAFETY_OWN_PIECES": 2,
  "STEP_RADIUS_MULT": 1.5201887206610891,
  "SPLIT_REACH_RELIABILITY": 0.7810992068984028,
  "ESCAPE_DIRECT_RANGE_MULT": 4.105902174369927,
  "ESCAPE_SPLIT_REACH_BUFFER": 1.1474948103042297,
  "ESCAPE_MOVE_WEIGHT": 130.52126778520463,
  "ESCAPE_WALL_WEIGHT": 157.76236190010746,
  "ESCAPE_VIRUS_SHIELD_WEIGHT": 496.1368916456216,
  "ESCAPE_HARD_MARGIN": 0.001905233839091981,
  "SPLIT_CAPTURE_WEIGHT": 10.136793514227765,
  "SPLIT_DEPTH_COST": 6.496876615030648,
  "SPLIT_FRAGMENT_COST": 0.3899795808203217,
  "SPLIT_EXTERNAL_RISK_WEIGHT": 1.3519158036699295,
  "SPLIT_MIN_UTILITY": 5.503001031202293,
  "SPLIT_LARGER_OWNER_RATIO": 1.0492585409690705,
  "SPLIT_PLAN_WAIT_TICKS": 5,
  "CHASE_ACQUIRE_RANGE_MULT": 9.197347436901085,
  "CHASE_DIRECT_RANGE_MULT": 4.967350485335859,
  "CHASE_MAX_INTERCEPT_TICKS": 6.374058877730903,
  "CHASE_LOCK_TICKS": 75,
  "CHASE_WALL_HORIZON": 18.818411870542356,
  "CHASE_BLOCK_OFFSET_MULT": 1.0239059835052866,
  "CHASE_DISTANCE_WEIGHT": 0.45682697849699155,
  "CHASE_ETA_WEIGHT": 0.469386724027101,
  "CHASE_LOCK_BONUS": 21.929451749379776,
  "CHASE_VELOCITY_NEW_WEIGHT": 0.5276394818235121,
  "VIRUS_ENEMY_RANGE_MULT": 5.802576768473028,
  "VIRUS_MANUAL_SPLIT_TIME_BONUS": 0.5198348834682633,
  "VIRUS_MANUAL_SPLIT_RISK_COST": 1.8352948452193019,
  "VIRUS_MAX_FARM_MASS": 51.666876660677566,
  "FOOD_CLUSTER_RADIUS": 3.545720109118402,
  "FOOD_CLUSTER_WEIGHT": 0.7325981645478272,
  "FOOD_DISTANCE_POWER": 1.5845417367338612,
  "FOOD_LOCK_TICKS": 10,
  "ROAM_CENTER_WEIGHT": 0.8876825397307083,
  "ROAM_MOMENTUM_WEIGHT": 0.29259519964182246
}