{
  "OVERRIDE_ORDER": [
    "escape",
    "unstuck",
    "split",
    "chase",
    "virus",
    "food"
  ],
  "NUM_DIRECTIONS": 16,
  "MAX_ENEMIES": 18,
  "SAFETY_OWN_PIECES": 2,
  "STEP_RADIUS_MULT": 1.4709960285846184,
  "SPLIT_REACH_RELIABILITY": 0.751781332230231,
  "ESCAPE_DIRECT_RANGE_MULT": 4.015263365548924,
  "ESCAPE_SPLIT_REACH_BUFFER": 1.1204499384489734,
  "ESCAPE_MOVE_WEIGHT": 88.41319844340642,
  "ESCAPE_WALL_WEIGHT": 173.6464706202125,
  "ESCAPE_VIRUS_SHIELD_WEIGHT": 1191.1428685159196,
  "ESCAPE_HARD_MARGIN": 0.005016951904651101,
  "SPLIT_CAPTURE_WEIGHT": 10.116138261646825,
  "SPLIT_DEPTH_COST": 3.2143078683424613,
  "SPLIT_FRAGMENT_COST": 0.5334238027037874,
  "SPLIT_EXTERNAL_RISK_WEIGHT": 2.5310267165757003,
  "SPLIT_MIN_UTILITY": 9.851812408630106,
  "SPLIT_LARGER_OWNER_RATIO": 0.9714287229772451,
  "SPLIT_PLAN_WAIT_TICKS": 6,
  "CHASE_ACQUIRE_RANGE_MULT": 9.043318379101242,
  "CHASE_DIRECT_RANGE_MULT": 4.217382239157209,
  "CHASE_MAX_INTERCEPT_TICKS": 13.384861181427945,
  "CHASE_LOCK_TICKS": 77,
  "CHASE_WALL_HORIZON": 19.25869743160996,
  "CHASE_BLOCK_OFFSET_MULT": 1.2823525928910124,
  "CHASE_DISTANCE_WEIGHT": 0.4003519732641058,
  "CHASE_ETA_WEIGHT": 1.3162654138008552,
  "CHASE_LOCK_BONUS": 22.274987543445775,
  "CHASE_VELOCITY_NEW_WEIGHT": 0.5105527366646689,
  "VIRUS_ENEMY_RANGE_MULT": 6.9691146628388525,
  "VIRUS_MANUAL_SPLIT_TIME_BONUS": 0.6743583717737524,
  "VIRUS_MANUAL_SPLIT_RISK_COST": 2.437104036609781,
  "VIRUS_MAX_FARM_MASS": 82.91346701535228,
  "FOOD_CLUSTER_RADIUS": 2.7992365331431897,
  "FOOD_CLUSTER_WEIGHT": 1.427439247023515,
  "FOOD_DISTANCE_POWER": 2.2091082534495365,
  "FOOD_LOCK_TICKS": 9,
  "ROAM_CENTER_WEIGHT": 0.7281153938637267,
  "ROAM_MOMENTUM_WEIGHT": 0.1563274357827489
}