{
  "OVERRIDE_ORDER": [
    "escape",
    "unstuck",
    "split",
    "chase",
    "virus",
    "food"
  ],
  "NUM_DIRECTIONS": 12,
  "MAX_ENEMIES": 24,
  "SAFETY_OWN_PIECES": 2,
  "STEP_RADIUS_MULT": 1.320937591379512,
  "SPLIT_REACH_RELIABILITY": 0.7595042031886888,
  "ESCAPE_DIRECT_RANGE_MULT": 4.755197984041181,
  "ESCAPE_SPLIT_REACH_BUFFER": 1.0325899801705738,
  "ESCAPE_MOVE_WEIGHT": 138.59735849069367,
  "ESCAPE_WALL_WEIGHT": 127.51978533385493,
  "ESCAPE_VIRUS_SHIELD_WEIGHT": 532.3262388542171,
  "ESCAPE_HARD_MARGIN": 0.0427855980803797,
  "SPLIT_CAPTURE_WEIGHT": 4.131649375253145,
  "SPLIT_DEPTH_COST": 6.357162404731025,
  "SPLIT_FRAGMENT_COST": 0.24547179689431806,
  "SPLIT_EXTERNAL_RISK_WEIGHT": 0.4364299901504492,
  "SPLIT_MIN_UTILITY": 3.877417405678301,
  "SPLIT_LARGER_OWNER_RATIO": 0.9630245640130459,
  "SPLIT_PLAN_WAIT_TICKS": 4,
  "CHASE_ACQUIRE_RANGE_MULT": 8.816642476216455,
  "CHASE_DIRECT_RANGE_MULT": 3.6286790753382867,
  "CHASE_MAX_INTERCEPT_TICKS": 17.039615537652896,
  "CHASE_LOCK_TICKS": 80,
  "CHASE_WALL_HORIZON": 33.43001837410519,
  "CHASE_BLOCK_OFFSET_MULT": 1.0381604157603295,
  "CHASE_DISTANCE_WEIGHT": 0.6096309960200791,
  "CHASE_ETA_WEIGHT": 1.3421976241552687,
  "CHASE_LOCK_BONUS": 13.311018865181682,
  "CHASE_VELOCITY_NEW_WEIGHT": 0.24501397743471365,
  "VIRUS_ENEMY_RANGE_MULT": 5.37338389787193,
  "VIRUS_MANUAL_SPLIT_TIME_BONUS": 1.4933660800130608,
  "VIRUS_MANUAL_SPLIT_RISK_COST": 4.446819689325288,
  "VIRUS_MAX_FARM_MASS": 107.67518986872496,
  "FOOD_CLUSTER_RADIUS": 6.816817977086151,
  "FOOD_CLUSTER_WEIGHT": 0.7020577197778518,
  "FOOD_DISTANCE_POWER": 2.0840068059653967,
  "FOOD_LOCK_TICKS": 8,
  "ROAM_CENTER_WEIGHT": 2.2846211499077493,
  "ROAM_MOMENTUM_WEIGHT": 0.39857421562888323
}