{
  "OVERRIDE_ORDER": [
    "escape",
    "unstuck",
    "split",
    "chase",
    "virus",
    "food"
  ],
  "NUM_DIRECTIONS": 16,
  "MAX_ENEMIES": 24,
  "SAFETY_OWN_PIECES": 2,
  "STEP_RADIUS_MULT": 1.2882498439972259,
  "SPLIT_REACH_RELIABILITY": 0.6788529718687188,
  "ESCAPE_DIRECT_RANGE_MULT": 5.606582178552423,
  "ESCAPE_SPLIT_REACH_BUFFER": 1.1452736895435907,
  "ESCAPE_MOVE_WEIGHT": 92.26870702613813,
  "ESCAPE_WALL_WEIGHT": 126.84308283239079,
  "ESCAPE_VIRUS_SHIELD_WEIGHT": 1368.4722896786518,
  "ESCAPE_HARD_MARGIN": 0.1301665177774351,
  "SPLIT_CAPTURE_WEIGHT": 10.686723628175027,
  "SPLIT_DEPTH_COST": 4.099514607990691,
  "SPLIT_FRAGMENT_COST": 0.6343731774183029,
  "SPLIT_EXTERNAL_RISK_WEIGHT": 0.7686681592301235,
  "SPLIT_MIN_UTILITY": 7.783887570789724,
  "SPLIT_LARGER_OWNER_RATIO": 1.0026870365483946,
  "SPLIT_PLAN_WAIT_TICKS": 4,
  "CHASE_ACQUIRE_RANGE_MULT": 6.844943609036434,
  "CHASE_DIRECT_RANGE_MULT": 3.70800276146955,
  "CHASE_MAX_INTERCEPT_TICKS": 16.307045791093017,
  "CHASE_LOCK_TICKS": 57,
  "CHASE_WALL_HORIZON": 17.603329480562,
  "CHASE_BLOCK_OFFSET_MULT": 1.4908330516602741,
  "CHASE_DISTANCE_WEIGHT": 0.27059126948695517,
  "CHASE_ETA_WEIGHT": 0.9419097272675253,
  "CHASE_LOCK_BONUS": 31.458238479846905,
  "CHASE_VELOCITY_NEW_WEIGHT": 0.381070791604099,
  "VIRUS_ENEMY_RANGE_MULT": 7.0008725950251876,
  "VIRUS_MANUAL_SPLIT_TIME_BONUS": 0.8687326993819778,
  "VIRUS_MANUAL_SPLIT_RISK_COST": 1.621620486032052,
  "VIRUS_MAX_FARM_MASS": 188.16467346278785,
  "FOOD_CLUSTER_RADIUS": 5.183877773135056,
  "FOOD_CLUSTER_WEIGHT": 0.5773956515368014,
  "FOOD_DISTANCE_POWER": 1.6019146026001572,
  "FOOD_LOCK_TICKS": 11,
  "ROAM_CENTER_WEIGHT": 0.5963792166588051,
  "ROAM_MOMENTUM_WEIGHT": 0.45555071206821907
}