{
  "OVERRIDE_ORDER": [
    "escape",
    "unstuck",
    "split",
    "virus",
    "chase",
    "food"
  ],
  "NUM_DIRECTIONS": 16,
  "MAX_ENEMIES": 24,
  "SAFETY_OWN_PIECES": 2,
  "STEP_RADIUS_MULT": 1.508810546202378,
  "SPLIT_REACH_RELIABILITY": 0.639272744354712,
  "ESCAPE_DIRECT_RANGE_MULT": 5.62719049757647,
  "ESCAPE_SPLIT_REACH_BUFFER": 1.0876751261187025,
  "ESCAPE_MOVE_WEIGHT": 81.53275099769832,
  "ESCAPE_WALL_WEIGHT": 130.01139107571615,
  "ESCAPE_VIRUS_SHIELD_WEIGHT": 1115.3366623852194,
  "ESCAPE_HARD_MARGIN": 0.00045351170624022275,
  "SPLIT_CAPTURE_WEIGHT": 14.275109759955763,
  "SPLIT_DEPTH_COST": 1.9566097958004538,
  "SPLIT_FRAGMENT_COST": 0.20816390084365172,
  "SPLIT_EXTERNAL_RISK_WEIGHT": 0.7794742410131154,
  "SPLIT_MIN_UTILITY": 6.158572105743909,
  "SPLIT_LARGER_OWNER_RATIO": 0.9910090870016043,
  "SPLIT_PLAN_WAIT_TICKS": 4,
  "CHASE_ACQUIRE_RANGE_MULT": 10.528084464255134,
  "CHASE_DIRECT_RANGE_MULT": 4.360752304754671,
  "CHASE_MAX_INTERCEPT_TICKS": 12.630174798411836,
  "CHASE_LOCK_TICKS": 66,
  "CHASE_WALL_HORIZON": 16.94799964856077,
  "CHASE_BLOCK_OFFSET_MULT": 1.4970436023900584,
  "CHASE_DISTANCE_WEIGHT": 0.1305360165421728,
  "CHASE_ETA_WEIGHT": 2.322488700364782,
  "CHASE_LOCK_BONUS": 38.133670807390324,
  "CHASE_VELOCITY_NEW_WEIGHT": 0.2651836740840663,
  "VIRUS_ENEMY_RANGE_MULT": 5.761768595334586,
  "VIRUS_MANUAL_SPLIT_TIME_BONUS": 0.8748548379387219,
  "VIRUS_MANUAL_SPLIT_RISK_COST": 1.4105820828193822,
  "VIRUS_MAX_FARM_MASS": 77.75452292918935,
  "FOOD_CLUSTER_RADIUS": 2.9582290084369594,
  "FOOD_CLUSTER_WEIGHT": 0.4994810648495172,
  "FOOD_DISTANCE_POWER": 1.5475295771496211,
  "FOOD_LOCK_TICKS": 11,
  "ROAM_CENTER_WEIGHT": 1.8599758778820221,
  "ROAM_MOMENTUM_WEIGHT": 0.7161923661738566
}