{
  "OVERRIDE_ORDER": [
    "escape",
    "unstuck",
    "split",
    "chase",
    "virus",
    "food"
  ],
  "NUM_DIRECTIONS": 16,
  "MAX_ENEMIES": 24,
  "SAFETY_OWN_PIECES": 3,
  "STEP_RADIUS_MULT": 1.6160967639932737,
  "SPLIT_REACH_RELIABILITY": 0.6806470814283666,
  "ESCAPE_DIRECT_RANGE_MULT": 6.04946503499813,
  "ESCAPE_SPLIT_REACH_BUFFER": 1.090338768862032,
  "ESCAPE_MOVE_WEIGHT": 231.09822110985772,
  "ESCAPE_WALL_WEIGHT": 352.52032801915806,
  "ESCAPE_VIRUS_SHIELD_WEIGHT": 723.3601674390935,
  "ESCAPE_HARD_MARGIN": 0.19716761930757698,
  "SPLIT_CAPTURE_WEIGHT": 7.703956734666799,
  "SPLIT_DEPTH_COST": 1.7869899189190614,
  "SPLIT_FRAGMENT_COST": 0.3584006093712114,
  "SPLIT_EXTERNAL_RISK_WEIGHT": 2.4734850944270925,
  "SPLIT_MIN_UTILITY": 9.49258296460042,
  "SPLIT_LARGER_OWNER_RATIO": 0.9654547625838065,
  "SPLIT_PLAN_WAIT_TICKS": 6,
  "CHASE_ACQUIRE_RANGE_MULT": 8.87466115332702,
  "CHASE_DIRECT_RANGE_MULT": 4.932307761725968,
  "CHASE_MAX_INTERCEPT_TICKS": 12.819021177438266,
  "CHASE_LOCK_TICKS": 110,
  "CHASE_WALL_HORIZON": 23.809431575097634,
  "CHASE_BLOCK_OFFSET_MULT": 1.4031479942083038,
  "CHASE_DISTANCE_WEIGHT": 0.5044887568884298,
  "CHASE_ETA_WEIGHT": 2.1274341581938265,
  "CHASE_LOCK_BONUS": 35.88108683467415,
  "CHASE_VELOCITY_NEW_WEIGHT": 0.5189724943763241,
  "VIRUS_ENEMY_RANGE_MULT": 7.3511140523602885,
  "VIRUS_MANUAL_SPLIT_TIME_BONUS": 0.8101246287668126,
  "VIRUS_MANUAL_SPLIT_RISK_COST": 1.2288653362022293,
  "VIRUS_MAX_FARM_MASS": 77.42349201551599,
  "FOOD_CLUSTER_RADIUS": 2.556975698557754,
  "FOOD_CLUSTER_WEIGHT": 2.6564015884553616,
  "FOOD_DISTANCE_POWER": 2.073910305443041,
  "FOOD_LOCK_TICKS": 13,
  "ROAM_CENTER_WEIGHT": 1.215843807276431,
  "ROAM_MOMENTUM_WEIGHT": 0.27952072274579604
}