{
  "OVERRIDE_ORDER": [
    "escape",
    "unstuck",
    "split",
    "virus",
    "chase",
    "food"
  ],
  "NUM_DIRECTIONS": 16,
  "MAX_ENEMIES": 21,
  "SAFETY_OWN_PIECES": 2,
  "STEP_RADIUS_MULT": 1.621015556197811,
  "SPLIT_REACH_RELIABILITY": 0.8279933261582193,
  "ESCAPE_DIRECT_RANGE_MULT": 6.370199101192884,
  "ESCAPE_SPLIT_REACH_BUFFER": 1.0647501735390772,
  "ESCAPE_MOVE_WEIGHT": 92.83165287073925,
  "ESCAPE_WALL_WEIGHT": 104.63050747725889,
  "ESCAPE_VIRUS_SHIELD_WEIGHT": 1369.6602767191248,
  "ESCAPE_HARD_MARGIN": 0.08986558459607948,
  "SPLIT_CAPTURE_WEIGHT": 11.78010008533026,
  "SPLIT_DEPTH_COST": 4.262281985657423,
  "SPLIT_FRAGMENT_COST": 0.6422208324783686,
  "SPLIT_EXTERNAL_RISK_WEIGHT": 0.840819805561718,
  "SPLIT_MIN_UTILITY": 6.184951648390037,
  "SPLIT_LARGER_OWNER_RATIO": 1.0199448082771987,
  "SPLIT_PLAN_WAIT_TICKS": 6,
  "CHASE_ACQUIRE_RANGE_MULT": 11.465740101975063,
  "CHASE_DIRECT_RANGE_MULT": 4.903989811866442,
  "CHASE_MAX_INTERCEPT_TICKS": 10.394408438724701,
  "CHASE_LOCK_TICKS": 57,
  "CHASE_WALL_HORIZON": 20.188520594529976,
  "CHASE_BLOCK_OFFSET_MULT": 1.1205026713487196,
  "CHASE_DISTANCE_WEIGHT": 0.9918377890654664,
  "CHASE_ETA_WEIGHT": 0.32815040086533237,
  "CHASE_LOCK_BONUS": 31.747321789305584,
  "CHASE_VELOCITY_NEW_WEIGHT": 0.44000088272946053,
  "VIRUS_ENEMY_RANGE_MULT": 6.829734596273718,
  "VIRUS_MANUAL_SPLIT_TIME_BONUS": 4.1433759916998385,
  "VIRUS_MANUAL_SPLIT_RISK_COST": 4.5020584130760115,
  "VIRUS_MAX_FARM_MASS": 127.20540606726982,
  "FOOD_CLUSTER_RADIUS": 3.8786322178120134,
  "FOOD_CLUSTER_WEIGHT": 2.8022643930168734,
  "FOOD_DISTANCE_POWER": 1.8754133652150835,
  "FOOD_LOCK_TICKS": 10,
  "ROAM_CENTER_WEIGHT": 2.967500728482598,
  "ROAM_MOMENTUM_WEIGHT": 0.3120840439561487
}