{
  "OVERRIDE_ORDER": [
    "escape",
    "unstuck",
    "split",
    "virus",
    "chase",
    "food"
  ],
  "NUM_DIRECTIONS": 12,
  "MAX_ENEMIES": 24,
  "SAFETY_OWN_PIECES": 2,
  "STEP_RADIUS_MULT": 1.5760312907501495,
  "SPLIT_REACH_RELIABILITY": 0.7184106977438951,
  "ESCAPE_DIRECT_RANGE_MULT": 4.952411767970604,
  "ESCAPE_SPLIT_REACH_BUFFER": 1.1507888583963768,
  "ESCAPE_MOVE_WEIGHT": 99.32634059992677,
  "ESCAPE_WALL_WEIGHT": 306.4858164569075,
  "ESCAPE_VIRUS_SHIELD_WEIGHT": 1363.9532705035658,
  "ESCAPE_HARD_MARGIN": 0.03534500844608579,
  "SPLIT_CAPTURE_WEIGHT": 10.947437332136108,
  "SPLIT_DEPTH_COST": 3.2639161206418743,
  "SPLIT_FRAGMENT_COST": 0.47380488669637594,
  "SPLIT_EXTERNAL_RISK_WEIGHT": 1.456563442694197,
  "SPLIT_MIN_UTILITY": 5.966179127097925,
  "SPLIT_LARGER_OWNER_RATIO": 1.047209981529649,
  "SPLIT_PLAN_WAIT_TICKS": 6,
  "CHASE_ACQUIRE_RANGE_MULT": 9.29210168200035,
  "CHASE_DIRECT_RANGE_MULT": 4.9946720814692265,
  "CHASE_MAX_INTERCEPT_TICKS": 7.507743007932966,
  "CHASE_LOCK_TICKS": 200,
  "CHASE_WALL_HORIZON": 14.295539467283406,
  "CHASE_BLOCK_OFFSET_MULT": 1.1744788481795434,
  "CHASE_DISTANCE_WEIGHT": 0.3088866170813496,
  "CHASE_ETA_WEIGHT": 2.115921402518302,
  "CHASE_LOCK_BONUS": 35.64723458557847,
  "CHASE_VELOCITY_NEW_WEIGHT": 0.6904225832152939,
  "VIRUS_ENEMY_RANGE_MULT": 5.528647718864292,
  "VIRUS_MANUAL_SPLIT_TIME_BONUS": 0.718737820284136,
  "VIRUS_MANUAL_SPLIT_RISK_COST": 0.37117602728056603,
  "VIRUS_MAX_FARM_MASS": 166.48526288662097,
  "FOOD_CLUSTER_RADIUS": 2.5310435583585695,
  "FOOD_CLUSTER_WEIGHT": 2.3154035749346433,
  "FOOD_DISTANCE_POWER": 2.163450227532595,
  "FOOD_LOCK_TICKS": 24,
  "ROAM_CENTER_WEIGHT": 1.8864549293732868,
  "ROAM_MOMENTUM_WEIGHT": 0.3277599111541827
}