{
  "OVERRIDE_ORDER": [
    "escape",
    "unstuck",
    "split",
    "chase",
    "virus",
    "food"
  ],
  "NUM_DIRECTIONS": 16,
  "MAX_ENEMIES": 24,
  "SAFETY_OWN_PIECES": 2,
  "STEP_RADIUS_MULT": 1.4703244917805944,
  "SPLIT_REACH_RELIABILITY": 0.7106571104577273,
  "ESCAPE_DIRECT_RANGE_MULT": 6.281184821657829,
  "ESCAPE_SPLIT_REACH_BUFFER": 1.1364838707023541,
  "ESCAPE_MOVE_WEIGHT": 117.43400397756676,
  "ESCAPE_WALL_WEIGHT": 258.80864449196514,
  "ESCAPE_VIRUS_SHIELD_WEIGHT": 1033.394006566577,
  "ESCAPE_HARD_MARGIN": 0.24948533989035485,
  "SPLIT_CAPTURE_WEIGHT": 13.88728049954669,
  "SPLIT_DEPTH_COST": 0.6451971074695761,
  "SPLIT_FRAGMENT_COST": 0.6274142644160138,
  "SPLIT_EXTERNAL_RISK_WEIGHT": 2.3245708346447413,
  "SPLIT_MIN_UTILITY": 4.62376505695733,
  "SPLIT_LARGER_OWNER_RATIO": 0.9555506492205317,
  "SPLIT_PLAN_WAIT_TICKS": 6,
  "CHASE_ACQUIRE_RANGE_MULT": 12.405936701657188,
  "CHASE_DIRECT_RANGE_MULT": 4.6828351228087834,
  "CHASE_MAX_INTERCEPT_TICKS": 13.08347427545792,
  "CHASE_LOCK_TICKS": 36,
  "CHASE_WALL_HORIZON": 22.806903307788808,
  "CHASE_BLOCK_OFFSET_MULT": 1.4878297149308979,
  "CHASE_DISTANCE_WEIGHT": 0.24474295606965735,
  "CHASE_ETA_WEIGHT": 0.5868965818478947,
  "CHASE_LOCK_BONUS": 39.09040191364563,
  "CHASE_VELOCITY_NEW_WEIGHT": 0.4616791491131937,
  "VIRUS_ENEMY_RANGE_MULT": 7.059587372957391,
  "VIRUS_MANUAL_SPLIT_TIME_BONUS": 0.9145535240131493,
  "VIRUS_MANUAL_SPLIT_RISK_COST": 0.39149146953929365,
  "VIRUS_MAX_FARM_MASS": 58.03467888566099,
  "FOOD_CLUSTER_RADIUS": 3.177243252195482,
  "FOOD_CLUSTER_WEIGHT": 1.0115290080954515,
  "FOOD_DISTANCE_POWER": 1.8894683869126745,
  "FOOD_LOCK_TICKS": 14,
  "ROAM_CENTER_WEIGHT": 0.4269853498070662,
  "ROAM_MOMENTUM_WEIGHT": 0.22843053660766935
}