{
  "OVERRIDE_ORDER": [
    "split",
    "escape",
    "unstuck",
    "chase",
    "virus",
    "food"
  ],
  "NUM_DIRECTIONS": 12,
  "MAX_ENEMIES": 21,
  "SAFETY_OWN_PIECES": 3,
  "STEP_RADIUS_MULT": 1.3164627104240827,
  "SPLIT_REACH_RELIABILITY": 0.638891219978881,
  "ESCAPE_DIRECT_RANGE_MULT": 5.012197409864774,
  "ESCAPE_SPLIT_REACH_BUFFER": 0.9633329642858529,
  "ESCAPE_MOVE_WEIGHT": 140.32978028819235,
  "ESCAPE_WALL_WEIGHT": 494.1328470796255,
  "ESCAPE_VIRUS_SHIELD_WEIGHT": 284.2216601070715,
  "ESCAPE_HARD_MARGIN": 0.011635931128765632,
  "SPLIT_CAPTURE_WEIGHT": 8.708437978550355,
  "SPLIT_DEPTH_COST": 4.296419243068678,
  "SPLIT_FRAGMENT_COST": 0.03306063704808057,
  "SPLIT_EXTERNAL_RISK_WEIGHT": 3.4631459466160357,
  "SPLIT_MIN_UTILITY": -1.8774479252557068,
  "SPLIT_LARGER_OWNER_RATIO": 1.1676240134535303,
  "SPLIT_PLAN_WAIT_TICKS": 7,
  "CHASE_ACQUIRE_RANGE_MULT": 7.2644163432982545,
  "CHASE_DIRECT_RANGE_MULT": 3.5034682152173957,
  "CHASE_MAX_INTERCEPT_TICKS": 6.436100499038362,
  "CHASE_LOCK_TICKS": 76,
  "CHASE_WALL_HORIZON": 40.75860769265933,
  "CHASE_BLOCK_OFFSET_MULT": 1.4174491450899893,
  "CHASE_DISTANCE_WEIGHT": 0.12671590768021318,
  "CHASE_ETA_WEIGHT": 0.6766631285417593,
  "CHASE_LOCK_BONUS": 6.406996624458977,
  "CHASE_VELOCITY_NEW_WEIGHT": 0.4300070338298535,
  "VIRUS_ENEMY_RANGE_MULT": 6.399633055866504,
  "VIRUS_MANUAL_SPLIT_TIME_BONUS": 0.6295512787295058,
  "VIRUS_MANUAL_SPLIT_RISK_COST": 0.8666388964351048,
  "VIRUS_MAX_FARM_MASS": 263.44913393212306,
  "FOOD_CLUSTER_RADIUS": 6.57918110231644,
  "FOOD_CLUSTER_WEIGHT": 2.8735631071087426,
  "FOOD_DISTANCE_POWER": 1.739160239806851,
  "FOOD_LOCK_TICKS": 26,
  "ROAM_CENTER_WEIGHT": 0.4285295866787647,
  "ROAM_MOMENTUM_WEIGHT": 0.3400834281160843
}