{
  "OVERRIDE_ORDER": [
    "escape",
    "unstuck",
    "split",
    "chase",
    "virus",
    "food"
  ],
  "NUM_DIRECTIONS": 16,
  "MAX_ENEMIES": 18,
  "SAFETY_OWN_PIECES": 2,
  "STEP_RADIUS_MULT": 1.5175567581989804,
  "SPLIT_REACH_RELIABILITY": 0.6959926207211594,
  "ESCAPE_DIRECT_RANGE_MULT": 6.264153308388774,
  "ESCAPE_SPLIT_REACH_BUFFER": 1.1314872263510505,
  "ESCAPE_MOVE_WEIGHT": 118.78239832786218,
  "ESCAPE_WALL_WEIGHT": 112.33583885899462,
  "ESCAPE_VIRUS_SHIELD_WEIGHT": 930.0950836819211,
  "ESCAPE_HARD_MARGIN": 0.12368147388930412,
  "SPLIT_CAPTURE_WEIGHT": 12.86101315371117,
  "SPLIT_DEPTH_COST": 4.071745219974171,
  "SPLIT_FRAGMENT_COST": 0.45896956400867384,
  "SPLIT_EXTERNAL_RISK_WEIGHT": 2.633886902331192,
  "SPLIT_MIN_UTILITY": 0.5620219283640999,
  "SPLIT_LARGER_OWNER_RATIO": 1.1126348853342967,
  "SPLIT_PLAN_WAIT_TICKS": 5,
  "CHASE_ACQUIRE_RANGE_MULT": 8.51868188345317,
  "CHASE_DIRECT_RANGE_MULT": 3.4947243779547446,
  "CHASE_MAX_INTERCEPT_TICKS": 6.979976335408542,
  "CHASE_LOCK_TICKS": 139,
  "CHASE_WALL_HORIZON": 33.986463115558536,
  "CHASE_BLOCK_OFFSET_MULT": 1.3659992794780664,
  "CHASE_DISTANCE_WEIGHT": 0.4094444120263477,
  "CHASE_ETA_WEIGHT": 3.792374939237459,
  "CHASE_LOCK_BONUS": 5.332839616551263,
  "CHASE_VELOCITY_NEW_WEIGHT": 0.579346772778077,
  "VIRUS_ENEMY_RANGE_MULT": 6.990118670709871,
  "VIRUS_MANUAL_SPLIT_TIME_BONUS": 1.1167909837048273,
  "VIRUS_MANUAL_SPLIT_RISK_COST": 0.7204571053380854,
  "VIRUS_MAX_FARM_MASS": 124.05580925923358,
  "FOOD_CLUSTER_RADIUS": 2.9258803650376763,
  "FOOD_CLUSTER_WEIGHT": 1.7047130451150398,
  "FOOD_DISTANCE_POWER": 2.089891114821445,
  "FOOD_LOCK_TICKS": 11,
  "ROAM_CENTER_WEIGHT": 0.5013201695730826,
  "ROAM_MOMENTUM_WEIGHT": 0.4829716542881261
}