{
  "OVERRIDE_ORDER": [
    "escape",
    "unstuck",
    "split",
    "virus",
    "chase",
    "food"
  ],
  "NUM_DIRECTIONS": 12,
  "MAX_ENEMIES": 21,
  "SAFETY_OWN_PIECES": 2,
  "STEP_RADIUS_MULT": 1.4876135677981188,
  "SPLIT_REACH_RELIABILITY": 0.72468881712987,
  "ESCAPE_DIRECT_RANGE_MULT": 3.5454594716382006,
  "ESCAPE_SPLIT_REACH_BUFFER": 0.9366817334661854,
  "ESCAPE_MOVE_WEIGHT": 140.77577508797603,
  "ESCAPE_WALL_WEIGHT": 202.5202197439051,
  "ESCAPE_VIRUS_SHIELD_WEIGHT": 634.7481837136744,
  "ESCAPE_HARD_MARGIN": 0.2530956042979869,
  "SPLIT_CAPTURE_WEIGHT": 5.783715927762494,
  "SPLIT_DEPTH_COST": 6.762835945642464,
  "SPLIT_FRAGMENT_COST": 0.18840544608508633,
  "SPLIT_EXTERNAL_RISK_WEIGHT": 3.0697456085885144,
  "SPLIT_MIN_UTILITY": 5.516399961158644,
  "SPLIT_LARGER_OWNER_RATIO": 1.162213284711084,
  "SPLIT_PLAN_WAIT_TICKS": 7,
  "CHASE_ACQUIRE_RANGE_MULT": 13.300351225645665,
  "CHASE_DIRECT_RANGE_MULT": 2.3734453527469666,
  "CHASE_MAX_INTERCEPT_TICKS": 15.574611149113158,
  "CHASE_LOCK_TICKS": 201,
  "CHASE_WALL_HORIZON": 23.137670525694343,
  "CHASE_BLOCK_OFFSET_MULT": 0.9964990867910881,
  "CHASE_DISTANCE_WEIGHT": 0.0869507510826372,
  "CHASE_ETA_WEIGHT": 1.3925328239397987,
  "CHASE_LOCK_BONUS": 6.009497795410538,
  "CHASE_VELOCITY_NEW_WEIGHT": 0.4864273712059098,
  "VIRUS_ENEMY_RANGE_MULT": 5.2680218780148245,
  "VIRUS_MANUAL_SPLIT_TIME_BONUS": 3.47031190333378,
  "VIRUS_MANUAL_SPLIT_RISK_COST": 1.3901070530877757,
  "VIRUS_MAX_FARM_MASS": 260.92949458062503,
  "FOOD_CLUSTER_RADIUS": 3.3500330984397033,
  "FOOD_CLUSTER_WEIGHT": 0.33151665514242873,
  "FOOD_DISTANCE_POWER": 1.627826627957448,
  "FOOD_LOCK_TICKS": 13,
  "ROAM_CENTER_WEIGHT": 0.8450909177147513,
  "ROAM_MOMENTUM_WEIGHT": 0.6853570795424413
}