{
  "OVERRIDE_ORDER": [
    "escape",
    "unstuck",
    "split",
    "chase",
    "virus",
    "food"
  ],
  "NUM_DIRECTIONS": 16,
  "MAX_ENEMIES": 24,
  "SAFETY_OWN_PIECES": 2,
  "STEP_RADIUS_MULT": 1.6334665365788386,
  "SPLIT_REACH_RELIABILITY": 0.8553934919189602,
  "ESCAPE_DIRECT_RANGE_MULT": 6.197829998406098,
  "ESCAPE_SPLIT_REACH_BUFFER": 1.1402666687776462,
  "ESCAPE_MOVE_WEIGHT": 140.91737655832407,
  "ESCAPE_WALL_WEIGHT": 230.52527416587043,
  "ESCAPE_VIRUS_SHIELD_WEIGHT": 706.6440122851743,
  "ESCAPE_HARD_MARGIN": 0.2303626298006297,
  "SPLIT_CAPTURE_WEIGHT": 5.45358669663586,
  "SPLIT_DEPTH_COST": 4.990340436557861,
  "SPLIT_FRAGMENT_COST": 0.22318237522208004,
  "SPLIT_EXTERNAL_RISK_WEIGHT": 1.9329833746983365,
  "SPLIT_MIN_UTILITY": 5.502484788725896,
  "SPLIT_LARGER_OWNER_RATIO": 1.210026429719032,
  "SPLIT_PLAN_WAIT_TICKS": 7,
  "CHASE_ACQUIRE_RANGE_MULT": 5.806947456085775,
  "CHASE_DIRECT_RANGE_MULT": 2.680778795015218,
  "CHASE_MAX_INTERCEPT_TICKS": 6.06422375609811,
  "CHASE_LOCK_TICKS": 128,
  "CHASE_WALL_HORIZON": 35.56535441927508,
  "CHASE_BLOCK_OFFSET_MULT": 0.8184535464063543,
  "CHASE_DISTANCE_WEIGHT": 0.1522416597602597,
  "CHASE_ETA_WEIGHT": 0.5809889199454016,
  "CHASE_LOCK_BONUS": 11.469282700521504,
  "CHASE_VELOCITY_NEW_WEIGHT": 0.3643039628943281,
  "VIRUS_ENEMY_RANGE_MULT": 2.2452509469030515,
  "VIRUS_MANUAL_SPLIT_TIME_BONUS": 4.319035500057861,
  "VIRUS_MANUAL_SPLIT_RISK_COST": 0.35904586990619863,
  "VIRUS_MAX_FARM_MASS": 177.8703740969462,
  "FOOD_CLUSTER_RADIUS": 4.859921586273714,
  "FOOD_CLUSTER_WEIGHT": 0.7405460885032186,
  "FOOD_DISTANCE_POWER": 1.1841497428629686,
  "FOOD_LOCK_TICKS": 22,
  "ROAM_CENTER_WEIGHT": 1.3730545668031313,
  "ROAM_MOMENTUM_WEIGHT": 0.7102577265775091
}