{
  "OVERRIDE_ORDER": [
    "escape",
    "unstuck",
    "split",
    "chase",
    "virus",
    "food"
  ],
  "NUM_DIRECTIONS": 16,
  "MAX_ENEMIES": 24,
  "SAFETY_OWN_PIECES": 2,
  "STEP_RADIUS_MULT": 1.3795415944506182,
  "SPLIT_REACH_RELIABILITY": 0.6993550148077717,
  "ESCAPE_DIRECT_RANGE_MULT": 5.985183058576609,
  "ESCAPE_SPLIT_REACH_BUFFER": 1.1342772698751773,
  "ESCAPE_MOVE_WEIGHT": 151.21576435436035,
  "ESCAPE_WALL_WEIGHT": 104.68121919081489,
  "ESCAPE_VIRUS_SHIELD_WEIGHT": 1076.4290316684355,
  "ESCAPE_HARD_MARGIN": 0.15251791365768572,
  "SPLIT_CAPTURE_WEIGHT": 4.812191491071548,
  "SPLIT_DEPTH_COST": 2.9171770540860193,
  "SPLIT_FRAGMENT_COST": 0.2866026417512236,
  "SPLIT_EXTERNAL_RISK_WEIGHT": 0.7022976250244388,
  "SPLIT_MIN_UTILITY": 5.718452012716479,
  "SPLIT_LARGER_OWNER_RATIO": 1.0725097636817824,
  "SPLIT_PLAN_WAIT_TICKS": 2,
  "CHASE_ACQUIRE_RANGE_MULT": 9.208352362659168,
  "CHASE_DIRECT_RANGE_MULT": 4.9895412518279905,
  "CHASE_MAX_INTERCEPT_TICKS": 13.393574899800168,
  "CHASE_LOCK_TICKS": 96,
  "CHASE_WALL_HORIZON": 32.40699194113088,
  "CHASE_BLOCK_OFFSET_MULT": 0.7576902355042344,
  "CHASE_DISTANCE_WEIGHT": 0.3214968594360162,
  "CHASE_ETA_WEIGHT": 1.0328987143335624,
  "CHASE_LOCK_BONUS": 18.297136970635798,
  "CHASE_VELOCITY_NEW_WEIGHT": 0.23816921813704617,
  "VIRUS_ENEMY_RANGE_MULT": 4.071779072445244,
  "VIRUS_MANUAL_SPLIT_TIME_BONUS": 0.5450973148393241,
  "VIRUS_MANUAL_SPLIT_RISK_COST": 2.482196915903308,
  "VIRUS_MAX_FARM_MASS": 58.328352138415596,
  "FOOD_CLUSTER_RADIUS": 5.826672921708565,
  "FOOD_CLUSTER_WEIGHT": 0.5323027905549753,
  "FOOD_DISTANCE_POWER": 1.950074958355409,
  "FOOD_LOCK_TICKS": 4,
  "ROAM_CENTER_WEIGHT": 2.45737756551775,
  "ROAM_MOMENTUM_WEIGHT": 0.1039117329589693
}