{
  "OVERRIDE_ORDER": [
    "escape",
    "split",
    "unstuck",
    "chase",
    "virus",
    "food"
  ],
  "NUM_DIRECTIONS": 12,
  "MAX_ENEMIES": 24,
  "SAFETY_OWN_PIECES": 2,
  "STEP_RADIUS_MULT": 1.3703361219137637,
  "SPLIT_REACH_RELIABILITY": 0.761630878539117,
  "ESCAPE_DIRECT_RANGE_MULT": 6.734671101048885,
  "ESCAPE_SPLIT_REACH_BUFFER": 1.0102651460811425,
  "ESCAPE_MOVE_WEIGHT": 116.50878397583615,
  "ESCAPE_WALL_WEIGHT": 173.19779374287933,
  "ESCAPE_VIRUS_SHIELD_WEIGHT": 708.8405172039326,
  "ESCAPE_HARD_MARGIN": 0.29897784787242015,
  "SPLIT_CAPTURE_WEIGHT": 3.433850777780905,
  "SPLIT_DEPTH_COST": 2.9785154855226232,
  "SPLIT_FRAGMENT_COST": 0.2434021897939232,
  "SPLIT_EXTERNAL_RISK_WEIGHT": 0.5695346293386319,
  "SPLIT_MIN_UTILITY": 2.3185567675208705,
  "SPLIT_LARGER_OWNER_RATIO": 0.9778060892874827,
  "SPLIT_PLAN_WAIT_TICKS": 4,
  "CHASE_ACQUIRE_RANGE_MULT": 8.448554844022759,
  "CHASE_DIRECT_RANGE_MULT": 3.346975432556725,
  "CHASE_MAX_INTERCEPT_TICKS": 16.90865788354572,
  "CHASE_LOCK_TICKS": 149,
  "CHASE_WALL_HORIZON": 15.727234709459982,
  "CHASE_BLOCK_OFFSET_MULT": 0.8976110607490335,
  "CHASE_DISTANCE_WEIGHT": 0.8472266102826749,
  "CHASE_ETA_WEIGHT": 1.9347933290445312,
  "CHASE_LOCK_BONUS": 16.00210061754804,
  "CHASE_VELOCITY_NEW_WEIGHT": 0.3024957624783011,
  "VIRUS_ENEMY_RANGE_MULT": 4.500564472808916,
  "VIRUS_MANUAL_SPLIT_TIME_BONUS": 0.5816763001739553,
  "VIRUS_MANUAL_SPLIT_RISK_COST": 2.649334736081769,
  "VIRUS_MAX_FARM_MASS": 110.13318264274722,
  "FOOD_CLUSTER_RADIUS": 6.799874814432934,
  "FOOD_CLUSTER_WEIGHT": 0.5626312096393128,
  "FOOD_DISTANCE_POWER": 1.559589728253746,
  "FOOD_LOCK_TICKS": 14,
  "ROAM_CENTER_WEIGHT": 1.126522928230701,
  "ROAM_MOMENTUM_WEIGHT": 1.1318437721027135
}