{
  "OVERRIDE_ORDER": [
    "escape",
    "unstuck",
    "split",
    "chase",
    "virus",
    "food"
  ],
  "NUM_DIRECTIONS": 16,
  "MAX_ENEMIES": 18,
  "SAFETY_OWN_PIECES": 3,
  "STEP_RADIUS_MULT": 1.2704170934439931,
  "SPLIT_REACH_RELIABILITY": 0.6469259060506759,
  "ESCAPE_DIRECT_RANGE_MULT": 4.400532386471421,
  "ESCAPE_SPLIT_REACH_BUFFER": 1.0062219308799343,
  "ESCAPE_MOVE_WEIGHT": 136.38187322300857,
  "ESCAPE_WALL_WEIGHT": 193.94105294103798,
  "ESCAPE_VIRUS_SHIELD_WEIGHT": 1193.9253276908698,
  "ESCAPE_HARD_MARGIN": 0.2578498170946961,
  "SPLIT_CAPTURE_WEIGHT": 3.5805392353614773,
  "SPLIT_DEPTH_COST": 2.3053620330382167,
  "SPLIT_FRAGMENT_COST": 0.5742936047970941,
  "SPLIT_EXTERNAL_RISK_WEIGHT": 0.6967020606065553,
  "SPLIT_MIN_UTILITY": -1.0739384833358125,
  "SPLIT_LARGER_OWNER_RATIO": 1.1146088981209388,
  "SPLIT_PLAN_WAIT_TICKS": 2,
  "CHASE_ACQUIRE_RANGE_MULT": 9.362587707517486,
  "CHASE_DIRECT_RANGE_MULT": 4.046965461303359,
  "CHASE_MAX_INTERCEPT_TICKS": 13.077536780060168,
  "CHASE_LOCK_TICKS": 162,
  "CHASE_WALL_HORIZON": 17.08640436200821,
  "CHASE_BLOCK_OFFSET_MULT": 1.1284525002409502,
  "CHASE_DISTANCE_WEIGHT": 0.39968260145223533,
  "CHASE_ETA_WEIGHT": 1.7047299746232678,
  "CHASE_LOCK_BONUS": 10.219685074861175,
  "CHASE_VELOCITY_NEW_WEIGHT": 0.3497127102294073,
  "VIRUS_ENEMY_RANGE_MULT": 7.510473992547125,
  "VIRUS_MANUAL_SPLIT_TIME_BONUS": 1.6774340912677914,
  "VIRUS_MANUAL_SPLIT_RISK_COST": 7.387383011549329,
  "VIRUS_MAX_FARM_MASS": 91.80056032252476,
  "FOOD_CLUSTER_RADIUS": 5.8101586356106925,
  "FOOD_CLUSTER_WEIGHT": 0.5288518611919201,
  "FOOD_DISTANCE_POWER": 1.2412720670608945,
  "FOOD_LOCK_TICKS": 6,
  "ROAM_CENTER_WEIGHT": 1.908341312522823,
  "ROAM_MOMENTUM_WEIGHT": 0.8587871922904334
}