{
  "OVERRIDE_ORDER": [
    "escape",
    "unstuck",
    "split",
    "chase",
    "virus",
    "food"
  ],
  "NUM_DIRECTIONS": 16,
  "MAX_ENEMIES": 18,
  "SAFETY_OWN_PIECES": 2,
  "STEP_RADIUS_MULT": 1.6498279285947404,
  "SPLIT_REACH_RELIABILITY": 0.852232303766533,
  "ESCAPE_DIRECT_RANGE_MULT": 6.882370717887438,
  "ESCAPE_SPLIT_REACH_BUFFER": 1.0388623982268934,
  "ESCAPE_MOVE_WEIGHT": 128.20496837627798,
  "ESCAPE_WALL_WEIGHT": 233.3598768071031,
  "ESCAPE_VIRUS_SHIELD_WEIGHT": 1022.9555715408052,
  "ESCAPE_HARD_MARGIN": 0.20224418672005473,
  "SPLIT_CAPTURE_WEIGHT": 3.17020371353192,
  "SPLIT_DEPTH_COST": 3.899906454000627,
  "SPLIT_FRAGMENT_COST": 0.0710697417381184,
  "SPLIT_EXTERNAL_RISK_WEIGHT": 1.671268123470552,
  "SPLIT_MIN_UTILITY": 5.28664784895123,
  "SPLIT_LARGER_OWNER_RATIO": 1.1444119096154572,
  "SPLIT_PLAN_WAIT_TICKS": 5,
  "CHASE_ACQUIRE_RANGE_MULT": 5.880277920586924,
  "CHASE_DIRECT_RANGE_MULT": 2.6057001881371873,
  "CHASE_MAX_INTERCEPT_TICKS": 7.533578960472234,
  "CHASE_LOCK_TICKS": 191,
  "CHASE_WALL_HORIZON": 22.296254274835245,
  "CHASE_BLOCK_OFFSET_MULT": 0.7049746284844453,
  "CHASE_DISTANCE_WEIGHT": 0.06516796027492856,
  "CHASE_ETA_WEIGHT": 0.7426203192804137,
  "CHASE_LOCK_BONUS": 9.860014207572759,
  "CHASE_VELOCITY_NEW_WEIGHT": 0.2493721031101357,
  "VIRUS_ENEMY_RANGE_MULT": 2.8225087463306084,
  "VIRUS_MANUAL_SPLIT_TIME_BONUS": 6.755675533920746,
  "VIRUS_MANUAL_SPLIT_RISK_COST": 0.3505986734219055,
  "VIRUS_MAX_FARM_MASS": 331.16860605556974,
  "FOOD_CLUSTER_RADIUS": 4.461403968159843,
  "FOOD_CLUSTER_WEIGHT": 0.5750830624857661,
  "FOOD_DISTANCE_POWER": 1.0736038613177397,
  "FOOD_LOCK_TICKS": 16,
  "ROAM_CENTER_WEIGHT": 1.0711712384412775,
  "ROAM_MOMENTUM_WEIGHT": 0.7536354509026795
}