{
  "OVERRIDE_ORDER": [
    "escape",
    "unstuck",
    "split",
    "chase",
    "virus",
    "food"
  ],
  "NUM_DIRECTIONS": 16,
  "MAX_ENEMIES": 24,
  "SAFETY_OWN_PIECES": 2,
  "STEP_RADIUS_MULT": 1.2528102337804976,
  "SPLIT_REACH_RELIABILITY": 0.6370337784346756,
  "ESCAPE_DIRECT_RANGE_MULT": 6.357362369500767,
  "ESCAPE_SPLIT_REACH_BUFFER": 1.1341380758981587,
  "ESCAPE_MOVE_WEIGHT": 115.7323922520644,
  "ESCAPE_WALL_WEIGHT": 112.65128767297736,
  "ESCAPE_VIRUS_SHIELD_WEIGHT": 953.8703369127925,
  "ESCAPE_HARD_MARGIN": 0.2907490435189667,
  "SPLIT_CAPTURE_WEIGHT": 5.151381081099635,
  "SPLIT_DEPTH_COST": 4.680624230205641,
  "SPLIT_FRAGMENT_COST": 0.548035360224305,
  "SPLIT_EXTERNAL_RISK_WEIGHT": 0.5042126437982544,
  "SPLIT_MIN_UTILITY": 9.850074685599846,
  "SPLIT_LARGER_OWNER_RATIO": 1.0111080923952116,
  "SPLIT_PLAN_WAIT_TICKS": 3,
  "CHASE_ACQUIRE_RANGE_MULT": 4.799836711378597,
  "CHASE_DIRECT_RANGE_MULT": 3.414378296342534,
  "CHASE_MAX_INTERCEPT_TICKS": 16.835013052567813,
  "CHASE_LOCK_TICKS": 54,
  "CHASE_WALL_HORIZON": 26.972215666042107,
  "CHASE_BLOCK_OFFSET_MULT": 1.364676459628476,
  "CHASE_DISTANCE_WEIGHT": 0.19758553559741535,
  "CHASE_ETA_WEIGHT": 4.540804334458493,
  "CHASE_LOCK_BONUS": 40.08760144091598,
  "CHASE_VELOCITY_NEW_WEIGHT": 0.2723979924776805,
  "VIRUS_ENEMY_RANGE_MULT": 5.201463903335503,
  "VIRUS_MANUAL_SPLIT_TIME_BONUS": 1.2643999790353448,
  "VIRUS_MANUAL_SPLIT_RISK_COST": 0.9186243382367615,
  "VIRUS_MAX_FARM_MASS": 84.1921373960681,
  "FOOD_CLUSTER_RADIUS": 5.1149189602552605,
  "FOOD_CLUSTER_WEIGHT": 0.403895893274757,
  "FOOD_DISTANCE_POWER": 1.1498053919323576,
  "FOOD_LOCK_TICKS": 10,
  "ROAM_CENTER_WEIGHT": 0.2524163530552562,
  "ROAM_MOMENTUM_WEIGHT": 1.0850804685359223
}