{
  "OVERRIDE_ORDER": [
    "escape",
    "split",
    "unstuck",
    "chase",
    "virus",
    "food"
  ],
  "NUM_DIRECTIONS": 12,
  "MAX_ENEMIES": 24,
  "SAFETY_OWN_PIECES": 3,
  "STEP_RADIUS_MULT": 1.3592037005552182,
  "SPLIT_REACH_RELIABILITY": 0.7808674436693988,
  "ESCAPE_DIRECT_RANGE_MULT": 6.180682770563279,
  "ESCAPE_SPLIT_REACH_BUFFER": 1.0951939445850984,
  "ESCAPE_MOVE_WEIGHT": 119.61181385871228,
  "ESCAPE_WALL_WEIGHT": 136.90576480194213,
  "ESCAPE_VIRUS_SHIELD_WEIGHT": 1150.0521921750735,
  "ESCAPE_HARD_MARGIN": 0.30903272717206726,
  "SPLIT_CAPTURE_WEIGHT": 10.591750597131371,
  "SPLIT_DEPTH_COST": 4.203733509322935,
  "SPLIT_FRAGMENT_COST": 0.13462666097476758,
  "SPLIT_EXTERNAL_RISK_WEIGHT": 0.19671569964909028,
  "SPLIT_MIN_UTILITY": 9.692197603656524,
  "SPLIT_LARGER_OWNER_RATIO": 1.039209535622074,
  "SPLIT_PLAN_WAIT_TICKS": 6,
  "CHASE_ACQUIRE_RANGE_MULT": 6.271057506631581,
  "CHASE_DIRECT_RANGE_MULT": 3.906291592120932,
  "CHASE_MAX_INTERCEPT_TICKS": 16.710612504102,
  "CHASE_LOCK_TICKS": 50,
  "CHASE_WALL_HORIZON": 20.56004554228467,
  "CHASE_BLOCK_OFFSET_MULT": 1.370583265007096,
  "CHASE_DISTANCE_WEIGHT": 0.34463841793606437,
  "CHASE_ETA_WEIGHT": 0.971298690786677,
  "CHASE_LOCK_BONUS": 32.950016614788765,
  "CHASE_VELOCITY_NEW_WEIGHT": 0.20625437825887963,
  "VIRUS_ENEMY_RANGE_MULT": 5.371303751500781,
  "VIRUS_MANUAL_SPLIT_TIME_BONUS": 1.6706977439686865,
  "VIRUS_MANUAL_SPLIT_RISK_COST": 1.1959567931905277,
  "VIRUS_MAX_FARM_MASS": 244.92538700338022,
  "FOOD_CLUSTER_RADIUS": 6.266770448131482,
  "FOOD_CLUSTER_WEIGHT": 0.25492958388222253,
  "FOOD_DISTANCE_POWER": 1.9632856422601945,
  "FOOD_LOCK_TICKS": 11,
  "ROAM_CENTER_WEIGHT": 0.5566701304564776,
  "ROAM_MOMENTUM_WEIGHT": 0.1977822648561943
}