{
  "OVERRIDE_ORDER": [
    "escape",
    "unstuck",
    "split",
    "chase",
    "virus",
    "food"
  ],
  "NUM_DIRECTIONS": 16,
  "MAX_ENEMIES": 24,
  "SAFETY_OWN_PIECES": 2,
  "STEP_RADIUS_MULT": 1.6324342807865921,
  "SPLIT_REACH_RELIABILITY": 0.8815984812542574,
  "ESCAPE_DIRECT_RANGE_MULT": 7.061210846733024,
  "ESCAPE_SPLIT_REACH_BUFFER": 1.0574584140926722,
  "ESCAPE_MOVE_WEIGHT": 184.7742696201617,
  "ESCAPE_WALL_WEIGHT": 340.53443810371994,
  "ESCAPE_VIRUS_SHIELD_WEIGHT": 558.502077313051,
  "ESCAPE_HARD_MARGIN": 0.1851447624754325,
  "SPLIT_CAPTURE_WEIGHT": 3.0216453286699254,
  "SPLIT_DEPTH_COST": 2.421264823128498,
  "SPLIT_FRAGMENT_COST": 0.24032415672258717,
  "SPLIT_EXTERNAL_RISK_WEIGHT": 2.1715101807997903,
  "SPLIT_MIN_UTILITY": 7.391646157776926,
  "SPLIT_LARGER_OWNER_RATIO": 1.1768016078343388,
  "SPLIT_PLAN_WAIT_TICKS": 4,
  "CHASE_ACQUIRE_RANGE_MULT": 5.451777922771057,
  "CHASE_DIRECT_RANGE_MULT": 2.2028517353051433,
  "CHASE_MAX_INTERCEPT_TICKS": 8.07566689207062,
  "CHASE_LOCK_TICKS": 236,
  "CHASE_WALL_HORIZON": 22.046815993265472,
  "CHASE_BLOCK_OFFSET_MULT": 0.5474621063079146,
  "CHASE_DISTANCE_WEIGHT": 0.07030253543622428,
  "CHASE_ETA_WEIGHT": 0.3255086941483225,
  "CHASE_LOCK_BONUS": 18.742655288287885,
  "CHASE_VELOCITY_NEW_WEIGHT": 0.2985704635375869,
  "VIRUS_ENEMY_RANGE_MULT": 5.7235287354927,
  "VIRUS_MANUAL_SPLIT_TIME_BONUS": 1.4818799829360423,
  "VIRUS_MANUAL_SPLIT_RISK_COST": 0.25406419541314396,
  "VIRUS_MAX_FARM_MASS": 157.11631038844644,
  "FOOD_CLUSTER_RADIUS": 4.6632693705167725,
  "FOOD_CLUSTER_WEIGHT": 0.8230023962364503,
  "FOOD_DISTANCE_POWER": 1.7237854719544898,
  "FOOD_LOCK_TICKS": 21,
  "ROAM_CENTER_WEIGHT": 1.9949849734383318,
  "ROAM_MOMENTUM_WEIGHT": 1.2926931707916418
}