{
  "OVERRIDE_ORDER": [
    "split",
    "escape",
    "unstuck",
    "chase",
    "virus",
    "food"
  ],
  "NUM_DIRECTIONS": 16,
  "MAX_ENEMIES": 24,
  "SAFETY_OWN_PIECES": 2,
  "STEP_RADIUS_MULT": 1.3183783605373331,
  "SPLIT_REACH_RELIABILITY": 0.6391596688816283,
  "ESCAPE_DIRECT_RANGE_MULT": 7.253756047694462,
  "ESCAPE_SPLIT_REACH_BUFFER": 0.9793568711033198,
  "ESCAPE_MOVE_WEIGHT": 112.6966550236369,
  "ESCAPE_WALL_WEIGHT": 293.1639500247077,
  "ESCAPE_VIRUS_SHIELD_WEIGHT": 158.86680092699032,
  "ESCAPE_HARD_MARGIN": 0.021844855265533578,
  "SPLIT_CAPTURE_WEIGHT": 7.757039613269184,
  "SPLIT_DEPTH_COST": 3.1183659343253365,
  "SPLIT_FRAGMENT_COST": 0.05121333103280251,
  "SPLIT_EXTERNAL_RISK_WEIGHT": 1.059207376674033,
  "SPLIT_MIN_UTILITY": 1.9611194940554653,
  "SPLIT_LARGER_OWNER_RATIO": 1.0575854101065663,
  "SPLIT_PLAN_WAIT_TICKS": 9,
  "CHASE_ACQUIRE_RANGE_MULT": 10.730603990972964,
  "CHASE_DIRECT_RANGE_MULT": 1.9610698712803531,
  "CHASE_MAX_INTERCEPT_TICKS": 11.117932231734128,
  "CHASE_LOCK_TICKS": 55,
  "CHASE_WALL_HORIZON": 38.312419946665855,
  "CHASE_BLOCK_OFFSET_MULT": 1.2322217415790597,
  "CHASE_DISTANCE_WEIGHT": 0.05262852291000314,
  "CHASE_ETA_WEIGHT": 1.0607579728924679,
  "CHASE_LOCK_BONUS": 6.406682666224426,
  "CHASE_VELOCITY_NEW_WEIGHT": 0.32250324539415365,
  "VIRUS_ENEMY_RANGE_MULT": 8.376042194217225,
  "VIRUS_MANUAL_SPLIT_TIME_BONUS": 0.7509713283217236,
  "VIRUS_MANUAL_SPLIT_RISK_COST": 0.30075104210571196,
  "VIRUS_MAX_FARM_MASS": 234.80042292374984,
  "FOOD_CLUSTER_RADIUS": 4.803606337585365,
  "FOOD_CLUSTER_WEIGHT": 2.6715491553432296,
  "FOOD_DISTANCE_POWER": 1.8128645587791956,
  "FOOD_LOCK_TICKS": 30,
  "ROAM_CENTER_WEIGHT": 0.6175228292132832,
  "ROAM_MOMENTUM_WEIGHT": 0.7781030184930553
}