{
  "OVERRIDE_ORDER": [
    "escape",
    "unstuck",
    "split",
    "chase",
    "virus",
    "food"
  ],
  "NUM_DIRECTIONS": 16,
  "MAX_ENEMIES": 24,
  "SAFETY_OWN_PIECES": 2,
  "STEP_RADIUS_MULT": 1.5665174175766976,
  "SPLIT_REACH_RELIABILITY": 0.8071063794074242,
  "ESCAPE_DIRECT_RANGE_MULT": 6.494340361365812,
  "ESCAPE_SPLIT_REACH_BUFFER": 1.1502830556854757,
  "ESCAPE_MOVE_WEIGHT": 83.18591682748287,
  "ESCAPE_WALL_WEIGHT": 120.58542099182901,
  "ESCAPE_VIRUS_SHIELD_WEIGHT": 1204.8575917040394,
  "ESCAPE_HARD_MARGIN": 0.10520610062647884,
  "SPLIT_CAPTURE_WEIGHT": 5.245350743597552,
  "SPLIT_DEPTH_COST": 1.8080980708887906,
  "SPLIT_FRAGMENT_COST": 0.1835848414245776,
  "SPLIT_EXTERNAL_RISK_WEIGHT": 0.8970621203049861,
  "SPLIT_MIN_UTILITY": 9.682949792586,
  "SPLIT_LARGER_OWNER_RATIO": 1.1045809154698576,
  "SPLIT_PLAN_WAIT_TICKS": 8,
  "CHASE_ACQUIRE_RANGE_MULT": 7.077260183466631,
  "CHASE_DIRECT_RANGE_MULT": 2.3143105421531955,
  "CHASE_MAX_INTERCEPT_TICKS": 10.447695022674099,
  "CHASE_LOCK_TICKS": 131,
  "CHASE_WALL_HORIZON": 23.650900090107644,
  "CHASE_BLOCK_OFFSET_MULT": 1.4636482881589379,
  "CHASE_DISTANCE_WEIGHT": 0.16765895109199228,
  "CHASE_ETA_WEIGHT": 0.8069231643030105,
  "CHASE_LOCK_BONUS": 15.318426392362543,
  "CHASE_VELOCITY_NEW_WEIGHT": 0.49128127739136457,
  "VIRUS_ENEMY_RANGE_MULT": 5.671627391184485,
  "VIRUS_MANUAL_SPLIT_TIME_BONUS": 0.7785722464450086,
  "VIRUS_MANUAL_SPLIT_RISK_COST": 1.070951335311153,
  "VIRUS_MAX_FARM_MASS": 121.88718724546706,
  "FOOD_CLUSTER_RADIUS": 6.2610871580668555,
  "FOOD_CLUSTER_WEIGHT": 1.8539474783902459,
  "FOOD_DISTANCE_POWER": 1.9037473074744073,
  "FOOD_LOCK_TICKS": 7,
  "ROAM_CENTER_WEIGHT": 0.3529711900809904,
  "ROAM_MOMENTUM_WEIGHT": 0.30473897022336843
}