{
  "OVERRIDE_ORDER": [
    "escape",
    "split",
    "unstuck",
    "chase",
    "virus",
    "food"
  ],
  "NUM_DIRECTIONS": 16,
  "MAX_ENEMIES": 24,
  "SAFETY_OWN_PIECES": 2,
  "STEP_RADIUS_MULT": 1.585344395578265,
  "SPLIT_REACH_RELIABILITY": 0.7986191744211715,
  "ESCAPE_DIRECT_RANGE_MULT": 6.048116142983092,
  "ESCAPE_SPLIT_REACH_BUFFER": 1.073602665057794,
  "ESCAPE_MOVE_WEIGHT": 227.01208703246613,
  "ESCAPE_WALL_WEIGHT": 195.74661431268487,
  "ESCAPE_VIRUS_SHIELD_WEIGHT": 573.9678636674912,
  "ESCAPE_HARD_MARGIN": 0.11099540562445666,
  "SPLIT_CAPTURE_WEIGHT": 3.8560403161126877,
  "SPLIT_DEPTH_COST": 2.954388106283858,
  "SPLIT_FRAGMENT_COST": 0.25528762152307943,
  "SPLIT_EXTERNAL_RISK_WEIGHT": 2.1666532643361216,
  "SPLIT_MIN_UTILITY": 9.451218507518227,
  "SPLIT_LARGER_OWNER_RATIO": 1.0881467898425166,
  "SPLIT_PLAN_WAIT_TICKS": 4,
  "CHASE_ACQUIRE_RANGE_MULT": 5.901316184400776,
  "CHASE_DIRECT_RANGE_MULT": 2.436959781861505,
  "CHASE_MAX_INTERCEPT_TICKS": 11.167054643985056,
  "CHASE_LOCK_TICKS": 163,
  "CHASE_WALL_HORIZON": 15.901798031111484,
  "CHASE_BLOCK_OFFSET_MULT": 0.871666907626635,
  "CHASE_DISTANCE_WEIGHT": 0.06965284153799516,
  "CHASE_ETA_WEIGHT": 0.30857486673923185,
  "CHASE_LOCK_BONUS": 7.423577254334616,
  "CHASE_VELOCITY_NEW_WEIGHT": 0.24549200604048643,
  "VIRUS_ENEMY_RANGE_MULT": 2.4273945024375942,
  "VIRUS_MANUAL_SPLIT_TIME_BONUS": 4.738420431994397,
  "VIRUS_MANUAL_SPLIT_RISK_COST": 0.5847139701471021,
  "VIRUS_MAX_FARM_MASS": 182.5576209198525,
  "FOOD_CLUSTER_RADIUS": 4.191417702288568,
  "FOOD_CLUSTER_WEIGHT": 0.6469003948318053,
  "FOOD_DISTANCE_POWER": 1.2424542637011913,
  "FOOD_LOCK_TICKS": 15,
  "ROAM_CENTER_WEIGHT": 1.34909953490407,
  "ROAM_MOMENTUM_WEIGHT": 1.2913571164747395
}