{
  "OVERRIDE_ORDER": [
    "escape",
    "unstuck",
    "split",
    "chase",
    "virus",
    "food"
  ],
  "NUM_DIRECTIONS": 16,
  "MAX_ENEMIES": 24,
  "SAFETY_OWN_PIECES": 3,
  "STEP_RADIUS_MULT": 1.2753204697999139,
  "SPLIT_REACH_RELIABILITY": 0.6431960827493406,
  "ESCAPE_DIRECT_RANGE_MULT": 6.257981570824075,
  "ESCAPE_SPLIT_REACH_BUFFER": 1.0367020832814757,
  "ESCAPE_MOVE_WEIGHT": 153.76747487067547,
  "ESCAPE_WALL_WEIGHT": 113.3845413936672,
  "ESCAPE_VIRUS_SHIELD_WEIGHT": 376.65436474188266,
  "ESCAPE_HARD_MARGIN": 0.21680420234497733,
  "SPLIT_CAPTURE_WEIGHT": 6.558147472928815,
  "SPLIT_DEPTH_COST": 3.602805013857572,
  "SPLIT_FRAGMENT_COST": 0.1974667327766075,
  "SPLIT_EXTERNAL_RISK_WEIGHT": 0.3984996950445063,
  "SPLIT_MIN_UTILITY": 3.948900832960125,
  "SPLIT_LARGER_OWNER_RATIO": 1.0290639389855039,
  "SPLIT_PLAN_WAIT_TICKS": 3,
  "CHASE_ACQUIRE_RANGE_MULT": 8.71347876791829,
  "CHASE_DIRECT_RANGE_MULT": 3.7550841040785237,
  "CHASE_MAX_INTERCEPT_TICKS": 11.27442213900687,
  "CHASE_LOCK_TICKS": 62,
  "CHASE_WALL_HORIZON": 32.915182727792136,
  "CHASE_BLOCK_OFFSET_MULT": 1.151527061233283,
  "CHASE_DISTANCE_WEIGHT": 0.44105048443090045,
  "CHASE_ETA_WEIGHT": 4.398212021892332,
  "CHASE_LOCK_BONUS": 35.961398892518126,
  "CHASE_VELOCITY_NEW_WEIGHT": 0.28795211073403665,
  "VIRUS_ENEMY_RANGE_MULT": 6.785507545204887,
  "VIRUS_MANUAL_SPLIT_TIME_BONUS": 1.1834484683703563,
  "VIRUS_MANUAL_SPLIT_RISK_COST": 2.0447439039500073,
  "VIRUS_MAX_FARM_MASS": 258.20206572845814,
  "FOOD_CLUSTER_RADIUS": 5.333543270780231,
  "FOOD_CLUSTER_WEIGHT": 0.8682048281034241,
  "FOOD_DISTANCE_POWER": 2.1918822147568395,
  "FOOD_LOCK_TICKS": 3,
  "ROAM_CENTER_WEIGHT": 1.1387932962813152,
  "ROAM_MOMENTUM_WEIGHT": 0.11673508641434105
}