{
  "OVERRIDE_ORDER": [
    "escape",
    "split",
    "unstuck",
    "chase",
    "virus",
    "food"
  ],
  "NUM_DIRECTIONS": 12,
  "MAX_ENEMIES": 21,
  "SAFETY_OWN_PIECES": 3,
  "STEP_RADIUS_MULT": 1.2994099463870623,
  "SPLIT_REACH_RELIABILITY": 0.7170424344765575,
  "ESCAPE_DIRECT_RANGE_MULT": 6.842052151493522,
  "ESCAPE_SPLIT_REACH_BUFFER": 1.0207904297303383,
  "ESCAPE_MOVE_WEIGHT": 117.97059132142181,
  "ESCAPE_WALL_WEIGHT": 183.8602015428129,
  "ESCAPE_VIRUS_SHIELD_WEIGHT": 502.6059643865671,
  "ESCAPE_HARD_MARGIN": 0.2933369481987569,
  "SPLIT_CAPTURE_WEIGHT": 6.586032906210995,
  "SPLIT_DEPTH_COST": 3.8585090394559116,
  "SPLIT_FRAGMENT_COST": 0.03703720153208904,
  "SPLIT_EXTERNAL_RISK_WEIGHT": 0.3642723229643688,
  "SPLIT_MIN_UTILITY": 8.475067917576586,
  "SPLIT_LARGER_OWNER_RATIO": 1.1370510079917224,
  "SPLIT_PLAN_WAIT_TICKS": 4,
  "CHASE_ACQUIRE_RANGE_MULT": 12.446963487588997,
  "CHASE_DIRECT_RANGE_MULT": 1.6724041796464353,
  "CHASE_MAX_INTERCEPT_TICKS": 16.382119649180225,
  "CHASE_LOCK_TICKS": 87,
  "CHASE_WALL_HORIZON": 33.88096173296752,
  "CHASE_BLOCK_OFFSET_MULT": 0.604843356953072,
  "CHASE_DISTANCE_WEIGHT": 0.05422448251042846,
  "CHASE_ETA_WEIGHT": 0.27404207703819505,
  "CHASE_LOCK_BONUS": 8.97741566802048,
  "CHASE_VELOCITY_NEW_WEIGHT": 0.789620386385578,
  "VIRUS_ENEMY_RANGE_MULT": 8.674914095481295,
  "VIRUS_MANUAL_SPLIT_TIME_BONUS": 0.9165797971313738,
  "VIRUS_MANUAL_SPLIT_RISK_COST": 0.4952101140137805,
  "VIRUS_MAX_FARM_MASS": 212.8552535502304,
  "FOOD_CLUSTER_RADIUS": 6.192119709785093,
  "FOOD_CLUSTER_WEIGHT": 0.27497118014312993,
  "FOOD_DISTANCE_POWER": 1.7510277257718418,
  "FOOD_LOCK_TICKS": 23,
  "ROAM_CENTER_WEIGHT": 1.0180085288870253,
  "ROAM_MOMENTUM_WEIGHT": 1.0003345504638053
}