{
  "OVERRIDE_ORDER": [
    "escape",
    "unstuck",
    "split",
    "chase",
    "virus",
    "food"
  ],
  "NUM_DIRECTIONS": 16,
  "MAX_ENEMIES": 24,
  "SAFETY_OWN_PIECES": 3,
  "STEP_RADIUS_MULT": 1.4551397507053743,
  "SPLIT_REACH_RELIABILITY": 0.6603464606985177,
  "ESCAPE_DIRECT_RANGE_MULT": 5.123670041054955,
  "ESCAPE_SPLIT_REACH_BUFFER": 1.0447983439925839,
  "ESCAPE_MOVE_WEIGHT": 135.82470893548816,
  "ESCAPE_WALL_WEIGHT": 209.88849092892616,
  "ESCAPE_VIRUS_SHIELD_WEIGHT": 1114.9080249526696,
  "ESCAPE_HARD_MARGIN": 0.1584892316519384,
  "SPLIT_CAPTURE_WEIGHT": 5.412205459604404,
  "SPLIT_DEPTH_COST": 1.507286495618488,
  "SPLIT_FRAGMENT_COST": 0.136205149486357,
  "SPLIT_EXTERNAL_RISK_WEIGHT": 0.326493872390113,
  "SPLIT_MIN_UTILITY": -1.2951002227044173,
  "SPLIT_LARGER_OWNER_RATIO": 1.0347191329675174,
  "SPLIT_PLAN_WAIT_TICKS": 4,
  "CHASE_ACQUIRE_RANGE_MULT": 9.13856885376039,
  "CHASE_DIRECT_RANGE_MULT": 2.6421927170038373,
  "CHASE_MAX_INTERCEPT_TICKS": 17.199849996384486,
  "CHASE_LOCK_TICKS": 108,
  "CHASE_WALL_HORIZON": 16.02409574585372,
  "CHASE_BLOCK_OFFSET_MULT": 1.0389525051278568,
  "CHASE_DISTANCE_WEIGHT": 0.8116009018702548,
  "CHASE_ETA_WEIGHT": 1.1079131677143934,
  "CHASE_LOCK_BONUS": 19.09503736060211,
  "CHASE_VELOCITY_NEW_WEIGHT": 0.4617044181068004,
  "VIRUS_ENEMY_RANGE_MULT": 2.0168284216454273,
  "VIRUS_MANUAL_SPLIT_TIME_BONUS": 1.540622816718825,
  "VIRUS_MANUAL_SPLIT_RISK_COST": 4.992058444501497,
  "VIRUS_MAX_FARM_MASS": 125.17541951743988,
  "FOOD_CLUSTER_RADIUS": 4.634817310492558,
  "FOOD_CLUSTER_WEIGHT": 1.3648802556190183,
  "FOOD_DISTANCE_POWER": 1.3801309993083928,
  "FOOD_LOCK_TICKS": 14,
  "ROAM_CENTER_WEIGHT": 2.327930971789157,
  "ROAM_MOMENTUM_WEIGHT": 1.2545056990901324
}