{
  "OVERRIDE_ORDER": [
    "escape",
    "unstuck",
    "split",
    "virus",
    "chase",
    "food"
  ],
  "NUM_DIRECTIONS": 12,
  "MAX_ENEMIES": 24,
  "SAFETY_OWN_PIECES": 2,
  "STEP_RADIUS_MULT": 1.355153339321755,
  "SPLIT_REACH_RELIABILITY": 0.8328344473020667,
  "ESCAPE_DIRECT_RANGE_MULT": 5.110046671954274,
  "ESCAPE_SPLIT_REACH_BUFFER": 1.01289227274713,
  "ESCAPE_MOVE_WEIGHT": 227.5082751795331,
  "ESCAPE_WALL_WEIGHT": 507.16672827760993,
  "ESCAPE_VIRUS_SHIELD_WEIGHT": 800.3038323761967,
  "ESCAPE_HARD_MARGIN": 0.15897432904422337,
  "SPLIT_CAPTURE_WEIGHT": 5.898539305208043,
  "SPLIT_DEPTH_COST": 2.15495774921998,
  "SPLIT_FRAGMENT_COST": 0.10110810339498497,
  "SPLIT_EXTERNAL_RISK_WEIGHT": 2.2630692148126634,
  "SPLIT_MIN_UTILITY": 7.884803836677849,
  "SPLIT_LARGER_OWNER_RATIO": 0.9759155709820515,
  "SPLIT_PLAN_WAIT_TICKS": 3,
  "CHASE_ACQUIRE_RANGE_MULT": 8.203860169424601,
  "CHASE_DIRECT_RANGE_MULT": 3.814697387922017,
  "CHASE_MAX_INTERCEPT_TICKS": 13.209671915117996,
  "CHASE_LOCK_TICKS": 87,
  "CHASE_WALL_HORIZON": 23.899318267092298,
  "CHASE_BLOCK_OFFSET_MULT": 0.3027918265486581,
  "CHASE_DISTANCE_WEIGHT": 0.05584788037268991,
  "CHASE_ETA_WEIGHT": 2.9844121109125625,
  "CHASE_LOCK_BONUS": 6.306071438733101,
  "CHASE_VELOCITY_NEW_WEIGHT": 0.4618857169584186,
  "VIRUS_ENEMY_RANGE_MULT": 7.778865358244969,
  "VIRUS_MANUAL_SPLIT_TIME_BONUS": 1.6889806830168816,
  "VIRUS_MANUAL_SPLIT_RISK_COST": 1.6387309180112488,
  "VIRUS_MAX_FARM_MASS": 46.43442683139944,
  "FOOD_CLUSTER_RADIUS": 4.444807694919457,
  "FOOD_CLUSTER_WEIGHT": 0.79216574730835,
  "FOOD_DISTANCE_POWER": 1.228116785531331,
  "FOOD_LOCK_TICKS": 20,
  "ROAM_CENTER_WEIGHT": 0.2996627510870938,
  "ROAM_MOMENTUM_WEIGHT": 0.08376649919282757
}