{
  "OVERRIDE_ORDER": [
    "escape",
    "unstuck",
    "split",
    "chase",
    "virus",
    "food"
  ],
  "NUM_DIRECTIONS": 16,
  "MAX_ENEMIES": 21,
  "SAFETY_OWN_PIECES": 2,
  "STEP_RADIUS_MULT": 1.4407755257966934,
  "SPLIT_REACH_RELIABILITY": 0.7530464354953007,
  "ESCAPE_DIRECT_RANGE_MULT": 5.881324950878178,
  "ESCAPE_SPLIT_REACH_BUFFER": 1.146333830663458,
  "ESCAPE_MOVE_WEIGHT": 102.88606296746508,
  "ESCAPE_WALL_WEIGHT": 100.80539319119121,
  "ESCAPE_VIRUS_SHIELD_WEIGHT": 937.6857714170856,
  "ESCAPE_HARD_MARGIN": 0.028603388894149755,
  "SPLIT_CAPTURE_WEIGHT": 14.456638791621577,
  "SPLIT_DEPTH_COST": 3.937558699349971,
  "SPLIT_FRAGMENT_COST": 0.2812788993459575,
  "SPLIT_EXTERNAL_RISK_WEIGHT": 1.5889375427574786,
  "SPLIT_MIN_UTILITY": 3.9081520689376985,
  "SPLIT_LARGER_OWNER_RATIO": 0.9949648696923629,
  "SPLIT_PLAN_WAIT_TICKS": 5,
  "CHASE_ACQUIRE_RANGE_MULT": 7.274808117726616,
  "CHASE_DIRECT_RANGE_MULT": 4.475191245797215,
  "CHASE_MAX_INTERCEPT_TICKS": 10.466881718317664,
  "CHASE_LOCK_TICKS": 224,
  "CHASE_WALL_HORIZON": 18.61944701004605,
  "CHASE_BLOCK_OFFSET_MULT": 0.9943619459988545,
  "CHASE_DISTANCE_WEIGHT": 0.5506565512864012,
  "CHASE_ETA_WEIGHT": 3.4239233127619335,
  "CHASE_LOCK_BONUS": 41.103737443692616,
  "CHASE_VELOCITY_NEW_WEIGHT": 0.7044266908875112,
  "VIRUS_ENEMY_RANGE_MULT": 7.176997221142601,
  "VIRUS_MANUAL_SPLIT_TIME_BONUS": 1.3063239170381127,
  "VIRUS_MANUAL_SPLIT_RISK_COST": 2.1007920026182636,
  "VIRUS_MAX_FARM_MASS": 107.74475127184024,
  "FOOD_CLUSTER_RADIUS": 4.455806563014175,
  "FOOD_CLUSTER_WEIGHT": 1.48614615123803,
  "FOOD_DISTANCE_POWER": 1.6919833850098787,
  "FOOD_LOCK_TICKS": 17,
  "ROAM_CENTER_WEIGHT": 2.058415314731355,
  "ROAM_MOMENTUM_WEIGHT": 0.0954918394156512
}