{
  "OVERRIDE_ORDER": [
    "escape",
    "unstuck",
    "split",
    "chase",
    "virus",
    "food"
  ],
  "NUM_DIRECTIONS": 12,
  "MAX_ENEMIES": 24,
  "SAFETY_OWN_PIECES": 2,
  "STEP_RADIUS_MULT": 1.409719792682965,
  "SPLIT_REACH_RELIABILITY": 0.6604576915932349,
  "ESCAPE_DIRECT_RANGE_MULT": 7.788957552761789,
  "ESCAPE_SPLIT_REACH_BUFFER": 1.0817086046340987,
  "ESCAPE_MOVE_WEIGHT": 235.0103766717497,
  "ESCAPE_WALL_WEIGHT": 126.20932619224185,
  "ESCAPE_VIRUS_SHIELD_WEIGHT": 1111.3846471773186,
  "ESCAPE_HARD_MARGIN": 0.2941525345077482,
  "SPLIT_CAPTURE_WEIGHT": 3.5413548997967492,
  "SPLIT_DEPTH_COST": 4.307791713718242,
  "SPLIT_FRAGMENT_COST": 0.21348268198450468,
  "SPLIT_EXTERNAL_RISK_WEIGHT": 0.8426808890744862,
  "SPLIT_MIN_UTILITY": 5.638998950482584,
  "SPLIT_LARGER_OWNER_RATIO": 0.9952881524625987,
  "SPLIT_PLAN_WAIT_TICKS": 3,
  "CHASE_ACQUIRE_RANGE_MULT": 8.895560335318775,
  "CHASE_DIRECT_RANGE_MULT": 4.49484442039538,
  "CHASE_MAX_INTERCEPT_TICKS": 17.931047747136255,
  "CHASE_LOCK_TICKS": 43,
  "CHASE_WALL_HORIZON": 20.149555507004692,
  "CHASE_BLOCK_OFFSET_MULT": 1.4680974018762614,
  "CHASE_DISTANCE_WEIGHT": 0.7644730028513788,
  "CHASE_ETA_WEIGHT": 3.501691346781707,
  "CHASE_LOCK_BONUS": 41.01387297797076,
  "CHASE_VELOCITY_NEW_WEIGHT": 0.2819187308421169,
  "VIRUS_ENEMY_RANGE_MULT": 7.0440302570697195,
  "VIRUS_MANUAL_SPLIT_TIME_BONUS": 0.7560990943678957,
  "VIRUS_MANUAL_SPLIT_RISK_COST": 3.3068667162024012,
  "VIRUS_MAX_FARM_MASS": 64.50861512426725,
  "FOOD_CLUSTER_RADIUS": 6.652755147418878,
  "FOOD_CLUSTER_WEIGHT": 0.3625066738474699,
  "FOOD_DISTANCE_POWER": 1.8428135546240514,
  "FOOD_LOCK_TICKS": 19,
  "ROAM_CENTER_WEIGHT": 0.6049171609737936,
  "ROAM_MOMENTUM_WEIGHT": 0.5604254210503841
}