{
  "OVERRIDE_ORDER": [
    "escape",
    "unstuck",
    "split",
    "chase",
    "virus",
    "food"
  ],
  "NUM_DIRECTIONS": 16,
  "MAX_ENEMIES": 24,
  "SAFETY_OWN_PIECES": 2,
  "STEP_RADIUS_MULT": 1.396194782328572,
  "SPLIT_REACH_RELIABILITY": 0.7753408809802939,
  "ESCAPE_DIRECT_RANGE_MULT": 5.995941733827051,
  "ESCAPE_SPLIT_REACH_BUFFER": 1.1478792293651325,
  "ESCAPE_MOVE_WEIGHT": 97.70739337331058,
  "ESCAPE_WALL_WEIGHT": 128.78782168664478,
  "ESCAPE_VIRUS_SHIELD_WEIGHT": 1316.1625626698283,
  "ESCAPE_HARD_MARGIN": 0.07742030671834911,
  "SPLIT_CAPTURE_WEIGHT": 7.2102514685824035,
  "SPLIT_DEPTH_COST": 5.009385249243991,
  "SPLIT_FRAGMENT_COST": 0.4469062421031338,
  "SPLIT_EXTERNAL_RISK_WEIGHT": 0.17547970214931488,
  "SPLIT_MIN_UTILITY": 8.11097938459451,
  "SPLIT_LARGER_OWNER_RATIO": 1.0297591425585944,
  "SPLIT_PLAN_WAIT_TICKS": 3,
  "CHASE_ACQUIRE_RANGE_MULT": 11.358625858427352,
  "CHASE_DIRECT_RANGE_MULT": 3.1935713273078665,
  "CHASE_MAX_INTERCEPT_TICKS": 9.428835717722503,
  "CHASE_LOCK_TICKS": 65,
  "CHASE_WALL_HORIZON": 18.836587150095827,
  "CHASE_BLOCK_OFFSET_MULT": 0.9701835921003458,
  "CHASE_DISTANCE_WEIGHT": 0.4342149524546335,
  "CHASE_ETA_WEIGHT": 2.2293047091166027,
  "CHASE_LOCK_BONUS": 22.990949720309867,
  "CHASE_VELOCITY_NEW_WEIGHT": 0.3278196991302552,
  "VIRUS_ENEMY_RANGE_MULT": 5.7644914959161575,
  "VIRUS_MANUAL_SPLIT_TIME_BONUS": 0.7514399654370899,
  "VIRUS_MANUAL_SPLIT_RISK_COST": 3.914730379348884,
  "VIRUS_MAX_FARM_MASS": 226.25501368315756,
  "FOOD_CLUSTER_RADIUS": 2.745297388811474,
  "FOOD_CLUSTER_WEIGHT": 0.498738020564615,
  "FOOD_DISTANCE_POWER": 1.3531480586304985,
  "FOOD_LOCK_TICKS": 9,
  "ROAM_CENTER_WEIGHT": 0.8409577389762357,
  "ROAM_MOMENTUM_WEIGHT": 0.18485437530455592
}