{
  "OVERRIDE_ORDER": [
    "escape",
    "unstuck",
    "split",
    "chase",
    "virus",
    "food"
  ],
  "NUM_DIRECTIONS": 16,
  "MAX_ENEMIES": 21,
  "SAFETY_OWN_PIECES": 2,
  "STEP_RADIUS_MULT": 1.3263684349520939,
  "SPLIT_REACH_RELIABILITY": 0.8243283772631379,
  "ESCAPE_DIRECT_RANGE_MULT": 4.835376621072537,
  "ESCAPE_SPLIT_REACH_BUFFER": 1.1331659224220314,
  "ESCAPE_MOVE_WEIGHT": 80.14015968390032,
  "ESCAPE_WALL_WEIGHT": 199.79165326049963,
  "ESCAPE_VIRUS_SHIELD_WEIGHT": 1062.4380122572038,
  "ESCAPE_HARD_MARGIN": 0.2034323492956079,
  "SPLIT_CAPTURE_WEIGHT": 8.806561833387018,
  "SPLIT_DEPTH_COST": 2.010232477047049,
  "SPLIT_FRAGMENT_COST": 0.3358320014616932,
  "SPLIT_EXTERNAL_RISK_WEIGHT": 2.025066689867552,
  "SPLIT_MIN_UTILITY": 6.176315467599924,
  "SPLIT_LARGER_OWNER_RATIO": 1.0423787572811647,
  "SPLIT_PLAN_WAIT_TICKS": 2,
  "CHASE_ACQUIRE_RANGE_MULT": 7.240240589693518,
  "CHASE_DIRECT_RANGE_MULT": 4.683802657857372,
  "CHASE_MAX_INTERCEPT_TICKS": 13.245216439413836,
  "CHASE_LOCK_TICKS": 91,
  "CHASE_WALL_HORIZON": 25.809406519979298,
  "CHASE_BLOCK_OFFSET_MULT": 1.3780537291391175,
  "CHASE_DISTANCE_WEIGHT": 0.41199307586000145,
  "CHASE_ETA_WEIGHT": 0.7185309788715277,
  "CHASE_LOCK_BONUS": 22.468236482504548,
  "CHASE_VELOCITY_NEW_WEIGHT": 0.5238724498895205,
  "VIRUS_ENEMY_RANGE_MULT": 8.014150694586005,
  "VIRUS_MANUAL_SPLIT_TIME_BONUS": 1.0935077736463734,
  "VIRUS_MANUAL_SPLIT_RISK_COST": 5.322073686425669,
  "VIRUS_MAX_FARM_MASS": 141.76640974497775,
  "FOOD_CLUSTER_RADIUS": 3.813743723929432,
  "FOOD_CLUSTER_WEIGHT": 1.8234978886976385,
  "FOOD_DISTANCE_POWER": 1.3160460736718194,
  "FOOD_LOCK_TICKS": 13,
  "ROAM_CENTER_WEIGHT": 2.477716716471071,
  "ROAM_MOMENTUM_WEIGHT": 0.22034373800933987
}