{
  "OVERRIDE_ORDER": [
    "split",
    "escape",
    "unstuck",
    "chase",
    "virus",
    "food"
  ],
  "NUM_DIRECTIONS": 12,
  "MAX_ENEMIES": 18,
  "SAFETY_OWN_PIECES": 2,
  "STEP_RADIUS_MULT": 1.5250974960777341,
  "SPLIT_REACH_RELIABILITY": 0.7831518693374502,
  "ESCAPE_DIRECT_RANGE_MULT": 5.650819759373469,
  "ESCAPE_SPLIT_REACH_BUFFER": 1.0000398372052817,
  "ESCAPE_MOVE_WEIGHT": 89.31186698109718,
  "ESCAPE_WALL_WEIGHT": 173.32968246499226,
  "ESCAPE_VIRUS_SHIELD_WEIGHT": 172.04557115251973,
  "ESCAPE_HARD_MARGIN": 0.12317733863805108,
  "SPLIT_CAPTURE_WEIGHT": 3.9153867000570197,
  "SPLIT_DEPTH_COST": 4.282245509952912,
  "SPLIT_FRAGMENT_COST": 0.4468919492732693,
  "SPLIT_EXTERNAL_RISK_WEIGHT": 2.6193648132699323,
  "SPLIT_MIN_UTILITY": 9.563243793910843,
  "SPLIT_LARGER_OWNER_RATIO": 1.1121654942573715,
  "SPLIT_PLAN_WAIT_TICKS": 5,
  "CHASE_ACQUIRE_RANGE_MULT": 13.860999009824575,
  "CHASE_DIRECT_RANGE_MULT": 2.5853782823672535,
  "CHASE_MAX_INTERCEPT_TICKS": 11.63486581284897,
  "CHASE_LOCK_TICKS": 49,
  "CHASE_WALL_HORIZON": 25.07167944616554,
  "CHASE_BLOCK_OFFSET_MULT": 0.9755163389890179,
  "CHASE_DISTANCE_WEIGHT": 0.1276058672039947,
  "CHASE_ETA_WEIGHT": 5.388307072767026,
  "CHASE_LOCK_BONUS": 47.541801609968424,
  "CHASE_VELOCITY_NEW_WEIGHT": 0.29656518698358614,
  "VIRUS_ENEMY_RANGE_MULT": 3.8799704828088926,
  "VIRUS_MANUAL_SPLIT_TIME_BONUS": 1.7760512395808616,
  "VIRUS_MANUAL_SPLIT_RISK_COST": 0.2892610515096877,
  "VIRUS_MAX_FARM_MASS": 61.957795141137574,
  "FOOD_CLUSTER_RADIUS": 3.473819196256884,
  "FOOD_CLUSTER_WEIGHT": 1.9252914154983798,
  "FOOD_DISTANCE_POWER": 0.8021830631725747,
  "FOOD_LOCK_TICKS": 22,
  "ROAM_CENTER_WEIGHT": 0.6416401635475989,
  "ROAM_MOMENTUM_WEIGHT": 0.32166998649628203
}