{
  "OVERRIDE_ORDER": [
    "escape",
    "unstuck",
    "split",
    "chase",
    "virus",
    "food"
  ],
  "NUM_DIRECTIONS": 16,
  "MAX_ENEMIES": 24,
  "SAFETY_OWN_PIECES": 2,
  "STEP_RADIUS_MULT": 1.444811732054692,
  "SPLIT_REACH_RELIABILITY": 0.7161624811729529,
  "ESCAPE_DIRECT_RANGE_MULT": 5.354905893907733,
  "ESCAPE_SPLIT_REACH_BUFFER": 1.10654811789337,
  "ESCAPE_MOVE_WEIGHT": 155.16439311829893,
  "ESCAPE_WALL_WEIGHT": 278.3014709980111,
  "ESCAPE_VIRUS_SHIELD_WEIGHT": 993.529611948113,
  "ESCAPE_HARD_MARGIN": 0.09461794458728193,
  "SPLIT_CAPTURE_WEIGHT": 14.69718223394841,
  "SPLIT_DEPTH_COST": 1.9141161968631317,
  "SPLIT_FRAGMENT_COST": 0.5193823186381947,
  "SPLIT_EXTERNAL_RISK_WEIGHT": 2.343378404159995,
  "SPLIT_MIN_UTILITY": 7.234825911960829,
  "SPLIT_LARGER_OWNER_RATIO": 0.9606927596327962,
  "SPLIT_PLAN_WAIT_TICKS": 7,
  "CHASE_ACQUIRE_RANGE_MULT": 10.679444339508894,
  "CHASE_DIRECT_RANGE_MULT": 4.999560475138973,
  "CHASE_MAX_INTERCEPT_TICKS": 10.978004969914162,
  "CHASE_LOCK_TICKS": 68,
  "CHASE_WALL_HORIZON": 23.348629155354974,
  "CHASE_BLOCK_OFFSET_MULT": 1.387820937175938,
  "CHASE_DISTANCE_WEIGHT": 0.40988928483788395,
  "CHASE_ETA_WEIGHT": 1.3720046605714447,
  "CHASE_LOCK_BONUS": 36.88933265579344,
  "CHASE_VELOCITY_NEW_WEIGHT": 0.49191299761618695,
  "VIRUS_ENEMY_RANGE_MULT": 7.074797345822828,
  "VIRUS_MANUAL_SPLIT_TIME_BONUS": 0.518790311136855,
  "VIRUS_MANUAL_SPLIT_RISK_COST": 0.554365192287789,
  "VIRUS_MAX_FARM_MASS": 58.21486747002916,
  "FOOD_CLUSTER_RADIUS": 2.503580103652129,
  "FOOD_CLUSTER_WEIGHT": 1.9634068094821688,
  "FOOD_DISTANCE_POWER": 1.9548763852555178,
  "FOOD_LOCK_TICKS": 12,
  "ROAM_CENTER_WEIGHT": 1.2189830975067932,
  "ROAM_MOMENTUM_WEIGHT": 0.20860526044010522
}