{
  "OVERRIDE_ORDER": [
    "escape",
    "unstuck",
    "split",
    "chase",
    "virus",
    "food"
  ],
  "NUM_DIRECTIONS": 16,
  "MAX_ENEMIES": 21,
  "SAFETY_OWN_PIECES": 2,
  "STEP_RADIUS_MULT": 1.4237975614395715,
  "SPLIT_REACH_RELIABILITY": 0.717220183052302,
  "ESCAPE_DIRECT_RANGE_MULT": 5.718304030390726,
  "ESCAPE_SPLIT_REACH_BUFFER": 1.145062204293466,
  "ESCAPE_MOVE_WEIGHT": 212.8690331550147,
  "ESCAPE_WALL_WEIGHT": 358.28035293870914,
  "ESCAPE_VIRUS_SHIELD_WEIGHT": 669.0288331849835,
  "ESCAPE_HARD_MARGIN": 0.13191281755149895,
  "SPLIT_CAPTURE_WEIGHT": 14.378673899333121,
  "SPLIT_DEPTH_COST": 2.535017143355555,
  "SPLIT_FRAGMENT_COST": 0.5956548940907918,
  "SPLIT_EXTERNAL_RISK_WEIGHT": 2.1485306473442347,
  "SPLIT_MIN_UTILITY": 9.32179183781058,
  "SPLIT_LARGER_OWNER_RATIO": 1.0185499320792657,
  "SPLIT_PLAN_WAIT_TICKS": 5,
  "CHASE_ACQUIRE_RANGE_MULT": 13.525622957070215,
  "CHASE_DIRECT_RANGE_MULT": 4.92166926141517,
  "CHASE_MAX_INTERCEPT_TICKS": 10.893348072699316,
  "CHASE_LOCK_TICKS": 94,
  "CHASE_WALL_HORIZON": 22.5339776778681,
  "CHASE_BLOCK_OFFSET_MULT": 1.420681644906572,
  "CHASE_DISTANCE_WEIGHT": 0.6601575590985005,
  "CHASE_ETA_WEIGHT": 2.2212719771392524,
  "CHASE_LOCK_BONUS": 38.77807858081495,
  "CHASE_VELOCITY_NEW_WEIGHT": 0.476791767636392,
  "VIRUS_ENEMY_RANGE_MULT": 5.134653923734136,
  "VIRUS_MANUAL_SPLIT_TIME_BONUS": 0.9750474125078353,
  "VIRUS_MANUAL_SPLIT_RISK_COST": 0.8079557240747738,
  "VIRUS_MAX_FARM_MASS": 55.66148374635341,
  "FOOD_CLUSTER_RADIUS": 4.520999318170121,
  "FOOD_CLUSTER_WEIGHT": 2.2934331477499517,
  "FOOD_DISTANCE_POWER": 2.128559094087116,
  "FOOD_LOCK_TICKS": 15,
  "ROAM_CENTER_WEIGHT": 1.020771551240372,
  "ROAM_MOMENTUM_WEIGHT": 0.13477314621103983
}