{
  "OVERRIDE_ORDER": [
    "escape",
    "unstuck",
    "split",
    "chase",
    "virus",
    "food"
  ],
  "NUM_DIRECTIONS": 16,
  "MAX_ENEMIES": 24,
  "SAFETY_OWN_PIECES": 2,
  "STEP_RADIUS_MULT": 1.2967725542241464,
  "SPLIT_REACH_RELIABILITY": 0.6950002281771774,
  "ESCAPE_DIRECT_RANGE_MULT": 4.961964554232044,
  "ESCAPE_SPLIT_REACH_BUFFER": 1.117619762918069,
  "ESCAPE_MOVE_WEIGHT": 93.03226758094915,
  "ESCAPE_WALL_WEIGHT": 162.36060559522338,
  "ESCAPE_VIRUS_SHIELD_WEIGHT": 877.5666554215754,
  "ESCAPE_HARD_MARGIN": 0.11735709380790035,
  "SPLIT_CAPTURE_WEIGHT": 14.958246004585298,
  "SPLIT_DEPTH_COST": 4.1052352716415825,
  "SPLIT_FRAGMENT_COST": 0.21588376803467912,
  "SPLIT_EXTERNAL_RISK_WEIGHT": 0.4049743144685434,
  "SPLIT_MIN_UTILITY": 7.380889367387525,
  "SPLIT_LARGER_OWNER_RATIO": 1.04068114948238,
  "SPLIT_PLAN_WAIT_TICKS": 5,
  "CHASE_ACQUIRE_RANGE_MULT": 12.301689190319722,
  "CHASE_DIRECT_RANGE_MULT": 4.854695474680982,
  "CHASE_MAX_INTERCEPT_TICKS": 9.391447152207313,
  "CHASE_LOCK_TICKS": 120,
  "CHASE_WALL_HORIZON": 19.39069254149682,
  "CHASE_BLOCK_OFFSET_MULT": 1.4113992615718616,
  "CHASE_DISTANCE_WEIGHT": 0.4204784197628854,
  "CHASE_ETA_WEIGHT": 1.7062557060706514,
  "CHASE_LOCK_BONUS": 21.654718589385432,
  "CHASE_VELOCITY_NEW_WEIGHT": 0.7490627927551378,
  "VIRUS_ENEMY_RANGE_MULT": 8.556577831424217,
  "VIRUS_MANUAL_SPLIT_TIME_BONUS": 1.1508400667650656,
  "VIRUS_MANUAL_SPLIT_RISK_COST": 1.0623718264753073,
  "VIRUS_MAX_FARM_MASS": 69.3001545016306,
  "FOOD_CLUSTER_RADIUS": 2.766693157247485,
  "FOOD_CLUSTER_WEIGHT": 1.1635970615669546,
  "FOOD_DISTANCE_POWER": 1.5975446724776,
  "FOOD_LOCK_TICKS": 15,
  "ROAM_CENTER_WEIGHT": 0.5138842729324338,
  "ROAM_MOMENTUM_WEIGHT": 0.1964415227737466
}