{
  "OVERRIDE_ORDER": [
    "escape",
    "unstuck",
    "split",
    "chase",
    "virus",
    "food"
  ],
  "NUM_DIRECTIONS": 16,
  "MAX_ENEMIES": 24,
  "SAFETY_OWN_PIECES": 2,
  "STEP_RADIUS_MULT": 1.4367566886155425,
  "SPLIT_REACH_RELIABILITY": 0.6969822547544636,
  "ESCAPE_DIRECT_RANGE_MULT": 5.377342602207249,
  "ESCAPE_SPLIT_REACH_BUFFER": 1.0588728997129933,
  "ESCAPE_MOVE_WEIGHT": 98.77812533741,
  "ESCAPE_WALL_WEIGHT": 161.23248150110118,
  "ESCAPE_VIRUS_SHIELD_WEIGHT": 852.0181495192022,
  "ESCAPE_HARD_MARGIN": 0.0014789691175336496,
  "SPLIT_CAPTURE_WEIGHT": 11.027662472366881,
  "SPLIT_DEPTH_COST": 3.800460277792275,
  "SPLIT_FRAGMENT_COST": 0.6167056663673406,
  "SPLIT_EXTERNAL_RISK_WEIGHT": 1.1954033189315159,
  "SPLIT_MIN_UTILITY": 8.623524745073103,
  "SPLIT_LARGER_OWNER_RATIO": 0.991164300180682,
  "SPLIT_PLAN_WAIT_TICKS": 6,
  "CHASE_ACQUIRE_RANGE_MULT": 12.749452246759349,
  "CHASE_DIRECT_RANGE_MULT": 4.3502823542432765,
  "CHASE_MAX_INTERCEPT_TICKS": 11.880394547645402,
  "CHASE_LOCK_TICKS": 61,
  "CHASE_WALL_HORIZON": 19.37263076777134,
  "CHASE_BLOCK_OFFSET_MULT": 1.2946931816251126,
  "CHASE_DISTANCE_WEIGHT": 0.17101802555940412,
  "CHASE_ETA_WEIGHT": 1.1384749651480728,
  "CHASE_LOCK_BONUS": 33.524116242098714,
  "CHASE_VELOCITY_NEW_WEIGHT": 0.41051569850305986,
  "VIRUS_ENEMY_RANGE_MULT": 7.228959096718085,
  "VIRUS_MANUAL_SPLIT_TIME_BONUS": 0.8661330972485093,
  "VIRUS_MANUAL_SPLIT_RISK_COST": 0.8143526688786075,
  "VIRUS_MAX_FARM_MASS": 294.3146386511467,
  "FOOD_CLUSTER_RADIUS": 3.8204529320253906,
  "FOOD_CLUSTER_WEIGHT": 2.2017680531032062,
  "FOOD_DISTANCE_POWER": 1.6583622148768995,
  "FOOD_LOCK_TICKS": 17,
  "ROAM_CENTER_WEIGHT": 1.7960837302784416,
  "ROAM_MOMENTUM_WEIGHT": 0.09785806239184394
}