{
  "OVERRIDE_ORDER": [
    "escape",
    "unstuck",
    "split",
    "chase",
    "virus",
    "food"
  ],
  "NUM_DIRECTIONS": 16,
  "MAX_ENEMIES": 21,
  "SAFETY_OWN_PIECES": 2,
  "STEP_RADIUS_MULT": 1.3864978183037544,
  "SPLIT_REACH_RELIABILITY": 0.7983517150350206,
  "ESCAPE_DIRECT_RANGE_MULT": 6.704959842753339,
  "ESCAPE_SPLIT_REACH_BUFFER": 1.1095295828119207,
  "ESCAPE_MOVE_WEIGHT": 104.97344290748704,
  "ESCAPE_WALL_WEIGHT": 328.8011616209634,
  "ESCAPE_VIRUS_SHIELD_WEIGHT": 776.8913716811592,
  "ESCAPE_HARD_MARGIN": 0.04812500155711958,
  "SPLIT_CAPTURE_WEIGHT": 12.170978453300107,
  "SPLIT_DEPTH_COST": 6.225823630523245,
  "SPLIT_FRAGMENT_COST": 0.4680047513514134,
  "SPLIT_EXTERNAL_RISK_WEIGHT": 1.6033039525633987,
  "SPLIT_MIN_UTILITY": 9.4846526536461,
  "SPLIT_LARGER_OWNER_RATIO": 1.0283801881587729,
  "SPLIT_PLAN_WAIT_TICKS": 4,
  "CHASE_ACQUIRE_RANGE_MULT": 10.255509513295854,
  "CHASE_DIRECT_RANGE_MULT": 4.622651331956452,
  "CHASE_MAX_INTERCEPT_TICKS": 11.797224406164833,
  "CHASE_LOCK_TICKS": 203,
  "CHASE_WALL_HORIZON": 23.467478356659623,
  "CHASE_BLOCK_OFFSET_MULT": 1.36937978951142,
  "CHASE_DISTANCE_WEIGHT": 0.45328851281458765,
  "CHASE_ETA_WEIGHT": 2.2926343473851163,
  "CHASE_LOCK_BONUS": 20.178039992207026,
  "CHASE_VELOCITY_NEW_WEIGHT": 0.3953329773022941,
  "VIRUS_ENEMY_RANGE_MULT": 8.272750760568929,
  "VIRUS_MANUAL_SPLIT_TIME_BONUS": 0.643763486387184,
  "VIRUS_MANUAL_SPLIT_RISK_COST": 5.041753100074426,
  "VIRUS_MAX_FARM_MASS": 74.21390916058851,
  "FOOD_CLUSTER_RADIUS": 3.1463208770961852,
  "FOOD_CLUSTER_WEIGHT": 1.491009497038816,
  "FOOD_DISTANCE_POWER": 1.8522397121705252,
  "FOOD_LOCK_TICKS": 14,
  "ROAM_CENTER_WEIGHT": 0.6271550990603495,
  "ROAM_MOMENTUM_WEIGHT": 0.29934068143444825
}