{
  "OVERRIDE_ORDER": [
    "escape",
    "unstuck",
    "split",
    "virus",
    "chase",
    "food"
  ],
  "NUM_DIRECTIONS": 16,
  "MAX_ENEMIES": 21,
  "SAFETY_OWN_PIECES": 3,
  "STEP_RADIUS_MULT": 1.5799456709380557,
  "SPLIT_REACH_RELIABILITY": 0.8024132293056216,
  "ESCAPE_DIRECT_RANGE_MULT": 6.5448146329866175,
  "ESCAPE_SPLIT_REACH_BUFFER": 1.0033309653970106,
  "ESCAPE_MOVE_WEIGHT": 130.24923797862934,
  "ESCAPE_WALL_WEIGHT": 128.2101377871128,
  "ESCAPE_VIRUS_SHIELD_WEIGHT": 1094.018195748023,
  "ESCAPE_HARD_MARGIN": 0.11998359553010435,
  "SPLIT_CAPTURE_WEIGHT": 8.868263765943036,
  "SPLIT_DEPTH_COST": 4.431694678692355,
  "SPLIT_FRAGMENT_COST": 0.35269029429659954,
  "SPLIT_EXTERNAL_RISK_WEIGHT": 3.1875999956052143,
  "SPLIT_MIN_UTILITY": 9.227464934280782,
  "SPLIT_LARGER_OWNER_RATIO": 0.979876834159646,
  "SPLIT_PLAN_WAIT_TICKS": 9,
  "CHASE_ACQUIRE_RANGE_MULT": 13.489352686366038,
  "CHASE_DIRECT_RANGE_MULT": 3.52498463027406,
  "CHASE_MAX_INTERCEPT_TICKS": 15.960539331950132,
  "CHASE_LOCK_TICKS": 83,
  "CHASE_WALL_HORIZON": 24.126573894482544,
  "CHASE_BLOCK_OFFSET_MULT": 0.7380460510050472,
  "CHASE_DISTANCE_WEIGHT": 0.31755488619999145,
  "CHASE_ETA_WEIGHT": 0.640154065609441,
  "CHASE_LOCK_BONUS": 38.29440705601356,
  "CHASE_VELOCITY_NEW_WEIGHT": 0.2760765499829063,
  "VIRUS_ENEMY_RANGE_MULT": 6.956909531489633,
  "VIRUS_MANUAL_SPLIT_TIME_BONUS": 2.2234830097304816,
  "VIRUS_MANUAL_SPLIT_RISK_COST": 1.9729429799252722,
  "VIRUS_MAX_FARM_MASS": 143.76843759599603,
  "FOOD_CLUSTER_RADIUS": 3.123927785649608,
  "FOOD_CLUSTER_WEIGHT": 2.44366018137617,
  "FOOD_DISTANCE_POWER": 2.0314207720383495,
  "FOOD_LOCK_TICKS": 5,
  "ROAM_CENTER_WEIGHT": 1.4923617223228136,
  "ROAM_MOMENTUM_WEIGHT": 0.16469097838972044
}