{
  "OVERRIDE_ORDER": [
    "escape",
    "unstuck",
    "split",
    "virus",
    "chase",
    "food"
  ],
  "NUM_DIRECTIONS": 16,
  "MAX_ENEMIES": 21,
  "SAFETY_OWN_PIECES": 2,
  "STEP_RADIUS_MULT": 1.4845613210972624,
  "SPLIT_REACH_RELIABILITY": 0.6583386316642871,
  "ESCAPE_DIRECT_RANGE_MULT": 6.708719606936275,
  "ESCAPE_SPLIT_REACH_BUFFER": 1.08969785591675,
  "ESCAPE_MOVE_WEIGHT": 90.84550771858778,
  "ESCAPE_WALL_WEIGHT": 214.05835140011703,
  "ESCAPE_VIRUS_SHIELD_WEIGHT": 1317.2035826619926,
  "ESCAPE_HARD_MARGIN": 0.19626684466473263,
  "SPLIT_CAPTURE_WEIGHT": 6.3097212420459075,
  "SPLIT_DEPTH_COST": 3.055385013354543,
  "SPLIT_FRAGMENT_COST": 0.2077497004455744,
  "SPLIT_EXTERNAL_RISK_WEIGHT": 2.7569922851650954,
  "SPLIT_MIN_UTILITY": 9.424986298730952,
  "SPLIT_LARGER_OWNER_RATIO": 0.9522283733581343,
  "SPLIT_PLAN_WAIT_TICKS": 8,
  "CHASE_ACQUIRE_RANGE_MULT": 9.331353900581272,
  "CHASE_DIRECT_RANGE_MULT": 4.769232518490807,
  "CHASE_MAX_INTERCEPT_TICKS": 9.87983708793667,
  "CHASE_LOCK_TICKS": 180,
  "CHASE_WALL_HORIZON": 16.681663353833436,
  "CHASE_BLOCK_OFFSET_MULT": 1.4482185389347437,
  "CHASE_DISTANCE_WEIGHT": 0.1996580995697171,
  "CHASE_ETA_WEIGHT": 0.27864616842184264,
  "CHASE_LOCK_BONUS": 31.612988311149525,
  "CHASE_VELOCITY_NEW_WEIGHT": 0.42434904308208726,
  "VIRUS_ENEMY_RANGE_MULT": 5.076474190771379,
  "VIRUS_MANUAL_SPLIT_TIME_BONUS": 2.2524664806769006,
  "VIRUS_MANUAL_SPLIT_RISK_COST": 4.382615070202023,
  "VIRUS_MAX_FARM_MASS": 224.73545195455702,
  "FOOD_CLUSTER_RADIUS": 2.749969411389072,
  "FOOD_CLUSTER_WEIGHT": 1.4443892200539954,
  "FOOD_DISTANCE_POWER": 1.6721857654601433,
  "FOOD_LOCK_TICKS": 15,
  "ROAM_CENTER_WEIGHT": 1.2571524469668431,
  "ROAM_MOMENTUM_WEIGHT": 0.2008528632286582
}