{
  "OVERRIDE_ORDER": [
    "split",
    "escape",
    "unstuck",
    "chase",
    "virus",
    "food"
  ],
  "NUM_DIRECTIONS": 16,
  "MAX_ENEMIES": 21,
  "SAFETY_OWN_PIECES": 2,
  "STEP_RADIUS_MULT": 1.4028962627337866,
  "SPLIT_REACH_RELIABILITY": 0.6213993200517378,
  "ESCAPE_DIRECT_RANGE_MULT": 7.197047546222,
  "ESCAPE_SPLIT_REACH_BUFFER": 0.9859715082292465,
  "ESCAPE_MOVE_WEIGHT": 95.68687624299905,
  "ESCAPE_WALL_WEIGHT": 349.6992187362646,
  "ESCAPE_VIRUS_SHIELD_WEIGHT": 403.93397350023656,
  "ESCAPE_HARD_MARGIN": 0.01877859703740858,
  "SPLIT_CAPTURE_WEIGHT": 4.5997447876761175,
  "SPLIT_DEPTH_COST": 3.1686629056346343,
  "SPLIT_FRAGMENT_COST": 0.03455289074514417,
  "SPLIT_EXTERNAL_RISK_WEIGHT": 1.9584928318684636,
  "SPLIT_MIN_UTILITY": 4.941178509649573,
  "SPLIT_LARGER_OWNER_RATIO": 1.0897786515665238,
  "SPLIT_PLAN_WAIT_TICKS": 9,
  "CHASE_ACQUIRE_RANGE_MULT": 6.253442702765559,
  "CHASE_DIRECT_RANGE_MULT": 4.122021259768662,
  "CHASE_MAX_INTERCEPT_TICKS": 7.9086657055115195,
  "CHASE_LOCK_TICKS": 40,
  "CHASE_WALL_HORIZON": 39.79858249293296,
  "CHASE_BLOCK_OFFSET_MULT": 1.151547014327912,
  "CHASE_DISTANCE_WEIGHT": 0.0821629561698596,
  "CHASE_ETA_WEIGHT": 0.7347523270645865,
  "CHASE_LOCK_BONUS": 6.638296226438567,
  "CHASE_VELOCITY_NEW_WEIGHT": 0.6495707833232858,
  "VIRUS_ENEMY_RANGE_MULT": 5.171643806696474,
  "VIRUS_MANUAL_SPLIT_TIME_BONUS": 1.59725669992638,
  "VIRUS_MANUAL_SPLIT_RISK_COST": 0.41643515191521524,
  "VIRUS_MAX_FARM_MASS": 317.5823823147264,
  "FOOD_CLUSTER_RADIUS": 5.380892237669162,
  "FOOD_CLUSTER_WEIGHT": 2.4102772766931695,
  "FOOD_DISTANCE_POWER": 1.7146805493916573,
  "FOOD_LOCK_TICKS": 21,
  "ROAM_CENTER_WEIGHT": 0.23891663050126347,
  "ROAM_MOMENTUM_WEIGHT": 0.8464563280046574
}