{
  "OVERRIDE_ORDER": [
    "escape",
    "unstuck",
    "split",
    "chase",
    "virus",
    "food"
  ],
  "NUM_DIRECTIONS": 16,
  "MAX_ENEMIES": 24,
  "SAFETY_OWN_PIECES": 2,
  "STEP_RADIUS_MULT": 1.3061616119939228,
  "SPLIT_REACH_RELIABILITY": 0.655492696680133,
  "ESCAPE_DIRECT_RANGE_MULT": 6.1498874263715395,
  "ESCAPE_SPLIT_REACH_BUFFER": 1.1447991859842868,
  "ESCAPE_MOVE_WEIGHT": 101.0445620276654,
  "ESCAPE_WALL_WEIGHT": 103.40884189352872,
  "ESCAPE_VIRUS_SHIELD_WEIGHT": 1215.5404280531595,
  "ESCAPE_HARD_MARGIN": 0.14482646886778128,
  "SPLIT_CAPTURE_WEIGHT": 9.05047213800081,
  "SPLIT_DEPTH_COST": 2.584902687924683,
  "SPLIT_FRAGMENT_COST": 0.6394461368981991,
  "SPLIT_EXTERNAL_RISK_WEIGHT": 0.6892867549871816,
  "SPLIT_MIN_UTILITY": 4.4420466073787,
  "SPLIT_LARGER_OWNER_RATIO": 0.9856049730965809,
  "SPLIT_PLAN_WAIT_TICKS": 1,
  "CHASE_ACQUIRE_RANGE_MULT": 6.071652734105919,
  "CHASE_DIRECT_RANGE_MULT": 4.078071703499805,
  "CHASE_MAX_INTERCEPT_TICKS": 17.74948971701752,
  "CHASE_LOCK_TICKS": 58,
  "CHASE_WALL_HORIZON": 17.89635938592987,
  "CHASE_BLOCK_OFFSET_MULT": 1.4649364994012206,
  "CHASE_DISTANCE_WEIGHT": 0.20772853826648877,
  "CHASE_ETA_WEIGHT": 0.6042068375793538,
  "CHASE_LOCK_BONUS": 19.363486696654746,
  "CHASE_VELOCITY_NEW_WEIGHT": 0.4512777528897575,
  "VIRUS_ENEMY_RANGE_MULT": 7.2229104775094575,
  "VIRUS_MANUAL_SPLIT_TIME_BONUS": 0.6206570608368944,
  "VIRUS_MANUAL_SPLIT_RISK_COST": 0.9322078651769817,
  "VIRUS_MAX_FARM_MASS": 143.93851713995352,
  "FOOD_CLUSTER_RADIUS": 5.900958252830241,
  "FOOD_CLUSTER_WEIGHT": 0.25706905069564945,
  "FOOD_DISTANCE_POWER": 1.835995891534702,
  "FOOD_LOCK_TICKS": 12,
  "ROAM_CENTER_WEIGHT": 0.6548483506348047,
  "ROAM_MOMENTUM_WEIGHT": 0.7499008600202918
}