{
  "OVERRIDE_ORDER": [
    "escape",
    "unstuck",
    "split",
    "chase",
    "virus",
    "food"
  ],
  "NUM_DIRECTIONS": 16,
  "MAX_ENEMIES": 24,
  "SAFETY_OWN_PIECES": 2,
  "STEP_RADIUS_MULT": 1.3201777480581613,
  "SPLIT_REACH_RELIABILITY": 0.7352075932222163,
  "ESCAPE_DIRECT_RANGE_MULT": 4.625607495913694,
  "ESCAPE_SPLIT_REACH_BUFFER": 1.1403625351980937,
  "ESCAPE_MOVE_WEIGHT": 140.20232770391172,
  "ESCAPE_WALL_WEIGHT": 204.04889500060378,
  "ESCAPE_VIRUS_SHIELD_WEIGHT": 756.462619571027,
  "ESCAPE_HARD_MARGIN": 0.03525543487738403,
  "SPLIT_CAPTURE_WEIGHT": 10.872057669667546,
  "SPLIT_DEPTH_COST": 3.1216030356638473,
  "SPLIT_FRAGMENT_COST": 0.2440929868416565,
  "SPLIT_EXTERNAL_RISK_WEIGHT": 0.9890253534087373,
  "SPLIT_MIN_UTILITY": 9.255693426703315,
  "SPLIT_LARGER_OWNER_RATIO": 0.9817016853772527,
  "SPLIT_PLAN_WAIT_TICKS": 7,
  "CHASE_ACQUIRE_RANGE_MULT": 13.734244451879688,
  "CHASE_DIRECT_RANGE_MULT": 3.9012466873622627,
  "CHASE_MAX_INTERCEPT_TICKS": 5.479787815458083,
  "CHASE_LOCK_TICKS": 167,
  "CHASE_WALL_HORIZON": 18.84211268104223,
  "CHASE_BLOCK_OFFSET_MULT": 1.4670633368079788,
  "CHASE_DISTANCE_WEIGHT": 0.3428854884879714,
  "CHASE_ETA_WEIGHT": 0.8028465137188796,
  "CHASE_LOCK_BONUS": 16.71323532286871,
  "CHASE_VELOCITY_NEW_WEIGHT": 0.38512801429088905,
  "VIRUS_ENEMY_RANGE_MULT": 3.9398484982755333,
  "VIRUS_MANUAL_SPLIT_TIME_BONUS": 1.0597704321870678,
  "VIRUS_MANUAL_SPLIT_RISK_COST": 4.260607735849492,
  "VIRUS_MAX_FARM_MASS": 185.9427104129681,
  "FOOD_CLUSTER_RADIUS": 3.923255075396357,
  "FOOD_CLUSTER_WEIGHT": 2.632363342717556,
  "FOOD_DISTANCE_POWER": 1.0446249232705824,
  "FOOD_LOCK_TICKS": 10,
  "ROAM_CENTER_WEIGHT": 2.5812647243734936,
  "ROAM_MOMENTUM_WEIGHT": 0.4820770962022156
}