{
  "OVERRIDE_ORDER": [
    "escape",
    "unstuck",
    "split",
    "chase",
    "virus",
    "food"
  ],
  "NUM_DIRECTIONS": 16,
  "MAX_ENEMIES": 24,
  "SAFETY_OWN_PIECES": 2,
  "STEP_RADIUS_MULT": 1.283140792004449,
  "SPLIT_REACH_RELIABILITY": 0.6365500237215413,
  "ESCAPE_DIRECT_RANGE_MULT": 6.987186995336052,
  "ESCAPE_SPLIT_REACH_BUFFER": 1.0848938785806244,
  "ESCAPE_MOVE_WEIGHT": 98.84045632540531,
  "ESCAPE_WALL_WEIGHT": 124.49064563916681,
  "ESCAPE_VIRUS_SHIELD_WEIGHT": 691.1075288541662,
  "ESCAPE_HARD_MARGIN": 0.05384156978099315,
  "SPLIT_CAPTURE_WEIGHT": 6.349373980441563,
  "SPLIT_DEPTH_COST": 5.585249956712161,
  "SPLIT_FRAGMENT_COST": 0.21530833365712437,
  "SPLIT_EXTERNAL_RISK_WEIGHT": 0.7139484674862484,
  "SPLIT_MIN_UTILITY": 4.908061336345371,
  "SPLIT_LARGER_OWNER_RATIO": 1.0264280564024535,
  "SPLIT_PLAN_WAIT_TICKS": 3,
  "CHASE_ACQUIRE_RANGE_MULT": 7.711444838078497,
  "CHASE_DIRECT_RANGE_MULT": 4.620175107990641,
  "CHASE_MAX_INTERCEPT_TICKS": 15.921332815526839,
  "CHASE_LOCK_TICKS": 86,
  "CHASE_WALL_HORIZON": 24.439836840954257,
  "CHASE_BLOCK_OFFSET_MULT": 1.3073849826664274,
  "CHASE_DISTANCE_WEIGHT": 0.5479458044853116,
  "CHASE_ETA_WEIGHT": 1.3478011333819875,
  "CHASE_LOCK_BONUS": 22.18237563899648,
  "CHASE_VELOCITY_NEW_WEIGHT": 0.3103316731820138,
  "VIRUS_ENEMY_RANGE_MULT": 6.530420908489452,
  "VIRUS_MANUAL_SPLIT_TIME_BONUS": 1.1690338296680465,
  "VIRUS_MANUAL_SPLIT_RISK_COST": 2.007145686984783,
  "VIRUS_MAX_FARM_MASS": 175.80643206451037,
  "FOOD_CLUSTER_RADIUS": 5.830347059116612,
  "FOOD_CLUSTER_WEIGHT": 0.8132777595843684,
  "FOOD_DISTANCE_POWER": 2.082668760166227,
  "FOOD_LOCK_TICKS": 5,
  "ROAM_CENTER_WEIGHT": 0.7538232879886642,
  "ROAM_MOMENTUM_WEIGHT": 0.2978019235673128
}