{
  "OVERRIDE_ORDER": [
    "escape",
    "unstuck",
    "split",
    "chase",
    "virus",
    "food"
  ],
  "NUM_DIRECTIONS": 16,
  "MAX_ENEMIES": 24,
  "SAFETY_OWN_PIECES": 2,
  "STEP_RADIUS_MULT": 1.4266569655330168,
  "SPLIT_REACH_RELIABILITY": 0.742943188560779,
  "ESCAPE_DIRECT_RANGE_MULT": 7.397739298122491,
  "ESCAPE_SPLIT_REACH_BUFFER": 1.0906005334725726,
  "ESCAPE_MOVE_WEIGHT": 116.13742655483323,
  "ESCAPE_WALL_WEIGHT": 206.65567006359345,
  "ESCAPE_VIRUS_SHIELD_WEIGHT": 1094.125773078519,
  "ESCAPE_HARD_MARGIN": 0.1359780553562417,
  "SPLIT_CAPTURE_WEIGHT": 7.1972118833582295,
  "SPLIT_DEPTH_COST": 6.891988615266123,
  "SPLIT_FRAGMENT_COST": 0.36823268273096826,
  "SPLIT_EXTERNAL_RISK_WEIGHT": 0.9402303437704459,
  "SPLIT_MIN_UTILITY": 8.233339173285158,
  "SPLIT_LARGER_OWNER_RATIO": 1.0682288559613475,
  "SPLIT_PLAN_WAIT_TICKS": 5,
  "CHASE_ACQUIRE_RANGE_MULT": 6.542304199671571,
  "CHASE_DIRECT_RANGE_MULT": 2.203098172238492,
  "CHASE_MAX_INTERCEPT_TICKS": 15.754437374634804,
  "CHASE_LOCK_TICKS": 98,
  "CHASE_WALL_HORIZON": 19.074470848626568,
  "CHASE_BLOCK_OFFSET_MULT": 1.4985424409696702,
  "CHASE_DISTANCE_WEIGHT": 0.39482811200543727,
  "CHASE_ETA_WEIGHT": 0.7861974637578314,
  "CHASE_LOCK_BONUS": 14.914413675491094,
  "CHASE_VELOCITY_NEW_WEIGHT": 0.6678039690117279,
  "VIRUS_ENEMY_RANGE_MULT": 6.429304252804322,
  "VIRUS_MANUAL_SPLIT_TIME_BONUS": 1.253972748564715,
  "VIRUS_MANUAL_SPLIT_RISK_COST": 1.1007216366199628,
  "VIRUS_MAX_FARM_MASS": 154.44610076398394,
  "FOOD_CLUSTER_RADIUS": 6.801107919700621,
  "FOOD_CLUSTER_WEIGHT": 1.282965404473037,
  "FOOD_DISTANCE_POWER": 1.2938478688179047,
  "FOOD_LOCK_TICKS": 4,
  "ROAM_CENTER_WEIGHT": 0.30825722146325774,
  "ROAM_MOMENTUM_WEIGHT": 0.5510148147753496
}