{
  "OVERRIDE_ORDER": [
    "escape",
    "unstuck",
    "split",
    "chase",
    "virus",
    "food"
  ],
  "NUM_DIRECTIONS": 16,
  "MAX_ENEMIES": 24,
  "SAFETY_OWN_PIECES": 2,
  "STEP_RADIUS_MULT": 1.6369065195504147,
  "SPLIT_REACH_RELIABILITY": 0.866229368319845,
  "ESCAPE_DIRECT_RANGE_MULT": 6.006122459655447,
  "ESCAPE_SPLIT_REACH_BUFFER": 1.1174908048567624,
  "ESCAPE_MOVE_WEIGHT": 83.00862021759608,
  "ESCAPE_WALL_WEIGHT": 344.0632698149505,
  "ESCAPE_VIRUS_SHIELD_WEIGHT": 468.202243050856,
  "ESCAPE_HARD_MARGIN": 0.2314675113031699,
  "SPLIT_CAPTURE_WEIGHT": 3.207220522232946,
  "SPLIT_DEPTH_COST": 6.012173226390982,
  "SPLIT_FRAGMENT_COST": 0.09968711331729387,
  "SPLIT_EXTERNAL_RISK_WEIGHT": 0.7343098703429399,
  "SPLIT_MIN_UTILITY": 5.8710339551244894,
  "SPLIT_LARGER_OWNER_RATIO": 1.2126239504176197,
  "SPLIT_PLAN_WAIT_TICKS": 7,
  "CHASE_ACQUIRE_RANGE_MULT": 8.797519221450642,
  "CHASE_DIRECT_RANGE_MULT": 1.5503378763505982,
  "CHASE_MAX_INTERCEPT_TICKS": 6.484215472187743,
  "CHASE_LOCK_TICKS": 234,
  "CHASE_WALL_HORIZON": 16.488115928803357,
  "CHASE_BLOCK_OFFSET_MULT": 0.6397100864839766,
  "CHASE_DISTANCE_WEIGHT": 0.09068364152505341,
  "CHASE_ETA_WEIGHT": 0.3242607887056654,
  "CHASE_LOCK_BONUS": 28.672557109178182,
  "CHASE_VELOCITY_NEW_WEIGHT": 0.2559120607291653,
  "VIRUS_ENEMY_RANGE_MULT": 4.511137353678722,
  "VIRUS_MANUAL_SPLIT_TIME_BONUS": 2.0228742835338,
  "VIRUS_MANUAL_SPLIT_RISK_COST": 0.38991873863672827,
  "VIRUS_MAX_FARM_MASS": 240.01631418716056,
  "FOOD_CLUSTER_RADIUS": 3.989100838997663,
  "FOOD_CLUSTER_WEIGHT": 0.8940305667041433,
  "FOOD_DISTANCE_POWER": 1.313588159151877,
  "FOOD_LOCK_TICKS": 21,
  "ROAM_CENTER_WEIGHT": 0.5036815402210404,
  "ROAM_MOMENTUM_WEIGHT": 0.6904057585661088
}