{
  "OVERRIDE_ORDER": [
    "escape",
    "split",
    "unstuck",
    "chase",
    "virus",
    "food"
  ],
  "NUM_DIRECTIONS": 16,
  "MAX_ENEMIES": 24,
  "SAFETY_OWN_PIECES": 3,
  "STEP_RADIUS_MULT": 1.3026148417441081,
  "SPLIT_REACH_RELIABILITY": 0.7009831261080667,
  "ESCAPE_DIRECT_RANGE_MULT": 5.1417387661912946,
  "ESCAPE_SPLIT_REACH_BUFFER": 1.1261251068687288,
  "ESCAPE_MOVE_WEIGHT": 162.45144360625048,
  "ESCAPE_WALL_WEIGHT": 100.74818952673697,
  "ESCAPE_VIRUS_SHIELD_WEIGHT": 1202.511494346903,
  "ESCAPE_HARD_MARGIN": 0.19283538736000314,
  "SPLIT_CAPTURE_WEIGHT": 10.380871019828179,
  "SPLIT_DEPTH_COST": 6.390022411332982,
  "SPLIT_FRAGMENT_COST": 0.1870443168462985,
  "SPLIT_EXTERNAL_RISK_WEIGHT": 0.21769983388213213,
  "SPLIT_MIN_UTILITY": 8.472212310620774,
  "SPLIT_LARGER_OWNER_RATIO": 0.9880471902849058,
  "SPLIT_PLAN_WAIT_TICKS": 4,
  "CHASE_ACQUIRE_RANGE_MULT": 5.256096216405028,
  "CHASE_DIRECT_RANGE_MULT": 3.3695686982320354,
  "CHASE_MAX_INTERCEPT_TICKS": 15.404274180446919,
  "CHASE_LOCK_TICKS": 55,
  "CHASE_WALL_HORIZON": 24.53867304705387,
  "CHASE_BLOCK_OFFSET_MULT": 1.3400905208555722,
  "CHASE_DISTANCE_WEIGHT": 0.22654095458341383,
  "CHASE_ETA_WEIGHT": 1.175690876076297,
  "CHASE_LOCK_BONUS": 19.83165619099085,
  "CHASE_VELOCITY_NEW_WEIGHT": 0.25556706912652294,
  "VIRUS_ENEMY_RANGE_MULT": 6.623674013293248,
  "VIRUS_MANUAL_SPLIT_TIME_BONUS": 1.5379277318316318,
  "VIRUS_MANUAL_SPLIT_RISK_COST": 1.1643446826434605,
  "VIRUS_MAX_FARM_MASS": 207.5451674394447,
  "FOOD_CLUSTER_RADIUS": 5.864636778351478,
  "FOOD_CLUSTER_WEIGHT": 0.6024341460293688,
  "FOOD_DISTANCE_POWER": 2.082935632637207,
  "FOOD_LOCK_TICKS": 13,
  "ROAM_CENTER_WEIGHT": 0.43934755916681895,
  "ROAM_MOMENTUM_WEIGHT": 0.5589359215610326
}