{
  "OVERRIDE_ORDER": [
    "split",
    "escape",
    "unstuck",
    "chase",
    "virus",
    "food"
  ],
  "NUM_DIRECTIONS": 12,
  "MAX_ENEMIES": 21,
  "SAFETY_OWN_PIECES": 3,
  "STEP_RADIUS_MULT": 1.274325866789234,
  "SPLIT_REACH_RELIABILITY": 0.6434278883957836,
  "ESCAPE_DIRECT_RANGE_MULT": 6.4798129213679765,
  "ESCAPE_SPLIT_REACH_BUFFER": 1.0235037960390998,
  "ESCAPE_MOVE_WEIGHT": 125.65725206805621,
  "ESCAPE_WALL_WEIGHT": 244.61847408891512,
  "ESCAPE_VIRUS_SHIELD_WEIGHT": 159.69199552908688,
  "ESCAPE_HARD_MARGIN": 0.00043904917665154447,
  "SPLIT_CAPTURE_WEIGHT": 4.590594053697876,
  "SPLIT_DEPTH_COST": 3.794742638107511,
  "SPLIT_FRAGMENT_COST": 0.022342916693549063,
  "SPLIT_EXTERNAL_RISK_WEIGHT": 1.4410905724641556,
  "SPLIT_MIN_UTILITY": 1.1100875397405903,
  "SPLIT_LARGER_OWNER_RATIO": 1.0304466093018274,
  "SPLIT_PLAN_WAIT_TICKS": 6,
  "CHASE_ACQUIRE_RANGE_MULT": 7.008222416752645,
  "CHASE_DIRECT_RANGE_MULT": 2.480628854512102,
  "CHASE_MAX_INTERCEPT_TICKS": 13.032387963232184,
  "CHASE_LOCK_TICKS": 33,
  "CHASE_WALL_HORIZON": 40.85871090755177,
  "CHASE_BLOCK_OFFSET_MULT": 1.0900727718115324,
  "CHASE_DISTANCE_WEIGHT": 0.1121012024089475,
  "CHASE_ETA_WEIGHT": 2.9478082781925967,
  "CHASE_LOCK_BONUS": 7.512586903280497,
  "CHASE_VELOCITY_NEW_WEIGHT": 0.5128367069442037,
  "VIRUS_ENEMY_RANGE_MULT": 5.649375884238965,
  "VIRUS_MANUAL_SPLIT_TIME_BONUS": 3.34838374062418,
  "VIRUS_MANUAL_SPLIT_RISK_COST": 2.101345711553222,
  "VIRUS_MAX_FARM_MASS": 307.97672717895335,
  "FOOD_CLUSTER_RADIUS": 4.534736335099195,
  "FOOD_CLUSTER_WEIGHT": 1.2409689354878228,
  "FOOD_DISTANCE_POWER": 1.5843221099091156,
  "FOOD_LOCK_TICKS": 29,
  "ROAM_CENTER_WEIGHT": 0.20983221825155837,
  "ROAM_MOMENTUM_WEIGHT": 1.1665029580377069
}