{
  "OVERRIDE_ORDER": [
    "escape",
    "unstuck",
    "split",
    "chase",
    "virus",
    "food"
  ],
  "NUM_DIRECTIONS": 16,
  "MAX_ENEMIES": 18,
  "SAFETY_OWN_PIECES": 3,
  "STEP_RADIUS_MULT": 1.441380933689041,
  "SPLIT_REACH_RELIABILITY": 0.846567805447865,
  "ESCAPE_DIRECT_RANGE_MULT": 6.888355507095409,
  "ESCAPE_SPLIT_REACH_BUFFER": 1.1515233660108954,
  "ESCAPE_MOVE_WEIGHT": 150.30050107022626,
  "ESCAPE_WALL_WEIGHT": 177.62665660633755,
  "ESCAPE_VIRUS_SHIELD_WEIGHT": 1222.8798451832722,
  "ESCAPE_HARD_MARGIN": 0.17966648315166522,
  "SPLIT_CAPTURE_WEIGHT": 11.887482760902593,
  "SPLIT_DEPTH_COST": 1.6111874297016717,
  "SPLIT_FRAGMENT_COST": 0.42328193697846306,
  "SPLIT_EXTERNAL_RISK_WEIGHT": 2.163488210921699,
  "SPLIT_MIN_UTILITY": 9.971109425859742,
  "SPLIT_LARGER_OWNER_RATIO": 0.9961110619367666,
  "SPLIT_PLAN_WAIT_TICKS": 5,
  "CHASE_ACQUIRE_RANGE_MULT": 9.49062893660317,
  "CHASE_DIRECT_RANGE_MULT": 4.831391777771055,
  "CHASE_MAX_INTERCEPT_TICKS": 6.1192314365891045,
  "CHASE_LOCK_TICKS": 72,
  "CHASE_WALL_HORIZON": 21.70243066712738,
  "CHASE_BLOCK_OFFSET_MULT": 1.4978001803035141,
  "CHASE_DISTANCE_WEIGHT": 0.9258516442426628,
  "CHASE_ETA_WEIGHT": 5.9871726145871635,
  "CHASE_LOCK_BONUS": 44.65394877866491,
  "CHASE_VELOCITY_NEW_WEIGHT": 0.7599313817601578,
  "VIRUS_ENEMY_RANGE_MULT": 7.2667605183198205,
  "VIRUS_MANUAL_SPLIT_TIME_BONUS": 1.4765455158072132,
  "VIRUS_MANUAL_SPLIT_RISK_COST": 2.761175127482227,
  "VIRUS_MAX_FARM_MASS": 89.0977734473639,
  "FOOD_CLUSTER_RADIUS": 5.942231173258806,
  "FOOD_CLUSTER_WEIGHT": 2.008031748706304,
  "FOOD_DISTANCE_POWER": 1.8378668964403386,
  "FOOD_LOCK_TICKS": 10,
  "ROAM_CENTER_WEIGHT": 1.503519020357969,
  "ROAM_MOMENTUM_WEIGHT": 0.5223966815333262
}