{
  "OVERRIDE_ORDER": [
    "escape",
    "unstuck",
    "split",
    "chase",
    "virus",
    "food"
  ],
  "NUM_DIRECTIONS": 16,
  "MAX_ENEMIES": 24,
  "SAFETY_OWN_PIECES": 2,
  "STEP_RADIUS_MULT": 1.442497433072919,
  "SPLIT_REACH_RELIABILITY": 0.7616861227344004,
  "ESCAPE_DIRECT_RANGE_MULT": 6.065409729636851,
  "ESCAPE_SPLIT_REACH_BUFFER": 1.0988835523021836,
  "ESCAPE_MOVE_WEIGHT": 151.3855810211667,
  "ESCAPE_WALL_WEIGHT": 259.1069830599836,
  "ESCAPE_VIRUS_SHIELD_WEIGHT": 940.696147786841,
  "ESCAPE_HARD_MARGIN": 0.15827815068632223,
  "SPLIT_CAPTURE_WEIGHT": 11.699828323221121,
  "SPLIT_DEPTH_COST": 3.5788743152572358,
  "SPLIT_FRAGMENT_COST": 0.5881972873121977,
  "SPLIT_EXTERNAL_RISK_WEIGHT": 2.36178114399241,
  "SPLIT_MIN_UTILITY": 8.991018969961548,
  "SPLIT_LARGER_OWNER_RATIO": 1.0307992121839282,
  "SPLIT_PLAN_WAIT_TICKS": 9,
  "CHASE_ACQUIRE_RANGE_MULT": 7.452863218324632,
  "CHASE_DIRECT_RANGE_MULT": 4.49083547411112,
  "CHASE_MAX_INTERCEPT_TICKS": 11.03928579878121,
  "CHASE_LOCK_TICKS": 42,
  "CHASE_WALL_HORIZON": 26.129607259395122,
  "CHASE_BLOCK_OFFSET_MULT": 1.2935195024476265,
  "CHASE_DISTANCE_WEIGHT": 0.5940515609410106,
  "CHASE_ETA_WEIGHT": 0.5575195590777158,
  "CHASE_LOCK_BONUS": 29.553629852623942,
  "CHASE_VELOCITY_NEW_WEIGHT": 0.556886145060721,
  "VIRUS_ENEMY_RANGE_MULT": 8.089824562830126,
  "VIRUS_MANUAL_SPLIT_TIME_BONUS": 0.7125430418241762,
  "VIRUS_MANUAL_SPLIT_RISK_COST": 0.9361648028088103,
  "VIRUS_MAX_FARM_MASS": 92.71431745201866,
  "FOOD_CLUSTER_RADIUS": 2.741537966817866,
  "FOOD_CLUSTER_WEIGHT": 1.6433799047288786,
  "FOOD_DISTANCE_POWER": 2.0201743319810856,
  "FOOD_LOCK_TICKS": 11,
  "ROAM_CENTER_WEIGHT": 0.7911527358113764,
  "ROAM_MOMENTUM_WEIGHT": 0.12982751636984943
}