{
  "OVERRIDE_ORDER": [
    "escape",
    "unstuck",
    "split",
    "chase",
    "virus",
    "food"
  ],
  "NUM_DIRECTIONS": 16,
  "MAX_ENEMIES": 21,
  "SAFETY_OWN_PIECES": 2,
  "STEP_RADIUS_MULT": 1.744440465253213,
  "SPLIT_REACH_RELIABILITY": 0.8511685609621976,
  "ESCAPE_DIRECT_RANGE_MULT": 7.578412866062971,
  "ESCAPE_SPLIT_REACH_BUFFER": 1.1132273466277471,
  "ESCAPE_MOVE_WEIGHT": 193.6213223104548,
  "ESCAPE_WALL_WEIGHT": 441.72752026797866,
  "ESCAPE_VIRUS_SHIELD_WEIGHT": 761.6539528985335,
  "ESCAPE_HARD_MARGIN": 0.14922752195709946,
  "SPLIT_CAPTURE_WEIGHT": 3.407043736929536,
  "SPLIT_DEPTH_COST": 6.558616667974395,
  "SPLIT_FRAGMENT_COST": 0.061008550005101705,
  "SPLIT_EXTERNAL_RISK_WEIGHT": 1.6456459964674064,
  "SPLIT_MIN_UTILITY": 8.823664654621794,
  "SPLIT_LARGER_OWNER_RATIO": 1.2517240148305189,
  "SPLIT_PLAN_WAIT_TICKS": 5,
  "CHASE_ACQUIRE_RANGE_MULT": 4.601670167963226,
  "CHASE_DIRECT_RANGE_MULT": 1.6590336827867835,
  "CHASE_MAX_INTERCEPT_TICKS": 6.550678966039433,
  "CHASE_LOCK_TICKS": 81,
  "CHASE_WALL_HORIZON": 26.097881290438938,
  "CHASE_BLOCK_OFFSET_MULT": 0.6981734926541769,
  "CHASE_DISTANCE_WEIGHT": 0.07798855281255751,
  "CHASE_ETA_WEIGHT": 0.3217070546461446,
  "CHASE_LOCK_BONUS": 18.206058376105126,
  "CHASE_VELOCITY_NEW_WEIGHT": 0.2803117510387591,
  "VIRUS_ENEMY_RANGE_MULT": 5.760221627915991,
  "VIRUS_MANUAL_SPLIT_TIME_BONUS": 4.481905453509916,
  "VIRUS_MANUAL_SPLIT_RISK_COST": 0.3100248807509462,
  "VIRUS_MAX_FARM_MASS": 333.67220469341896,
  "FOOD_CLUSTER_RADIUS": 3.7059185724891295,
  "FOOD_CLUSTER_WEIGHT": 0.7814397944329088,
  "FOOD_DISTANCE_POWER": 1.5532597969469006,
  "FOOD_LOCK_TICKS": 18,
  "ROAM_CENTER_WEIGHT": 1.0001860662073696,
  "ROAM_MOMENTUM_WEIGHT": 1.0926334221329008
}