{
  "OVERRIDE_ORDER": [
    "escape",
    "unstuck",
    "split",
    "chase",
    "virus",
    "food"
  ],
  "NUM_DIRECTIONS": 12,
  "MAX_ENEMIES": 24,
  "SAFETY_OWN_PIECES": 2,
  "STEP_RADIUS_MULT": 1.365989144547205,
  "SPLIT_REACH_RELIABILITY": 0.7601492956891339,
  "ESCAPE_DIRECT_RANGE_MULT": 4.729844771433034,
  "ESCAPE_SPLIT_REACH_BUFFER": 0.999544370846396,
  "ESCAPE_MOVE_WEIGHT": 207.91759243912415,
  "ESCAPE_WALL_WEIGHT": 143.27575665517006,
  "ESCAPE_VIRUS_SHIELD_WEIGHT": 605.0124248600713,
  "ESCAPE_HARD_MARGIN": 0.23485891223284713,
  "SPLIT_CAPTURE_WEIGHT": 3.5141355738071707,
  "SPLIT_DEPTH_COST": 1.6972185299262532,
  "SPLIT_FRAGMENT_COST": 0.28228044539885117,
  "SPLIT_EXTERNAL_RISK_WEIGHT": 0.6704634592866409,
  "SPLIT_MIN_UTILITY": -1.18104834519532,
  "SPLIT_LARGER_OWNER_RATIO": 1.0544260712947064,
  "SPLIT_PLAN_WAIT_TICKS": 5,
  "CHASE_ACQUIRE_RANGE_MULT": 5.271598751668132,
  "CHASE_DIRECT_RANGE_MULT": 4.933837842801576,
  "CHASE_MAX_INTERCEPT_TICKS": 15.33853016683161,
  "CHASE_LOCK_TICKS": 57,
  "CHASE_WALL_HORIZON": 17.576583093568015,
  "CHASE_BLOCK_OFFSET_MULT": 1.4006905640155378,
  "CHASE_DISTANCE_WEIGHT": 0.3843491516391961,
  "CHASE_ETA_WEIGHT": 0.8772794528671863,
  "CHASE_LOCK_BONUS": 24.129360271417223,
  "CHASE_VELOCITY_NEW_WEIGHT": 0.36664698558186815,
  "VIRUS_ENEMY_RANGE_MULT": 7.155926397669797,
  "VIRUS_MANUAL_SPLIT_TIME_BONUS": 1.19570587649868,
  "VIRUS_MANUAL_SPLIT_RISK_COST": 2.4209293633572453,
  "VIRUS_MAX_FARM_MASS": 68.15088560399951,
  "FOOD_CLUSTER_RADIUS": 5.869814208488209,
  "FOOD_CLUSTER_WEIGHT": 0.7381246144717598,
  "FOOD_DISTANCE_POWER": 1.8186254245678724,
  "FOOD_LOCK_TICKS": 5,
  "ROAM_CENTER_WEIGHT": 2.972774838099635,
  "ROAM_MOMENTUM_WEIGHT": 0.5058084344018924
}