{
  "OVERRIDE_ORDER": [
    "escape",
    "unstuck",
    "split",
    "chase",
    "virus",
    "food"
  ],
  "NUM_DIRECTIONS": 16,
  "MAX_ENEMIES": 21,
  "SAFETY_OWN_PIECES": 3,
  "STEP_RADIUS_MULT": 1.3946109141788063,
  "SPLIT_REACH_RELIABILITY": 0.6580472082999255,
  "ESCAPE_DIRECT_RANGE_MULT": 3.9381440401062,
  "ESCAPE_SPLIT_REACH_BUFFER": 0.9598180251455787,
  "ESCAPE_MOVE_WEIGHT": 236.39758735958895,
  "ESCAPE_WALL_WEIGHT": 270.8267491130192,
  "ESCAPE_VIRUS_SHIELD_WEIGHT": 895.7402002342993,
  "ESCAPE_HARD_MARGIN": 0.17727628026146675,
  "SPLIT_CAPTURE_WEIGHT": 5.698189992798523,
  "SPLIT_DEPTH_COST": 3.4291623613151354,
  "SPLIT_FRAGMENT_COST": 0.2823125364576926,
  "SPLIT_EXTERNAL_RISK_WEIGHT": 0.43824797568551466,
  "SPLIT_MIN_UTILITY": -1.400162598257941,
  "SPLIT_LARGER_OWNER_RATIO": 1.1571931370468271,
  "SPLIT_PLAN_WAIT_TICKS": 4,
  "CHASE_ACQUIRE_RANGE_MULT": 9.15530381445503,
  "CHASE_DIRECT_RANGE_MULT": 3.1180443923800634,
  "CHASE_MAX_INTERCEPT_TICKS": 17.43838961697076,
  "CHASE_LOCK_TICKS": 193,
  "CHASE_WALL_HORIZON": 19.616047336101218,
  "CHASE_BLOCK_OFFSET_MULT": 0.7578876332282743,
  "CHASE_DISTANCE_WEIGHT": 0.5980035982566096,
  "CHASE_ETA_WEIGHT": 2.323994423531356,
  "CHASE_LOCK_BONUS": 7.872734787857287,
  "CHASE_VELOCITY_NEW_WEIGHT": 0.5116710761879383,
  "VIRUS_ENEMY_RANGE_MULT": 3.568598540266062,
  "VIRUS_MANUAL_SPLIT_TIME_BONUS": 1.3187640815466664,
  "VIRUS_MANUAL_SPLIT_RISK_COST": 3.5790746072669255,
  "VIRUS_MAX_FARM_MASS": 120.47503872128527,
  "FOOD_CLUSTER_RADIUS": 6.493398735880641,
  "FOOD_CLUSTER_WEIGHT": 0.3962301193072008,
  "FOOD_DISTANCE_POWER": 1.5181715389259631,
  "FOOD_LOCK_TICKS": 5,
  "ROAM_CENTER_WEIGHT": 1.0542740870166398,
  "ROAM_MOMENTUM_WEIGHT": 0.9464107062753961
}