{
  "OVERRIDE_ORDER": [
    "split",
    "escape",
    "unstuck",
    "chase",
    "virus",
    "food"
  ],
  "NUM_DIRECTIONS": 16,
  "MAX_ENEMIES": 24,
  "SAFETY_OWN_PIECES": 2,
  "STEP_RADIUS_MULT": 1.3771311094431569,
  "SPLIT_REACH_RELIABILITY": 0.7004029475118382,
  "ESCAPE_DIRECT_RANGE_MULT": 4.8052696169825975,
  "ESCAPE_SPLIT_REACH_BUFFER": 1.141787844094593,
  "ESCAPE_MOVE_WEIGHT": 116.56836696880106,
  "ESCAPE_WALL_WEIGHT": 153.17401564919354,
  "ESCAPE_VIRUS_SHIELD_WEIGHT": 1169.4003258104285,
  "ESCAPE_HARD_MARGIN": 0.05999085378061996,
  "SPLIT_CAPTURE_WEIGHT": 7.790843860477773,
  "SPLIT_DEPTH_COST": 3.7376093292665735,
  "SPLIT_FRAGMENT_COST": 0.5176510998072958,
  "SPLIT_EXTERNAL_RISK_WEIGHT": 0.30079520963640816,
  "SPLIT_MIN_UTILITY": 6.094368262337868,
  "SPLIT_LARGER_OWNER_RATIO": 1.0658414992840226,
  "SPLIT_PLAN_WAIT_TICKS": 4,
  "CHASE_ACQUIRE_RANGE_MULT": 7.1100837506098795,
  "CHASE_DIRECT_RANGE_MULT": 2.017819347585214,
  "CHASE_MAX_INTERCEPT_TICKS": 16.879379771951985,
  "CHASE_LOCK_TICKS": 55,
  "CHASE_WALL_HORIZON": 26.106127871569882,
  "CHASE_BLOCK_OFFSET_MULT": 1.2554736913136006,
  "CHASE_DISTANCE_WEIGHT": 0.3916400395290879,
  "CHASE_ETA_WEIGHT": 0.9333431026841718,
  "CHASE_LOCK_BONUS": 18.664232032562104,
  "CHASE_VELOCITY_NEW_WEIGHT": 0.6098384918739203,
  "VIRUS_ENEMY_RANGE_MULT": 7.843035640006806,
  "VIRUS_MANUAL_SPLIT_TIME_BONUS": 0.9552281046733394,
  "VIRUS_MANUAL_SPLIT_RISK_COST": 1.9202446509731153,
  "VIRUS_MAX_FARM_MASS": 323.0243858775074,
  "FOOD_CLUSTER_RADIUS": 6.259520196999267,
  "FOOD_CLUSTER_WEIGHT": 0.6166953083205771,
  "FOOD_DISTANCE_POWER": 1.9722763576763873,
  "FOOD_LOCK_TICKS": 8,
  "ROAM_CENTER_WEIGHT": 0.15586451548121225,
  "ROAM_MOMENTUM_WEIGHT": 0.7084420558274305
}