{
  "OVERRIDE_ORDER": [
    "split",
    "escape",
    "unstuck",
    "chase",
    "virus",
    "food"
  ],
  "NUM_DIRECTIONS": 16,
  "MAX_ENEMIES": 21,
  "SAFETY_OWN_PIECES": 2,
  "STEP_RADIUS_MULT": 1.53657170549421,
  "SPLIT_REACH_RELIABILITY": 0.8196275904210215,
  "ESCAPE_DIRECT_RANGE_MULT": 5.876271871188952,
  "ESCAPE_SPLIT_REACH_BUFFER": 1.1036006531075602,
  "ESCAPE_MOVE_WEIGHT": 108.44830920964225,
  "ESCAPE_WALL_WEIGHT": 121.18383001335627,
  "ESCAPE_VIRUS_SHIELD_WEIGHT": 1245.453009880771,
  "ESCAPE_HARD_MARGIN": 0.08802240261000609,
  "SPLIT_CAPTURE_WEIGHT": 7.635231528975653,
  "SPLIT_DEPTH_COST": 4.281358273547996,
  "SPLIT_FRAGMENT_COST": 0.32671065830321566,
  "SPLIT_EXTERNAL_RISK_WEIGHT": 1.7385596619063977,
  "SPLIT_MIN_UTILITY": 6.373638321059819,
  "SPLIT_LARGER_OWNER_RATIO": 1.0804775679822036,
  "SPLIT_PLAN_WAIT_TICKS": 7,
  "CHASE_ACQUIRE_RANGE_MULT": 10.553510229407662,
  "CHASE_DIRECT_RANGE_MULT": 4.581644718362368,
  "CHASE_MAX_INTERCEPT_TICKS": 5.827480016783509,
  "CHASE_LOCK_TICKS": 89,
  "CHASE_WALL_HORIZON": 19.245840213584774,
  "CHASE_BLOCK_OFFSET_MULT": 1.4129707272653962,
  "CHASE_DISTANCE_WEIGHT": 0.6055685770779604,
  "CHASE_ETA_WEIGHT": 3.7845793314571035,
  "CHASE_LOCK_BONUS": 21.282294500013933,
  "CHASE_VELOCITY_NEW_WEIGHT": 0.5265316571919417,
  "VIRUS_ENEMY_RANGE_MULT": 7.339312870040629,
  "VIRUS_MANUAL_SPLIT_TIME_BONUS": 0.7221386405414416,
  "VIRUS_MANUAL_SPLIT_RISK_COST": 3.0008486173344022,
  "VIRUS_MAX_FARM_MASS": 164.6693957462755,
  "FOOD_CLUSTER_RADIUS": 2.616246971684924,
  "FOOD_CLUSTER_WEIGHT": 2.454182815727714,
  "FOOD_DISTANCE_POWER": 2.1500737321209487,
  "FOOD_LOCK_TICKS": 13,
  "ROAM_CENTER_WEIGHT": 1.36062050871682,
  "ROAM_MOMENTUM_WEIGHT": 0.4278067648863305
}