{
  "OVERRIDE_ORDER": [
    "escape",
    "unstuck",
    "split",
    "chase",
    "virus",
    "food"
  ],
  "NUM_DIRECTIONS": 16,
  "MAX_ENEMIES": 21,
  "SAFETY_OWN_PIECES": 3,
  "STEP_RADIUS_MULT": 1.5460712479748415,
  "SPLIT_REACH_RELIABILITY": 0.7458023293073602,
  "ESCAPE_DIRECT_RANGE_MULT": 6.208853253686025,
  "ESCAPE_SPLIT_REACH_BUFFER": 1.110878919382435,
  "ESCAPE_MOVE_WEIGHT": 101.79042671066527,
  "ESCAPE_WALL_WEIGHT": 109.53668120796597,
  "ESCAPE_VIRUS_SHIELD_WEIGHT": 1343.775513036497,
  "ESCAPE_HARD_MARGIN": 0.06298345742612708,
  "SPLIT_CAPTURE_WEIGHT": 14.937216619004696,
  "SPLIT_DEPTH_COST": 2.709749767081774,
  "SPLIT_FRAGMENT_COST": 0.5722777585521077,
  "SPLIT_EXTERNAL_RISK_WEIGHT": 1.5742168088514343,
  "SPLIT_MIN_UTILITY": 6.755645674320265,
  "SPLIT_LARGER_OWNER_RATIO": 1.0282041869361003,
  "SPLIT_PLAN_WAIT_TICKS": 2,
  "CHASE_ACQUIRE_RANGE_MULT": 8.415110871958843,
  "CHASE_DIRECT_RANGE_MULT": 4.69298405377068,
  "CHASE_MAX_INTERCEPT_TICKS": 8.110188840508211,
  "CHASE_LOCK_TICKS": 217,
  "CHASE_WALL_HORIZON": 18.358608336912514,
  "CHASE_BLOCK_OFFSET_MULT": 1.4769909303644857,
  "CHASE_DISTANCE_WEIGHT": 0.9534882278706729,
  "CHASE_ETA_WEIGHT": 0.6948296481991929,
  "CHASE_LOCK_BONUS": 47.80741510430246,
  "CHASE_VELOCITY_NEW_WEIGHT": 0.5905635031862293,
  "VIRUS_ENEMY_RANGE_MULT": 7.8196690869743435,
  "VIRUS_MANUAL_SPLIT_TIME_BONUS": 1.514418650085239,
  "VIRUS_MANUAL_SPLIT_RISK_COST": 1.5034113627469126,
  "VIRUS_MAX_FARM_MASS": 46.40931251242269,
  "FOOD_CLUSTER_RADIUS": 3.549275498977539,
  "FOOD_CLUSTER_WEIGHT": 1.3758571652294722,
  "FOOD_DISTANCE_POWER": 1.9791668599988834,
  "FOOD_LOCK_TICKS": 16,
  "ROAM_CENTER_WEIGHT": 1.2131421521587225,
  "ROAM_MOMENTUM_WEIGHT": 0.22337094757130613
}