{
  "OVERRIDE_ORDER": [
    "escape",
    "split",
    "unstuck",
    "chase",
    "virus",
    "food"
  ],
  "NUM_DIRECTIONS": 12,
  "MAX_ENEMIES": 24,
  "SAFETY_OWN_PIECES": 2,
  "STEP_RADIUS_MULT": 1.3078197960548232,
  "SPLIT_REACH_RELIABILITY": 0.6691462147678887,
  "ESCAPE_DIRECT_RANGE_MULT": 5.2620367412103155,
  "ESCAPE_SPLIT_REACH_BUFFER": 1.0245465467786814,
  "ESCAPE_MOVE_WEIGHT": 113.8583346219069,
  "ESCAPE_WALL_WEIGHT": 153.8256492100261,
  "ESCAPE_VIRUS_SHIELD_WEIGHT": 1262.8433502121616,
  "ESCAPE_HARD_MARGIN": 0.029706270340809443,
  "SPLIT_CAPTURE_WEIGHT": 4.697795149980381,
  "SPLIT_DEPTH_COST": 5.222437499780189,
  "SPLIT_FRAGMENT_COST": 0.15623890229881274,
  "SPLIT_EXTERNAL_RISK_WEIGHT": 0.5648557011739197,
  "SPLIT_MIN_UTILITY": 5.237222202454643,
  "SPLIT_LARGER_OWNER_RATIO": 1.0451257601315063,
  "SPLIT_PLAN_WAIT_TICKS": 5,
  "CHASE_ACQUIRE_RANGE_MULT": 8.827776857332612,
  "CHASE_DIRECT_RANGE_MULT": 4.963891603967507,
  "CHASE_MAX_INTERCEPT_TICKS": 17.707730869852252,
  "CHASE_LOCK_TICKS": 58,
  "CHASE_WALL_HORIZON": 24.879694554643624,
  "CHASE_BLOCK_OFFSET_MULT": 1.1550682247492663,
  "CHASE_DISTANCE_WEIGHT": 0.13374538331215027,
  "CHASE_ETA_WEIGHT": 0.9235129685931672,
  "CHASE_LOCK_BONUS": 21.676910986967826,
  "CHASE_VELOCITY_NEW_WEIGHT": 0.4847012037664008,
  "VIRUS_ENEMY_RANGE_MULT": 2.4012523053132444,
  "VIRUS_MANUAL_SPLIT_TIME_BONUS": 1.4425441768225196,
  "VIRUS_MANUAL_SPLIT_RISK_COST": 3.386914844244228,
  "VIRUS_MAX_FARM_MASS": 100.31489612544225,
  "FOOD_CLUSTER_RADIUS": 5.1561212072240465,
  "FOOD_CLUSTER_WEIGHT": 0.8980429581340617,
  "FOOD_DISTANCE_POWER": 1.8995483838476235,
  "FOOD_LOCK_TICKS": 4,
  "ROAM_CENTER_WEIGHT": 1.4886173961034732,
  "ROAM_MOMENTUM_WEIGHT": 0.34352588887871693
}