{
  "OVERRIDE_ORDER": [
    "escape",
    "unstuck",
    "split",
    "virus",
    "chase",
    "food"
  ],
  "NUM_DIRECTIONS": 16,
  "MAX_ENEMIES": 21,
  "SAFETY_OWN_PIECES": 2,
  "STEP_RADIUS_MULT": 1.5153677221799282,
  "SPLIT_REACH_RELIABILITY": 0.7944996547442363,
  "ESCAPE_DIRECT_RANGE_MULT": 5.082180845188565,
  "ESCAPE_SPLIT_REACH_BUFFER": 1.0411490042364244,
  "ESCAPE_MOVE_WEIGHT": 95.39395096062596,
  "ESCAPE_WALL_WEIGHT": 152.06217277538897,
  "ESCAPE_VIRUS_SHIELD_WEIGHT": 633.2479758060431,
  "ESCAPE_HARD_MARGIN": 0.07725924693570306,
  "SPLIT_CAPTURE_WEIGHT": 12.555332926322738,
  "SPLIT_DEPTH_COST": 5.668493353669459,
  "SPLIT_FRAGMENT_COST": 0.17166305422073497,
  "SPLIT_EXTERNAL_RISK_WEIGHT": 2.5046706017300733,
  "SPLIT_MIN_UTILITY": 5.237798792130533,
  "SPLIT_LARGER_OWNER_RATIO": 1.0639379814972378,
  "SPLIT_PLAN_WAIT_TICKS": 9,
  "CHASE_ACQUIRE_RANGE_MULT": 13.376384849411009,
  "CHASE_DIRECT_RANGE_MULT": 4.084972422841774,
  "CHASE_MAX_INTERCEPT_TICKS": 13.728397773932535,
  "CHASE_LOCK_TICKS": 61,
  "CHASE_WALL_HORIZON": 26.393329608143723,
  "CHASE_BLOCK_OFFSET_MULT": 1.1707956264002064,
  "CHASE_DISTANCE_WEIGHT": 0.1140181024761143,
  "CHASE_ETA_WEIGHT": 0.6111862277639465,
  "CHASE_LOCK_BONUS": 20.381544473583816,
  "CHASE_VELOCITY_NEW_WEIGHT": 0.38442657378788286,
  "VIRUS_ENEMY_RANGE_MULT": 3.0496220468560913,
  "VIRUS_MANUAL_SPLIT_TIME_BONUS": 5.262072894658896,
  "VIRUS_MANUAL_SPLIT_RISK_COST": 4.519090557568207,
  "VIRUS_MAX_FARM_MASS": 90.40364606557463,
  "FOOD_CLUSTER_RADIUS": 3.2419489687770273,
  "FOOD_CLUSTER_WEIGHT": 1.582764301560125,
  "FOOD_DISTANCE_POWER": 2.0400943766409325,
  "FOOD_LOCK_TICKS": 11,
  "ROAM_CENTER_WEIGHT": 2.6237463548660025,
  "ROAM_MOMENTUM_WEIGHT": 0.18752207661338494
}