{
  "OVERRIDE_ORDER": [
    "escape",
    "unstuck",
    "split",
    "chase",
    "virus",
    "food"
  ],
  "NUM_DIRECTIONS": 12,
  "MAX_ENEMIES": 24,
  "SAFETY_OWN_PIECES": 3,
  "STEP_RADIUS_MULT": 1.6308429746439084,
  "SPLIT_REACH_RELIABILITY": 0.8675576713637041,
  "ESCAPE_DIRECT_RANGE_MULT": 7.965312237710508,
  "ESCAPE_SPLIT_REACH_BUFFER": 1.0856445627811937,
  "ESCAPE_MOVE_WEIGHT": 181.2411518176502,
  "ESCAPE_WALL_WEIGHT": 389.78136850789315,
  "ESCAPE_VIRUS_SHIELD_WEIGHT": 280.7557827322969,
  "ESCAPE_HARD_MARGIN": 0.16088454648669773,
  "SPLIT_CAPTURE_WEIGHT": 3.148949583662662,
  "SPLIT_DEPTH_COST": 2.4444655584252164,
  "SPLIT_FRAGMENT_COST": 0.12643709331865374,
  "SPLIT_EXTERNAL_RISK_WEIGHT": 2.7554982670838593,
  "SPLIT_MIN_UTILITY": 7.639152331466081,
  "SPLIT_LARGER_OWNER_RATIO": 1.1444603803235753,
  "SPLIT_PLAN_WAIT_TICKS": 4,
  "CHASE_ACQUIRE_RANGE_MULT": 5.821402801968648,
  "CHASE_DIRECT_RANGE_MULT": 2.574647279825368,
  "CHASE_MAX_INTERCEPT_TICKS": 6.922595501740109,
  "CHASE_LOCK_TICKS": 191,
  "CHASE_WALL_HORIZON": 21.943111817744622,
  "CHASE_BLOCK_OFFSET_MULT": 1.0051944560230643,
  "CHASE_DISTANCE_WEIGHT": 0.07269162581711179,
  "CHASE_ETA_WEIGHT": 0.3572737320446829,
  "CHASE_LOCK_BONUS": 13.353924716681574,
  "CHASE_VELOCITY_NEW_WEIGHT": 0.3202777178985082,
  "VIRUS_ENEMY_RANGE_MULT": 2.438818609243244,
  "VIRUS_MANUAL_SPLIT_TIME_BONUS": 3.249770293694805,
  "VIRUS_MANUAL_SPLIT_RISK_COST": 0.49439993491754647,
  "VIRUS_MAX_FARM_MASS": 303.4510579342078,
  "FOOD_CLUSTER_RADIUS": 2.999481249704404,
  "FOOD_CLUSTER_WEIGHT": 1.005146761208341,
  "FOOD_DISTANCE_POWER": 1.4020494389411096,
  "FOOD_LOCK_TICKS": 10,
  "ROAM_CENTER_WEIGHT": 1.5849374364418143,
  "ROAM_MOMENTUM_WEIGHT": 0.42236510732974497
}