{
  "OVERRIDE_ORDER": [
    "escape",
    "unstuck",
    "split",
    "chase",
    "virus",
    "food"
  ],
  "NUM_DIRECTIONS": 12,
  "MAX_ENEMIES": 24,
  "SAFETY_OWN_PIECES": 2,
  "STEP_RADIUS_MULT": 1.3267813657132548,
  "SPLIT_REACH_RELIABILITY": 0.7891395608765582,
  "ESCAPE_DIRECT_RANGE_MULT": 6.002020972670121,
  "ESCAPE_SPLIT_REACH_BUFFER": 1.1105343707378081,
  "ESCAPE_MOVE_WEIGHT": 90.9561410794731,
  "ESCAPE_WALL_WEIGHT": 102.3489813122137,
  "ESCAPE_VIRUS_SHIELD_WEIGHT": 778.4237240784574,
  "ESCAPE_HARD_MARGIN": 0.12673650275626547,
  "SPLIT_CAPTURE_WEIGHT": 14.129463423548467,
  "SPLIT_DEPTH_COST": 6.967526158126874,
  "SPLIT_FRAGMENT_COST": 0.2173053475170913,
  "SPLIT_EXTERNAL_RISK_WEIGHT": 1.3137442217194981,
  "SPLIT_MIN_UTILITY": 8.005293320785084,
  "SPLIT_LARGER_OWNER_RATIO": 0.9618868415512828,
  "SPLIT_PLAN_WAIT_TICKS": 5,
  "CHASE_ACQUIRE_RANGE_MULT": 11.722924707701674,
  "CHASE_DIRECT_RANGE_MULT": 4.805789763947812,
  "CHASE_MAX_INTERCEPT_TICKS": 13.52240048534792,
  "CHASE_LOCK_TICKS": 50,
  "CHASE_WALL_HORIZON": 14.660560647168632,
  "CHASE_BLOCK_OFFSET_MULT": 1.4717009778595234,
  "CHASE_DISTANCE_WEIGHT": 0.369565388713107,
  "CHASE_ETA_WEIGHT": 1.919125956548245,
  "CHASE_LOCK_BONUS": 40.51772842206569,
  "CHASE_VELOCITY_NEW_WEIGHT": 0.2532550616874324,
  "VIRUS_ENEMY_RANGE_MULT": 7.134754457369097,
  "VIRUS_MANUAL_SPLIT_TIME_BONUS": 0.7399264345317329,
  "VIRUS_MANUAL_SPLIT_RISK_COST": 7.220472791365273,
  "VIRUS_MAX_FARM_MASS": 72.84613079788733,
  "FOOD_CLUSTER_RADIUS": 3.482341562677509,
  "FOOD_CLUSTER_WEIGHT": 0.5742220228428067,
  "FOOD_DISTANCE_POWER": 2.0841465784836566,
  "FOOD_LOCK_TICKS": 17,
  "ROAM_CENTER_WEIGHT": 0.48054104475666454,
  "ROAM_MOMENTUM_WEIGHT": 1.0175246752110985
}