{
  "OVERRIDE_ORDER": [
    "escape",
    "unstuck",
    "split",
    "chase",
    "virus",
    "food"
  ],
  "NUM_DIRECTIONS": 16,
  "MAX_ENEMIES": 24,
  "SAFETY_OWN_PIECES": 3,
  "STEP_RADIUS_MULT": 1.3066201796361505,
  "SPLIT_REACH_RELIABILITY": 0.6648560296381976,
  "ESCAPE_DIRECT_RANGE_MULT": 5.3353524410173705,
  "ESCAPE_SPLIT_REACH_BUFFER": 1.0172759485262053,
  "ESCAPE_MOVE_WEIGHT": 93.12349408842964,
  "ESCAPE_WALL_WEIGHT": 286.8219889943113,
  "ESCAPE_VIRUS_SHIELD_WEIGHT": 640.3359884698863,
  "ESCAPE_HARD_MARGIN": 0.23515530493315906,
  "SPLIT_CAPTURE_WEIGHT": 3.1610399816381585,
  "SPLIT_DEPTH_COST": 1.485223359240567,
  "SPLIT_FRAGMENT_COST": 0.5614018944546044,
  "SPLIT_EXTERNAL_RISK_WEIGHT": 1.1496049638511867,
  "SPLIT_MIN_UTILITY": 2.7857496207726014,
  "SPLIT_LARGER_OWNER_RATIO": 0.9947735655418707,
  "SPLIT_PLAN_WAIT_TICKS": 4,
  "CHASE_ACQUIRE_RANGE_MULT": 8.518948827825625,
  "CHASE_DIRECT_RANGE_MULT": 2.9894121303397387,
  "CHASE_MAX_INTERCEPT_TICKS": 17.12224120276109,
  "CHASE_LOCK_TICKS": 214,
  "CHASE_WALL_HORIZON": 16.09431412254723,
  "CHASE_BLOCK_OFFSET_MULT": 0.8207126909291147,
  "CHASE_DISTANCE_WEIGHT": 0.47178730498013716,
  "CHASE_ETA_WEIGHT": 0.7054749975551374,
  "CHASE_LOCK_BONUS": 6.008434144682322,
  "CHASE_VELOCITY_NEW_WEIGHT": 0.3257912763970169,
  "VIRUS_ENEMY_RANGE_MULT": 4.150389721985789,
  "VIRUS_MANUAL_SPLIT_TIME_BONUS": 0.7120051434695944,
  "VIRUS_MANUAL_SPLIT_RISK_COST": 3.0427813593161543,
  "VIRUS_MAX_FARM_MASS": 63.30779861421687,
  "FOOD_CLUSTER_RADIUS": 6.579680106304937,
  "FOOD_CLUSTER_WEIGHT": 0.4426056159697507,
  "FOOD_DISTANCE_POWER": 1.410399912676552,
  "FOOD_LOCK_TICKS": 9,
  "ROAM_CENTER_WEIGHT": 2.369769981776107,
  "ROAM_MOMENTUM_WEIGHT": 0.5886691432346907
}