{
  "OVERRIDE_ORDER": [
    "escape",
    "unstuck",
    "split",
    "chase",
    "virus",
    "food"
  ],
  "NUM_DIRECTIONS": 12,
  "MAX_ENEMIES": 24,
  "SAFETY_OWN_PIECES": 2,
  "STEP_RADIUS_MULT": 1.5603390139496205,
  "SPLIT_REACH_RELIABILITY": 0.801937721048224,
  "ESCAPE_DIRECT_RANGE_MULT": 6.8410500386175785,
  "ESCAPE_SPLIT_REACH_BUFFER": 1.1596257242176944,
  "ESCAPE_MOVE_WEIGHT": 80.43949210455209,
  "ESCAPE_WALL_WEIGHT": 134.00093727197404,
  "ESCAPE_VIRUS_SHIELD_WEIGHT": 1190.67785134177,
  "ESCAPE_HARD_MARGIN": 0.12888200430001875,
  "SPLIT_CAPTURE_WEIGHT": 3.817518450042483,
  "SPLIT_DEPTH_COST": 1.9377249536112662,
  "SPLIT_FRAGMENT_COST": 0.2784400046702611,
  "SPLIT_EXTERNAL_RISK_WEIGHT": 1.557429353109867,
  "SPLIT_MIN_UTILITY": 7.735175385543749,
  "SPLIT_LARGER_OWNER_RATIO": 0.9997191021497541,
  "SPLIT_PLAN_WAIT_TICKS": 5,
  "CHASE_ACQUIRE_RANGE_MULT": 5.323335142109276,
  "CHASE_DIRECT_RANGE_MULT": 2.7643117913055644,
  "CHASE_MAX_INTERCEPT_TICKS": 15.973453792490492,
  "CHASE_LOCK_TICKS": 130,
  "CHASE_WALL_HORIZON": 30.14436898910329,
  "CHASE_BLOCK_OFFSET_MULT": 1.147332749476675,
  "CHASE_DISTANCE_WEIGHT": 0.07784874147419923,
  "CHASE_ETA_WEIGHT": 0.854062846546776,
  "CHASE_LOCK_BONUS": 12.735820399205844,
  "CHASE_VELOCITY_NEW_WEIGHT": 0.4159514983557406,
  "VIRUS_ENEMY_RANGE_MULT": 8.401017574317414,
  "VIRUS_MANUAL_SPLIT_TIME_BONUS": 0.7793417002808994,
  "VIRUS_MANUAL_SPLIT_RISK_COST": 7.51975373059888,
  "VIRUS_MAX_FARM_MASS": 116.3620668927227,
  "FOOD_CLUSTER_RADIUS": 6.802315058791913,
  "FOOD_CLUSTER_WEIGHT": 1.3843488704863283,
  "FOOD_DISTANCE_POWER": 1.3243070717459673,
  "FOOD_LOCK_TICKS": 3,
  "ROAM_CENTER_WEIGHT": 0.3758179117628095,
  "ROAM_MOMENTUM_WEIGHT": 0.8546157929226361
}