{
  "OVERRIDE_ORDER": [
    "escape",
    "unstuck",
    "split",
    "virus",
    "chase",
    "food"
  ],
  "NUM_DIRECTIONS": 16,
  "MAX_ENEMIES": 24,
  "SAFETY_OWN_PIECES": 2,
  "STEP_RADIUS_MULT": 1.5619825016452207,
  "SPLIT_REACH_RELIABILITY": 0.888448093485229,
  "ESCAPE_DIRECT_RANGE_MULT": 6.905008000159043,
  "ESCAPE_SPLIT_REACH_BUFFER": 1.0618786639521056,
  "ESCAPE_MOVE_WEIGHT": 120.96155645823917,
  "ESCAPE_WALL_WEIGHT": 337.0990154828281,
  "ESCAPE_VIRUS_SHIELD_WEIGHT": 309.11857787074763,
  "ESCAPE_HARD_MARGIN": 0.17256418578452326,
  "SPLIT_CAPTURE_WEIGHT": 3.814720840654453,
  "SPLIT_DEPTH_COST": 5.402914141790041,
  "SPLIT_FRAGMENT_COST": 0.1031074154373068,
  "SPLIT_EXTERNAL_RISK_WEIGHT": 1.0603051723400096,
  "SPLIT_MIN_UTILITY": 8.07000841236788,
  "SPLIT_LARGER_OWNER_RATIO": 1.2249850282211825,
  "SPLIT_PLAN_WAIT_TICKS": 3,
  "CHASE_ACQUIRE_RANGE_MULT": 10.676865096899736,
  "CHASE_DIRECT_RANGE_MULT": 2.501358745473557,
  "CHASE_MAX_INTERCEPT_TICKS": 9.017461872612621,
  "CHASE_LOCK_TICKS": 134,
  "CHASE_WALL_HORIZON": 23.41471917153214,
  "CHASE_BLOCK_OFFSET_MULT": 1.2029258446358737,
  "CHASE_DISTANCE_WEIGHT": 0.051233185102954756,
  "CHASE_ETA_WEIGHT": 0.558540155229717,
  "CHASE_LOCK_BONUS": 21.11113223144419,
  "CHASE_VELOCITY_NEW_WEIGHT": 0.3671588831438373,
  "VIRUS_ENEMY_RANGE_MULT": 4.2501141132599765,
  "VIRUS_MANUAL_SPLIT_TIME_BONUS": 4.316994280372793,
  "VIRUS_MANUAL_SPLIT_RISK_COST": 0.26129374863041693,
  "VIRUS_MAX_FARM_MASS": 189.19242129642626,
  "FOOD_CLUSTER_RADIUS": 4.585764430159046,
  "FOOD_CLUSTER_WEIGHT": 0.8136408806770328,
  "FOOD_DISTANCE_POWER": 1.4659624339983133,
  "FOOD_LOCK_TICKS": 22,
  "ROAM_CENTER_WEIGHT": 1.3546958698412899,
  "ROAM_MOMENTUM_WEIGHT": 0.36469873780498036
}