{
  "OVERRIDE_ORDER": [
    "escape",
    "unstuck",
    "split",
    "virus",
    "chase",
    "food"
  ],
  "NUM_DIRECTIONS": 12,
  "MAX_ENEMIES": 24,
  "SAFETY_OWN_PIECES": 3,
  "STEP_RADIUS_MULT": 1.3150207196675292,
  "SPLIT_REACH_RELIABILITY": 0.6312887860119872,
  "ESCAPE_DIRECT_RANGE_MULT": 4.8855196222779735,
  "ESCAPE_SPLIT_REACH_BUFFER": 1.0392139286256712,
  "ESCAPE_MOVE_WEIGHT": 157.77319403741666,
  "ESCAPE_WALL_WEIGHT": 117.6285685699425,
  "ESCAPE_VIRUS_SHIELD_WEIGHT": 832.7305295878087,
  "ESCAPE_HARD_MARGIN": 0.18134178104445406,
  "SPLIT_CAPTURE_WEIGHT": 3.1832446138473216,
  "SPLIT_DEPTH_COST": 1.3411066546412314,
  "SPLIT_FRAGMENT_COST": 0.3146260200090726,
  "SPLIT_EXTERNAL_RISK_WEIGHT": 1.1638232029205038,
  "SPLIT_MIN_UTILITY": 5.060594244485015,
  "SPLIT_LARGER_OWNER_RATIO": 0.9815284625978361,
  "SPLIT_PLAN_WAIT_TICKS": 2,
  "CHASE_ACQUIRE_RANGE_MULT": 8.87165902210446,
  "CHASE_DIRECT_RANGE_MULT": 3.847419555037836,
  "CHASE_MAX_INTERCEPT_TICKS": 17.38979549073901,
  "CHASE_LOCK_TICKS": 115,
  "CHASE_WALL_HORIZON": 19.83047035712022,
  "CHASE_BLOCK_OFFSET_MULT": 1.3538554544164427,
  "CHASE_DISTANCE_WEIGHT": 0.143798478042269,
  "CHASE_ETA_WEIGHT": 0.3616462075543374,
  "CHASE_LOCK_BONUS": 9.586264698732641,
  "CHASE_VELOCITY_NEW_WEIGHT": 0.2373525424568913,
  "VIRUS_ENEMY_RANGE_MULT": 7.127945325513243,
  "VIRUS_MANUAL_SPLIT_TIME_BONUS": 1.016349868437193,
  "VIRUS_MANUAL_SPLIT_RISK_COST": 4.160840649846046,
  "VIRUS_MAX_FARM_MASS": 56.92843527942347,
  "FOOD_CLUSTER_RADIUS": 6.501734963429201,
  "FOOD_CLUSTER_WEIGHT": 0.29263457801927245,
  "FOOD_DISTANCE_POWER": 1.7470668999145826,
  "FOOD_LOCK_TICKS": 7,
  "ROAM_CENTER_WEIGHT": 2.0315272773486295,
  "ROAM_MOMENTUM_WEIGHT": 0.4892254911318318
}