{
  "OVERRIDE_ORDER": [
    "escape",
    "unstuck",
    "split",
    "chase",
    "virus",
    "food"
  ],
  "NUM_DIRECTIONS": 16,
  "MAX_ENEMIES": 24,
  "SAFETY_OWN_PIECES": 2,
  "STEP_RADIUS_MULT": 1.6076765960905361,
  "SPLIT_REACH_RELIABILITY": 0.8587855971208772,
  "ESCAPE_DIRECT_RANGE_MULT": 6.11175799868809,
  "ESCAPE_SPLIT_REACH_BUFFER": 1.0956165514586373,
  "ESCAPE_MOVE_WEIGHT": 167.00697171664288,
  "ESCAPE_WALL_WEIGHT": 600.9543452386591,
  "ESCAPE_VIRUS_SHIELD_WEIGHT": 586.7655391543987,
  "ESCAPE_HARD_MARGIN": 0.11027510898304821,
  "SPLIT_CAPTURE_WEIGHT": 3.0806794740741523,
  "SPLIT_DEPTH_COST": 3.077218379476853,
  "SPLIT_FRAGMENT_COST": 0.15413819729297135,
  "SPLIT_EXTERNAL_RISK_WEIGHT": 2.8036476908084365,
  "SPLIT_MIN_UTILITY": 7.885119062251393,
  "SPLIT_LARGER_OWNER_RATIO": 1.1739925030405165,
  "SPLIT_PLAN_WAIT_TICKS": 7,
  "CHASE_ACQUIRE_RANGE_MULT": 4.184243412121337,
  "CHASE_DIRECT_RANGE_MULT": 1.6591307436720861,
  "CHASE_MAX_INTERCEPT_TICKS": 6.316202679197944,
  "CHASE_LOCK_TICKS": 215,
  "CHASE_WALL_HORIZON": 16.13860002354394,
  "CHASE_BLOCK_OFFSET_MULT": 0.9005540630310376,
  "CHASE_DISTANCE_WEIGHT": 0.141143494088238,
  "CHASE_ETA_WEIGHT": 0.42292663823298504,
  "CHASE_LOCK_BONUS": 13.99725935995721,
  "CHASE_VELOCITY_NEW_WEIGHT": 0.5443270430769289,
  "VIRUS_ENEMY_RANGE_MULT": 3.6442480800946355,
  "VIRUS_MANUAL_SPLIT_TIME_BONUS": 1.7940763754679543,
  "VIRUS_MANUAL_SPLIT_RISK_COST": 0.3494899620548426,
  "VIRUS_MAX_FARM_MASS": 299.7124315746739,
  "FOOD_CLUSTER_RADIUS": 3.199339549362704,
  "FOOD_CLUSTER_WEIGHT": 0.39886845228647616,
  "FOOD_DISTANCE_POWER": 1.2615228794622393,
  "FOOD_LOCK_TICKS": 13,
  "ROAM_CENTER_WEIGHT": 1.3119714900722566,
  "ROAM_MOMENTUM_WEIGHT": 1.353947633406186
}