{
  "OVERRIDE_ORDER": [
    "escape",
    "unstuck",
    "split",
    "virus",
    "chase",
    "food"
  ],
  "NUM_DIRECTIONS": 12,
  "MAX_ENEMIES": 24,
  "SAFETY_OWN_PIECES": 2,
  "STEP_RADIUS_MULT": 1.33135424663825,
  "SPLIT_REACH_RELIABILITY": 0.8889896585411872,
  "ESCAPE_DIRECT_RANGE_MULT": 4.903237000833091,
  "ESCAPE_SPLIT_REACH_BUFFER": 1.111196952731682,
  "ESCAPE_MOVE_WEIGHT": 128.61916217050157,
  "ESCAPE_WALL_WEIGHT": 121.84539668957467,
  "ESCAPE_VIRUS_SHIELD_WEIGHT": 938.295728503475,
  "ESCAPE_HARD_MARGIN": 0.06052373324290825,
  "SPLIT_CAPTURE_WEIGHT": 12.945888327555616,
  "SPLIT_DEPTH_COST": 4.917022092054999,
  "SPLIT_FRAGMENT_COST": 0.5807268220700744,
  "SPLIT_EXTERNAL_RISK_WEIGHT": 0.32435035882807256,
  "SPLIT_MIN_UTILITY": 3.3277047605857235,
  "SPLIT_LARGER_OWNER_RATIO": 0.9884668002738802,
  "SPLIT_PLAN_WAIT_TICKS": 5,
  "CHASE_ACQUIRE_RANGE_MULT": 5.039228174228904,
  "CHASE_DIRECT_RANGE_MULT": 1.8478489441849086,
  "CHASE_MAX_INTERCEPT_TICKS": 13.84577961007736,
  "CHASE_LOCK_TICKS": 43,
  "CHASE_WALL_HORIZON": 21.45520043530347,
  "CHASE_BLOCK_OFFSET_MULT": 1.4946037700804844,
  "CHASE_DISTANCE_WEIGHT": 0.2376589983562336,
  "CHASE_ETA_WEIGHT": 1.13089805513314,
  "CHASE_LOCK_BONUS": 11.277571758101358,
  "CHASE_VELOCITY_NEW_WEIGHT": 0.46569320550903626,
  "VIRUS_ENEMY_RANGE_MULT": 8.251861956308677,
  "VIRUS_MANUAL_SPLIT_TIME_BONUS": 2.918149362529031,
  "VIRUS_MANUAL_SPLIT_RISK_COST": 1.613707401011845,
  "VIRUS_MAX_FARM_MASS": 180.0637270033795,
  "FOOD_CLUSTER_RADIUS": 6.359389510627762,
  "FOOD_CLUSTER_WEIGHT": 1.3931131150630789,
  "FOOD_DISTANCE_POWER": 1.3154959496933738,
  "FOOD_LOCK_TICKS": 10,
  "ROAM_CENTER_WEIGHT": 0.17605682137938344,
  "ROAM_MOMENTUM_WEIGHT": 0.286505130626319
}