{
  "OVERRIDE_ORDER": [
    "escape",
    "unstuck",
    "split",
    "chase",
    "virus",
    "food"
  ],
  "NUM_DIRECTIONS": 16,
  "MAX_ENEMIES": 24,
  "SAFETY_OWN_PIECES": 2,
  "STEP_RADIUS_MULT": 1.5102806999244813,
  "SPLIT_REACH_RELIABILITY": 0.7832611560515771,
  "ESCAPE_DIRECT_RANGE_MULT": 6.204695704843391,
  "ESCAPE_SPLIT_REACH_BUFFER": 1.1537835820920324,
  "ESCAPE_MOVE_WEIGHT": 83.10220741040663,
  "ESCAPE_WALL_WEIGHT": 106.03804065273592,
  "ESCAPE_VIRUS_SHIELD_WEIGHT": 860.872906860012,
  "ESCAPE_HARD_MARGIN": 0.1475616505863984,
  "SPLIT_CAPTURE_WEIGHT": 6.030605819933942,
  "SPLIT_DEPTH_COST": 2.1116340380604774,
  "SPLIT_FRAGMENT_COST": 0.438477071157389,
  "SPLIT_EXTERNAL_RISK_WEIGHT": 0.6539101169245765,
  "SPLIT_MIN_UTILITY": 7.460855284612731,
  "SPLIT_LARGER_OWNER_RATIO": 1.0892612485056847,
  "SPLIT_PLAN_WAIT_TICKS": 7,
  "CHASE_ACQUIRE_RANGE_MULT": 4.139618999177917,
  "CHASE_DIRECT_RANGE_MULT": 2.6322604404255596,
  "CHASE_MAX_INTERCEPT_TICKS": 13.289435149176617,
  "CHASE_LOCK_TICKS": 83,
  "CHASE_WALL_HORIZON": 27.852097663430975,
  "CHASE_BLOCK_OFFSET_MULT": 1.362299326170129,
  "CHASE_DISTANCE_WEIGHT": 0.12064002893288672,
  "CHASE_ETA_WEIGHT": 1.039778770668826,
  "CHASE_LOCK_BONUS": 20.571020813071502,
  "CHASE_VELOCITY_NEW_WEIGHT": 0.4222244050486431,
  "VIRUS_ENEMY_RANGE_MULT": 7.555176350424571,
  "VIRUS_MANUAL_SPLIT_TIME_BONUS": 1.041584825851282,
  "VIRUS_MANUAL_SPLIT_RISK_COST": 1.598531912278923,
  "VIRUS_MAX_FARM_MASS": 153.28814401084162,
  "FOOD_CLUSTER_RADIUS": 6.422493604742765,
  "FOOD_CLUSTER_WEIGHT": 2.0766335818603885,
  "FOOD_DISTANCE_POWER": 1.5950496998328543,
  "FOOD_LOCK_TICKS": 6,
  "ROAM_CENTER_WEIGHT": 0.3518224210287126,
  "ROAM_MOMENTUM_WEIGHT": 0.5964077438696663
}