{
  "OVERRIDE_ORDER": [
    "escape",
    "unstuck",
    "split",
    "chase",
    "virus",
    "food"
  ],
  "NUM_DIRECTIONS": 12,
  "MAX_ENEMIES": 24,
  "SAFETY_OWN_PIECES": 3,
  "STEP_RADIUS_MULT": 1.3261981167809727,
  "SPLIT_REACH_RELIABILITY": 0.6253051866750057,
  "ESCAPE_DIRECT_RANGE_MULT": 5.565214926005929,
  "ESCAPE_SPLIT_REACH_BUFFER": 1.096361852940691,
  "ESCAPE_MOVE_WEIGHT": 130.88662480956202,
  "ESCAPE_WALL_WEIGHT": 103.87210050756028,
  "ESCAPE_VIRUS_SHIELD_WEIGHT": 1079.8614843529099,
  "ESCAPE_HARD_MARGIN": 0.07618742982308666,
  "SPLIT_CAPTURE_WEIGHT": 3.289655992450822,
  "SPLIT_DEPTH_COST": 2.6443043914701043,
  "SPLIT_FRAGMENT_COST": 0.15264201979527678,
  "SPLIT_EXTERNAL_RISK_WEIGHT": 0.1999280140686186,
  "SPLIT_MIN_UTILITY": 4.486131928437079,
  "SPLIT_LARGER_OWNER_RATIO": 1.0261667640390724,
  "SPLIT_PLAN_WAIT_TICKS": 3,
  "CHASE_ACQUIRE_RANGE_MULT": 10.038496953224264,
  "CHASE_DIRECT_RANGE_MULT": 4.578107185922499,
  "CHASE_MAX_INTERCEPT_TICKS": 12.664240302793253,
  "CHASE_LOCK_TICKS": 235,
  "CHASE_WALL_HORIZON": 23.740258008244215,
  "CHASE_BLOCK_OFFSET_MULT": 1.1529873603915446,
  "CHASE_DISTANCE_WEIGHT": 0.39950463201403474,
  "CHASE_ETA_WEIGHT": 0.3802360510723972,
  "CHASE_LOCK_BONUS": 6.371503687865989,
  "CHASE_VELOCITY_NEW_WEIGHT": 0.3563777325454071,
  "VIRUS_ENEMY_RANGE_MULT": 6.198902746235748,
  "VIRUS_MANUAL_SPLIT_TIME_BONUS": 1.035835798220109,
  "VIRUS_MANUAL_SPLIT_RISK_COST": 5.735920511018774,
  "VIRUS_MAX_FARM_MASS": 62.72700043390494,
  "FOOD_CLUSTER_RADIUS": 5.9648439487347416,
  "FOOD_CLUSTER_WEIGHT": 0.36058174985600755,
  "FOOD_DISTANCE_POWER": 1.8331844381094928,
  "FOOD_LOCK_TICKS": 4,
  "ROAM_CENTER_WEIGHT": 2.8646805726854994,
  "ROAM_MOMENTUM_WEIGHT": 0.6046368393607496
}