{
  "OVERRIDE_ORDER": [
    "escape",
    "unstuck",
    "split",
    "chase",
    "virus",
    "food"
  ],
  "NUM_DIRECTIONS": 12,
  "MAX_ENEMIES": 24,
  "SAFETY_OWN_PIECES": 3,
  "STEP_RADIUS_MULT": 1.3139699953457453,
  "SPLIT_REACH_RELIABILITY": 0.648633440310695,
  "ESCAPE_DIRECT_RANGE_MULT": 7.2638145815202595,
  "ESCAPE_SPLIT_REACH_BUFFER": 1.1117751009690366,
  "ESCAPE_MOVE_WEIGHT": 103.39105992040068,
  "ESCAPE_WALL_WEIGHT": 112.22231954219879,
  "ESCAPE_VIRUS_SHIELD_WEIGHT": 1095.7095675524308,
  "ESCAPE_HARD_MARGIN": 0.24999899536215173,
  "SPLIT_CAPTURE_WEIGHT": 3.1684136349602423,
  "SPLIT_DEPTH_COST": 1.8517676143492732,
  "SPLIT_FRAGMENT_COST": 0.1838718929438461,
  "SPLIT_EXTERNAL_RISK_WEIGHT": 0.7599736072148896,
  "SPLIT_MIN_UTILITY": 3.7365499500252057,
  "SPLIT_LARGER_OWNER_RATIO": 1.1752137542453334,
  "SPLIT_PLAN_WAIT_TICKS": 2,
  "CHASE_ACQUIRE_RANGE_MULT": 9.59690807768792,
  "CHASE_DIRECT_RANGE_MULT": 4.846662843194335,
  "CHASE_MAX_INTERCEPT_TICKS": 16.49403064335954,
  "CHASE_LOCK_TICKS": 176,
  "CHASE_WALL_HORIZON": 17.013675127188563,
  "CHASE_BLOCK_OFFSET_MULT": 1.2673791022903567,
  "CHASE_DISTANCE_WEIGHT": 0.4485183810343639,
  "CHASE_ETA_WEIGHT": 2.2078707520901673,
  "CHASE_LOCK_BONUS": 4.20083085885677,
  "CHASE_VELOCITY_NEW_WEIGHT": 0.2625974772081708,
  "VIRUS_ENEMY_RANGE_MULT": 6.611748084400166,
  "VIRUS_MANUAL_SPLIT_TIME_BONUS": 1.5151332142642762,
  "VIRUS_MANUAL_SPLIT_RISK_COST": 4.4181697019046196,
  "VIRUS_MAX_FARM_MASS": 139.76968342549876,
  "FOOD_CLUSTER_RADIUS": 6.299557259123028,
  "FOOD_CLUSTER_WEIGHT": 0.3660255572246894,
  "FOOD_DISTANCE_POWER": 1.8518403308328868,
  "FOOD_LOCK_TICKS": 3,
  "ROAM_CENTER_WEIGHT": 1.1563467877120848,
  "ROAM_MOMENTUM_WEIGHT": 0.2751278350944007
}