{
  "OVERRIDE_ORDER": [
    "escape",
    "unstuck",
    "split",
    "chase",
    "virus",
    "food"
  ],
  "NUM_DIRECTIONS": 16,
  "MAX_ENEMIES": 18,
  "SAFETY_OWN_PIECES": 2,
  "STEP_RADIUS_MULT": 1.3166227201065401,
  "SPLIT_REACH_RELIABILITY": 0.7530690873597886,
  "ESCAPE_DIRECT_RANGE_MULT": 7.215274073149521,
  "ESCAPE_SPLIT_REACH_BUFFER": 1.100642531924413,
  "ESCAPE_MOVE_WEIGHT": 91.44574340734437,
  "ESCAPE_WALL_WEIGHT": 107.02856882325804,
  "ESCAPE_VIRUS_SHIELD_WEIGHT": 978.7381049488889,
  "ESCAPE_HARD_MARGIN": 0.11902147206940455,
  "SPLIT_CAPTURE_WEIGHT": 8.06757337863574,
  "SPLIT_DEPTH_COST": 4.409670878691805,
  "SPLIT_FRAGMENT_COST": 0.6115566417294784,
  "SPLIT_EXTERNAL_RISK_WEIGHT": 0.7104619175430232,
  "SPLIT_MIN_UTILITY": 4.955695716093778,
  "SPLIT_LARGER_OWNER_RATIO": 1.0106756095614635,
  "SPLIT_PLAN_WAIT_TICKS": 7,
  "CHASE_ACQUIRE_RANGE_MULT": 5.099015744090555,
  "CHASE_DIRECT_RANGE_MULT": 4.10751779847253,
  "CHASE_MAX_INTERCEPT_TICKS": 8.334480821380598,
  "CHASE_LOCK_TICKS": 151,
  "CHASE_WALL_HORIZON": 16.380258644474342,
  "CHASE_BLOCK_OFFSET_MULT": 1.3827450444099254,
  "CHASE_DISTANCE_WEIGHT": 0.37154349237649636,
  "CHASE_ETA_WEIGHT": 1.7773186116104251,
  "CHASE_LOCK_BONUS": 17.554076826776534,
  "CHASE_VELOCITY_NEW_WEIGHT": 0.7568153588432259,
  "VIRUS_ENEMY_RANGE_MULT": 7.916922454093075,
  "VIRUS_MANUAL_SPLIT_TIME_BONUS": 0.7663626232016372,
  "VIRUS_MANUAL_SPLIT_RISK_COST": 5.781561220804671,
  "VIRUS_MAX_FARM_MASS": 58.42926191530475,
  "FOOD_CLUSTER_RADIUS": 4.6503708336782585,
  "FOOD_CLUSTER_WEIGHT": 1.7883486510543702,
  "FOOD_DISTANCE_POWER": 2.0959375229472634,
  "FOOD_LOCK_TICKS": 7,
  "ROAM_CENTER_WEIGHT": 0.34389635253653306,
  "ROAM_MOMENTUM_WEIGHT": 0.5927156110913766
}