{
  "OVERRIDE_ORDER": [
    "escape",
    "unstuck",
    "split",
    "virus",
    "chase",
    "food"
  ],
  "NUM_DIRECTIONS": 16,
  "MAX_ENEMIES": 24,
  "SAFETY_OWN_PIECES": 2,
  "STEP_RADIUS_MULT": 1.4834205067330268,
  "SPLIT_REACH_RELIABILITY": 0.8558964480698941,
  "ESCAPE_DIRECT_RANGE_MULT": 6.676994215397526,
  "ESCAPE_SPLIT_REACH_BUFFER": 1.0259027478217853,
  "ESCAPE_MOVE_WEIGHT": 106.07782798006026,
  "ESCAPE_WALL_WEIGHT": 428.9846069837915,
  "ESCAPE_VIRUS_SHIELD_WEIGHT": 397.9642882016792,
  "ESCAPE_HARD_MARGIN": 0.07491749980332384,
  "SPLIT_CAPTURE_WEIGHT": 4.255960349423619,
  "SPLIT_DEPTH_COST": 5.217531409808664,
  "SPLIT_FRAGMENT_COST": 0.1379127083920457,
  "SPLIT_EXTERNAL_RISK_WEIGHT": 0.8710971873446972,
  "SPLIT_MIN_UTILITY": 9.390426631092549,
  "SPLIT_LARGER_OWNER_RATIO": 1.268628089367125,
  "SPLIT_PLAN_WAIT_TICKS": 3,
  "CHASE_ACQUIRE_RANGE_MULT": 9.247635799667886,
  "CHASE_DIRECT_RANGE_MULT": 3.158395990152334,
  "CHASE_MAX_INTERCEPT_TICKS": 13.987087005227668,
  "CHASE_LOCK_TICKS": 103,
  "CHASE_WALL_HORIZON": 30.631028671338242,
  "CHASE_BLOCK_OFFSET_MULT": 1.116624607861857,
  "CHASE_DISTANCE_WEIGHT": 0.06334016125591277,
  "CHASE_ETA_WEIGHT": 0.6754050016667466,
  "CHASE_LOCK_BONUS": 16.32506806171626,
  "CHASE_VELOCITY_NEW_WEIGHT": 0.5634800146402515,
  "VIRUS_ENEMY_RANGE_MULT": 4.001200046315475,
  "VIRUS_MANUAL_SPLIT_TIME_BONUS": 4.930577336327524,
  "VIRUS_MANUAL_SPLIT_RISK_COST": 0.3471561632866784,
  "VIRUS_MAX_FARM_MASS": 114.20864367225559,
  "FOOD_CLUSTER_RADIUS": 4.375738847745113,
  "FOOD_CLUSTER_WEIGHT": 0.5977720409335074,
  "FOOD_DISTANCE_POWER": 1.738896809759876,
  "FOOD_LOCK_TICKS": 23,
  "ROAM_CENTER_WEIGHT": 1.1557761510446383,
  "ROAM_MOMENTUM_WEIGHT": 0.5649340550693316
}