{
  "OVERRIDE_ORDER": [
    "escape",
    "split",
    "unstuck",
    "chase",
    "virus",
    "food"
  ],
  "NUM_DIRECTIONS": 16,
  "MAX_ENEMIES": 24,
  "SAFETY_OWN_PIECES": 3,
  "STEP_RADIUS_MULT": 1.3104692634066053,
  "SPLIT_REACH_RELIABILITY": 0.7180969699056995,
  "ESCAPE_DIRECT_RANGE_MULT": 6.14711304620287,
  "ESCAPE_SPLIT_REACH_BUFFER": 1.098070240238498,
  "ESCAPE_MOVE_WEIGHT": 158.07932381846894,
  "ESCAPE_WALL_WEIGHT": 115.18610602579612,
  "ESCAPE_VIRUS_SHIELD_WEIGHT": 1145.7193640153591,
  "ESCAPE_HARD_MARGIN": 0.14221351100900928,
  "SPLIT_CAPTURE_WEIGHT": 5.581499441907727,
  "SPLIT_DEPTH_COST": 5.296222857004779,
  "SPLIT_FRAGMENT_COST": 0.3397703320228331,
  "SPLIT_EXTERNAL_RISK_WEIGHT": 0.16355236423670247,
  "SPLIT_MIN_UTILITY": 7.176600737844388,
  "SPLIT_LARGER_OWNER_RATIO": 1.0039922913628225,
  "SPLIT_PLAN_WAIT_TICKS": 4,
  "CHASE_ACQUIRE_RANGE_MULT": 4.849227692202942,
  "CHASE_DIRECT_RANGE_MULT": 4.195849611248179,
  "CHASE_MAX_INTERCEPT_TICKS": 14.627855314830716,
  "CHASE_LOCK_TICKS": 106,
  "CHASE_WALL_HORIZON": 16.37912249560565,
  "CHASE_BLOCK_OFFSET_MULT": 1.1665277747940832,
  "CHASE_DISTANCE_WEIGHT": 0.16611779459444562,
  "CHASE_ETA_WEIGHT": 1.464455668672992,
  "CHASE_LOCK_BONUS": 27.07078315278078,
  "CHASE_VELOCITY_NEW_WEIGHT": 0.34353402481335366,
  "VIRUS_ENEMY_RANGE_MULT": 5.7602212600649825,
  "VIRUS_MANUAL_SPLIT_TIME_BONUS": 0.8389315816049873,
  "VIRUS_MANUAL_SPLIT_RISK_COST": 1.4985742921132192,
  "VIRUS_MAX_FARM_MASS": 172.8205043085107,
  "FOOD_CLUSTER_RADIUS": 5.351125781104766,
  "FOOD_CLUSTER_WEIGHT": 2.837938337981722,
  "FOOD_DISTANCE_POWER": 2.0687635585371154,
  "FOOD_LOCK_TICKS": 20,
  "ROAM_CENTER_WEIGHT": 0.34553622495568975,
  "ROAM_MOMENTUM_WEIGHT": 0.4208589121926158
}