{
  "OVERRIDE_ORDER": [
    "escape",
    "unstuck",
    "split",
    "virus",
    "chase",
    "food"
  ],
  "NUM_DIRECTIONS": 16,
  "MAX_ENEMIES": 21,
  "SAFETY_OWN_PIECES": 2,
  "STEP_RADIUS_MULT": 1.2641643158812002,
  "SPLIT_REACH_RELIABILITY": 0.6676620404472489,
  "ESCAPE_DIRECT_RANGE_MULT": 5.743004335790084,
  "ESCAPE_SPLIT_REACH_BUFFER": 1.0351899571723364,
  "ESCAPE_MOVE_WEIGHT": 86.40626950812313,
  "ESCAPE_WALL_WEIGHT": 277.5607239957562,
  "ESCAPE_VIRUS_SHIELD_WEIGHT": 577.2090109332647,
  "ESCAPE_HARD_MARGIN": 0.1614034467804857,
  "SPLIT_CAPTURE_WEIGHT": 12.252839830614821,
  "SPLIT_DEPTH_COST": 1.5531704858284945,
  "SPLIT_FRAGMENT_COST": 0.14960234581692253,
  "SPLIT_EXTERNAL_RISK_WEIGHT": 0.7825806723437345,
  "SPLIT_MIN_UTILITY": 3.6875178823038626,
  "SPLIT_LARGER_OWNER_RATIO": 1.0738195883172987,
  "SPLIT_PLAN_WAIT_TICKS": 5,
  "CHASE_ACQUIRE_RANGE_MULT": 5.956480287846103,
  "CHASE_DIRECT_RANGE_MULT": 4.436415304328814,
  "CHASE_MAX_INTERCEPT_TICKS": 16.657419197669523,
  "CHASE_LOCK_TICKS": 94,
  "CHASE_WALL_HORIZON": 26.99139588377001,
  "CHASE_BLOCK_OFFSET_MULT": 0.6883167909689627,
  "CHASE_DISTANCE_WEIGHT": 0.08251425722345958,
  "CHASE_ETA_WEIGHT": 1.8469067498014424,
  "CHASE_LOCK_BONUS": 11.813278549016426,
  "CHASE_VELOCITY_NEW_WEIGHT": 0.589246046749682,
  "VIRUS_ENEMY_RANGE_MULT": 6.442214632662395,
  "VIRUS_MANUAL_SPLIT_TIME_BONUS": 1.3628617735756445,
  "VIRUS_MANUAL_SPLIT_RISK_COST": 3.6322334785159356,
  "VIRUS_MAX_FARM_MASS": 261.5713594107221,
  "FOOD_CLUSTER_RADIUS": 4.736354764246839,
  "FOOD_CLUSTER_WEIGHT": 1.0332545576031156,
  "FOOD_DISTANCE_POWER": 1.682420160912235,
  "FOOD_LOCK_TICKS": 5,
  "ROAM_CENTER_WEIGHT": 0.5423146616855292,
  "ROAM_MOMENTUM_WEIGHT": 0.43178599297333764
}