{
  "OVERRIDE_ORDER": [
    "escape",
    "unstuck",
    "split",
    "chase",
    "virus",
    "food"
  ],
  "NUM_DIRECTIONS": 16,
  "MAX_ENEMIES": 24,
  "SAFETY_OWN_PIECES": 2,
  "STEP_RADIUS_MULT": 1.3192893377457362,
  "SPLIT_REACH_RELIABILITY": 0.6935134231370248,
  "ESCAPE_DIRECT_RANGE_MULT": 4.592890406227928,
  "ESCAPE_SPLIT_REACH_BUFFER": 1.1290032936556458,
  "ESCAPE_MOVE_WEIGHT": 102.40392497504857,
  "ESCAPE_WALL_WEIGHT": 182.4319285047591,
  "ESCAPE_VIRUS_SHIELD_WEIGHT": 1320.6687664657595,
  "ESCAPE_HARD_MARGIN": 0.09721265261626938,
  "SPLIT_CAPTURE_WEIGHT": 11.877163656201242,
  "SPLIT_DEPTH_COST": 2.094299735366214,
  "SPLIT_FRAGMENT_COST": 0.6093138961308163,
  "SPLIT_EXTERNAL_RISK_WEIGHT": 1.4126849025943764,
  "SPLIT_MIN_UTILITY": 7.1785202103340815,
  "SPLIT_LARGER_OWNER_RATIO": 1.061558673722516,
  "SPLIT_PLAN_WAIT_TICKS": 5,
  "CHASE_ACQUIRE_RANGE_MULT": 5.463368955974565,
  "CHASE_DIRECT_RANGE_MULT": 4.303101815253283,
  "CHASE_MAX_INTERCEPT_TICKS": 16.185230234376597,
  "CHASE_LOCK_TICKS": 109,
  "CHASE_WALL_HORIZON": 15.780394448222193,
  "CHASE_BLOCK_OFFSET_MULT": 1.3225497655754699,
  "CHASE_DISTANCE_WEIGHT": 0.0923773195055317,
  "CHASE_ETA_WEIGHT": 0.6969511420834928,
  "CHASE_LOCK_BONUS": 48.5769959709992,
  "CHASE_VELOCITY_NEW_WEIGHT": 0.3096700853366382,
  "VIRUS_ENEMY_RANGE_MULT": 6.187432768701468,
  "VIRUS_MANUAL_SPLIT_TIME_BONUS": 0.8585580086330622,
  "VIRUS_MANUAL_SPLIT_RISK_COST": 0.5237951205119901,
  "VIRUS_MAX_FARM_MASS": 123.70445429315551,
  "FOOD_CLUSTER_RADIUS": 4.969198622167749,
  "FOOD_CLUSTER_WEIGHT": 0.9930808975339965,
  "FOOD_DISTANCE_POWER": 1.9747245187933358,
  "FOOD_LOCK_TICKS": 20,
  "ROAM_CENTER_WEIGHT": 0.6853169733406479,
  "ROAM_MOMENTUM_WEIGHT": 1.2644713012893343
}