{
  "OVERRIDE_ORDER": [
    "escape",
    "unstuck",
    "split",
    "chase",
    "virus",
    "food"
  ],
  "NUM_DIRECTIONS": 16,
  "MAX_ENEMIES": 18,
  "SAFETY_OWN_PIECES": 2,
  "STEP_RADIUS_MULT": 1.4343211942999259,
  "SPLIT_REACH_RELIABILITY": 0.7583141866818195,
  "ESCAPE_DIRECT_RANGE_MULT": 6.141614827421457,
  "ESCAPE_SPLIT_REACH_BUFFER": 1.1175419721109472,
  "ESCAPE_MOVE_WEIGHT": 115.74595636510492,
  "ESCAPE_WALL_WEIGHT": 134.90044496722845,
  "ESCAPE_VIRUS_SHIELD_WEIGHT": 1338.497446152809,
  "ESCAPE_HARD_MARGIN": 0.1197877603937772,
  "SPLIT_CAPTURE_WEIGHT": 13.193926426734373,
  "SPLIT_DEPTH_COST": 2.6581426983703706,
  "SPLIT_FRAGMENT_COST": 0.6351430526114624,
  "SPLIT_EXTERNAL_RISK_WEIGHT": 2.6181939368452993,
  "SPLIT_MIN_UTILITY": 8.69181866037581,
  "SPLIT_LARGER_OWNER_RATIO": 1.0731573945006199,
  "SPLIT_PLAN_WAIT_TICKS": 6,
  "CHASE_ACQUIRE_RANGE_MULT": 9.482049752271445,
  "CHASE_DIRECT_RANGE_MULT": 4.216894628386759,
  "CHASE_MAX_INTERCEPT_TICKS": 7.307439518644486,
  "CHASE_LOCK_TICKS": 161,
  "CHASE_WALL_HORIZON": 23.613330124993595,
  "CHASE_BLOCK_OFFSET_MULT": 1.3962549057885691,
  "CHASE_DISTANCE_WEIGHT": 0.8456462553153445,
  "CHASE_ETA_WEIGHT": 2.8219473243398028,
  "CHASE_LOCK_BONUS": 21.078243241238358,
  "CHASE_VELOCITY_NEW_WEIGHT": 0.7523986381437197,
  "VIRUS_ENEMY_RANGE_MULT": 7.9401626675408465,
  "VIRUS_MANUAL_SPLIT_TIME_BONUS": 0.9002695613082071,
  "VIRUS_MANUAL_SPLIT_RISK_COST": 2.5230136023162277,
  "VIRUS_MAX_FARM_MASS": 106.24065737679379,
  "FOOD_CLUSTER_RADIUS": 4.605445775578272,
  "FOOD_CLUSTER_WEIGHT": 2.1180002738679375,
  "FOOD_DISTANCE_POWER": 2.0698944742704546,
  "FOOD_LOCK_TICKS": 12,
  "ROAM_CENTER_WEIGHT": 0.8220520612202069,
  "ROAM_MOMENTUM_WEIGHT": 0.6935941439677858
}