{
  "OVERRIDE_ORDER": [
    "escape",
    "unstuck",
    "split",
    "chase",
    "virus",
    "food"
  ],
  "NUM_DIRECTIONS": 16,
  "MAX_ENEMIES": 24,
  "SAFETY_OWN_PIECES": 2,
  "STEP_RADIUS_MULT": 1.4493597927438167,
  "SPLIT_REACH_RELIABILITY": 0.7546064639670098,
  "ESCAPE_DIRECT_RANGE_MULT": 5.585145489588156,
  "ESCAPE_SPLIT_REACH_BUFFER": 1.1552734458225968,
  "ESCAPE_MOVE_WEIGHT": 94.34747123987721,
  "ESCAPE_WALL_WEIGHT": 180.05368519106867,
  "ESCAPE_VIRUS_SHIELD_WEIGHT": 1007.8728904700374,
  "ESCAPE_HARD_MARGIN": 0.017266376560453496,
  "SPLIT_CAPTURE_WEIGHT": 11.475162020535269,
  "SPLIT_DEPTH_COST": 2.33966754769238,
  "SPLIT_FRAGMENT_COST": 0.6241575352896452,
  "SPLIT_EXTERNAL_RISK_WEIGHT": 1.402876843774168,
  "SPLIT_MIN_UTILITY": 8.708075017947154,
  "SPLIT_LARGER_OWNER_RATIO": 0.9630375204882217,
  "SPLIT_PLAN_WAIT_TICKS": 3,
  "CHASE_ACQUIRE_RANGE_MULT": 9.424066098423705,
  "CHASE_DIRECT_RANGE_MULT": 4.6516440026311505,
  "CHASE_MAX_INTERCEPT_TICKS": 7.731347422549449,
  "CHASE_LOCK_TICKS": 76,
  "CHASE_WALL_HORIZON": 19.922895787475184,
  "CHASE_BLOCK_OFFSET_MULT": 1.1841919580212596,
  "CHASE_DISTANCE_WEIGHT": 0.31688489744817533,
  "CHASE_ETA_WEIGHT": 2.646322057133264,
  "CHASE_LOCK_BONUS": 43.371044327957016,
  "CHASE_VELOCITY_NEW_WEIGHT": 0.5458682202796197,
  "VIRUS_ENEMY_RANGE_MULT": 6.939701580490162,
  "VIRUS_MANUAL_SPLIT_TIME_BONUS": 0.5462241098342907,
  "VIRUS_MANUAL_SPLIT_RISK_COST": 1.7380202493537453,
  "VIRUS_MAX_FARM_MASS": 84.33397428501151,
  "FOOD_CLUSTER_RADIUS": 3.248530311952526,
  "FOOD_CLUSTER_WEIGHT": 1.2654449995640646,
  "FOOD_DISTANCE_POWER": 1.6374034497292593,
  "FOOD_LOCK_TICKS": 12,
  "ROAM_CENTER_WEIGHT": 1.548063962972158,
  "ROAM_MOMENTUM_WEIGHT": 0.19683015056815367
}