{
  "OVERRIDE_ORDER": [
    "escape",
    "unstuck",
    "split",
    "chase",
    "virus",
    "food"
  ],
  "NUM_DIRECTIONS": 16,
  "MAX_ENEMIES": 24,
  "SAFETY_OWN_PIECES": 3,
  "STEP_RADIUS_MULT": 1.3128086136839128,
  "SPLIT_REACH_RELIABILITY": 0.6264496892576159,
  "ESCAPE_DIRECT_RANGE_MULT": 4.37466916533571,
  "ESCAPE_SPLIT_REACH_BUFFER": 1.012462202738593,
  "ESCAPE_MOVE_WEIGHT": 139.76203900845346,
  "ESCAPE_WALL_WEIGHT": 193.07711795226342,
  "ESCAPE_VIRUS_SHIELD_WEIGHT": 756.2437404661014,
  "ESCAPE_HARD_MARGIN": 0.19349143814486638,
  "SPLIT_CAPTURE_WEIGHT": 4.200573483216613,
  "SPLIT_DEPTH_COST": 2.674046314607745,
  "SPLIT_FRAGMENT_COST": 0.34390015801342916,
  "SPLIT_EXTERNAL_RISK_WEIGHT": 0.4529385700041915,
  "SPLIT_MIN_UTILITY": 0.7941237566426385,
  "SPLIT_LARGER_OWNER_RATIO": 1.1253019002562792,
  "SPLIT_PLAN_WAIT_TICKS": 2,
  "CHASE_ACQUIRE_RANGE_MULT": 9.12438395161968,
  "CHASE_DIRECT_RANGE_MULT": 4.3837637982531135,
  "CHASE_MAX_INTERCEPT_TICKS": 15.739971668650258,
  "CHASE_LOCK_TICKS": 162,
  "CHASE_WALL_HORIZON": 17.88049141874046,
  "CHASE_BLOCK_OFFSET_MULT": 1.124613775954659,
  "CHASE_DISTANCE_WEIGHT": 0.7517423026967921,
  "CHASE_ETA_WEIGHT": 0.5095883896442631,
  "CHASE_LOCK_BONUS": 18.472697907722885,
  "CHASE_VELOCITY_NEW_WEIGHT": 0.2986546387803029,
  "VIRUS_ENEMY_RANGE_MULT": 2.723563713126376,
  "VIRUS_MANUAL_SPLIT_TIME_BONUS": 1.2261212327328412,
  "VIRUS_MANUAL_SPLIT_RISK_COST": 4.899681285773324,
  "VIRUS_MAX_FARM_MASS": 100.56742337166928,
  "FOOD_CLUSTER_RADIUS": 5.749359933686994,
  "FOOD_CLUSTER_WEIGHT": 0.5731676047022621,
  "FOOD_DISTANCE_POWER": 1.7054157489770987,
  "FOOD_LOCK_TICKS": 6,
  "ROAM_CENTER_WEIGHT": 0.8813625309577304,
  "ROAM_MOMENTUM_WEIGHT": 0.5743287775069926
}