{
  "OVERRIDE_ORDER": [
    "escape",
    "unstuck",
    "split",
    "chase",
    "virus",
    "food"
  ],
  "NUM_DIRECTIONS": 12,
  "MAX_ENEMIES": 24,
  "SAFETY_OWN_PIECES": 3,
  "STEP_RADIUS_MULT": 1.2733479791065296,
  "SPLIT_REACH_RELIABILITY": 0.6236912471429422,
  "ESCAPE_DIRECT_RANGE_MULT": 5.8260643408824055,
  "ESCAPE_SPLIT_REACH_BUFFER": 1.0463920041052008,
  "ESCAPE_MOVE_WEIGHT": 144.5840768476741,
  "ESCAPE_WALL_WEIGHT": 141.65009106138726,
  "ESCAPE_VIRUS_SHIELD_WEIGHT": 964.699222911547,
  "ESCAPE_HARD_MARGIN": 0.11026394852998286,
  "SPLIT_CAPTURE_WEIGHT": 3.1951464800316867,
  "SPLIT_DEPTH_COST": 2.602956332319471,
  "SPLIT_FRAGMENT_COST": 0.1792398876587981,
  "SPLIT_EXTERNAL_RISK_WEIGHT": 0.7789973794475114,
  "SPLIT_MIN_UTILITY": 3.86496130393314,
  "SPLIT_LARGER_OWNER_RATIO": 1.0449320800935344,
  "SPLIT_PLAN_WAIT_TICKS": 3,
  "CHASE_ACQUIRE_RANGE_MULT": 8.413021619643734,
  "CHASE_DIRECT_RANGE_MULT": 3.9578971033362937,
  "CHASE_MAX_INTERCEPT_TICKS": 16.00125932933937,
  "CHASE_LOCK_TICKS": 140,
  "CHASE_WALL_HORIZON": 16.450817246288977,
  "CHASE_BLOCK_OFFSET_MULT": 1.139819727521513,
  "CHASE_DISTANCE_WEIGHT": 0.3040105002394234,
  "CHASE_ETA_WEIGHT": 0.5920695834021578,
  "CHASE_LOCK_BONUS": 9.220907670844616,
  "CHASE_VELOCITY_NEW_WEIGHT": 0.28055585248471715,
  "VIRUS_ENEMY_RANGE_MULT": 6.627509157739672,
  "VIRUS_MANUAL_SPLIT_TIME_BONUS": 1.1531423408728252,
  "VIRUS_MANUAL_SPLIT_RISK_COST": 5.596232830795358,
  "VIRUS_MAX_FARM_MASS": 90.2492214487145,
  "FOOD_CLUSTER_RADIUS": 5.672153173270866,
  "FOOD_CLUSTER_WEIGHT": 0.5487540971137397,
  "FOOD_DISTANCE_POWER": 1.7832514867496774,
  "FOOD_LOCK_TICKS": 4,
  "ROAM_CENTER_WEIGHT": 2.6267484713336695,
  "ROAM_MOMENTUM_WEIGHT": 0.5868523953023044
}