{
  "OVERRIDE_ORDER": [
    "escape",
    "unstuck",
    "split",
    "chase",
    "virus",
    "food"
  ],
  "NUM_DIRECTIONS": 16,
  "MAX_ENEMIES": 21,
  "SAFETY_OWN_PIECES": 3,
  "STEP_RADIUS_MULT": 1.395094973894361,
  "SPLIT_REACH_RELIABILITY": 0.6830551973262055,
  "ESCAPE_DIRECT_RANGE_MULT": 7.847160354511749,
  "ESCAPE_SPLIT_REACH_BUFFER": 0.9350049514173174,
  "ESCAPE_MOVE_WEIGHT": 126.99573815032774,
  "ESCAPE_WALL_WEIGHT": 213.32550065992598,
  "ESCAPE_VIRUS_SHIELD_WEIGHT": 158.52373796442998,
  "ESCAPE_HARD_MARGIN": 0.01192324965198404,
  "SPLIT_CAPTURE_WEIGHT": 4.9200286336356704,
  "SPLIT_DEPTH_COST": 3.5682462282959078,
  "SPLIT_FRAGMENT_COST": 0.05801753624687582,
  "SPLIT_EXTERNAL_RISK_WEIGHT": 0.8055552186944,
  "SPLIT_MIN_UTILITY": 0.331760205698715,
  "SPLIT_LARGER_OWNER_RATIO": 1.1024138421693355,
  "SPLIT_PLAN_WAIT_TICKS": 7,
  "CHASE_ACQUIRE_RANGE_MULT": 11.476272401036258,
  "CHASE_DIRECT_RANGE_MULT": 4.36427504221055,
  "CHASE_MAX_INTERCEPT_TICKS": 12.68811933498608,
  "CHASE_LOCK_TICKS": 39,
  "CHASE_WALL_HORIZON": 31.442858589687074,
  "CHASE_BLOCK_OFFSET_MULT": 1.2220856289729598,
  "CHASE_DISTANCE_WEIGHT": 0.05674488986035576,
  "CHASE_ETA_WEIGHT": 0.8812456656290093,
  "CHASE_LOCK_BONUS": 6.106678992940145,
  "CHASE_VELOCITY_NEW_WEIGHT": 0.4021978649574499,
  "VIRUS_ENEMY_RANGE_MULT": 6.451701625264292,
  "VIRUS_MANUAL_SPLIT_TIME_BONUS": 0.8764503606094277,
  "VIRUS_MANUAL_SPLIT_RISK_COST": 1.5613714920340487,
  "VIRUS_MAX_FARM_MASS": 278.6086504373503,
  "FOOD_CLUSTER_RADIUS": 4.750395261776527,
  "FOOD_CLUSTER_WEIGHT": 1.231546131604959,
  "FOOD_DISTANCE_POWER": 2.1320668538436145,
  "FOOD_LOCK_TICKS": 27,
  "ROAM_CENTER_WEIGHT": 0.1770702718827788,
  "ROAM_MOMENTUM_WEIGHT": 1.0715421031821513
}