{
  "OVERRIDE_ORDER": [
    "escape",
    "unstuck",
    "split",
    "virus",
    "chase",
    "food"
  ],
  "NUM_DIRECTIONS": 16,
  "MAX_ENEMIES": 21,
  "SAFETY_OWN_PIECES": 2,
  "STEP_RADIUS_MULT": 1.3322281297905512,
  "SPLIT_REACH_RELIABILITY": 0.881073620414693,
  "ESCAPE_DIRECT_RANGE_MULT": 5.66055606390815,
  "ESCAPE_SPLIT_REACH_BUFFER": 1.1399696771086902,
  "ESCAPE_MOVE_WEIGHT": 116.41690481951983,
  "ESCAPE_WALL_WEIGHT": 132.20303791884888,
  "ESCAPE_VIRUS_SHIELD_WEIGHT": 1239.5222448784589,
  "ESCAPE_HARD_MARGIN": 0.13939165770940376,
  "SPLIT_CAPTURE_WEIGHT": 9.17689808605271,
  "SPLIT_DEPTH_COST": 6.24149408896269,
  "SPLIT_FRAGMENT_COST": 0.41901203427653094,
  "SPLIT_EXTERNAL_RISK_WEIGHT": 1.6408448228727082,
  "SPLIT_MIN_UTILITY": 9.763443725501089,
  "SPLIT_LARGER_OWNER_RATIO": 1.019646643034437,
  "SPLIT_PLAN_WAIT_TICKS": 6,
  "CHASE_ACQUIRE_RANGE_MULT": 8.55089408214599,
  "CHASE_DIRECT_RANGE_MULT": 4.731638081909942,
  "CHASE_MAX_INTERCEPT_TICKS": 15.633542389130906,
  "CHASE_LOCK_TICKS": 76,
  "CHASE_WALL_HORIZON": 16.291491272691562,
  "CHASE_BLOCK_OFFSET_MULT": 1.3769122992755933,
  "CHASE_DISTANCE_WEIGHT": 0.5816349793146943,
  "CHASE_ETA_WEIGHT": 0.697109725002242,
  "CHASE_LOCK_BONUS": 13.434402477936542,
  "CHASE_VELOCITY_NEW_WEIGHT": 0.5907594687861581,
  "VIRUS_ENEMY_RANGE_MULT": 8.216734080404825,
  "VIRUS_MANUAL_SPLIT_TIME_BONUS": 2.4139644679492305,
  "VIRUS_MANUAL_SPLIT_RISK_COST": 7.304470559945551,
  "VIRUS_MAX_FARM_MASS": 118.48850015323578,
  "FOOD_CLUSTER_RADIUS": 2.879576691037223,
  "FOOD_CLUSTER_WEIGHT": 2.422779720891034,
  "FOOD_DISTANCE_POWER": 1.765560998102074,
  "FOOD_LOCK_TICKS": 29,
  "ROAM_CENTER_WEIGHT": 1.1895866299532565,
  "ROAM_MOMENTUM_WEIGHT": 0.30886462247630314
}