{
  "OVERRIDE_ORDER": [
    "escape",
    "split",
    "unstuck",
    "chase",
    "virus",
    "food"
  ],
  "NUM_DIRECTIONS": 16,
  "MAX_ENEMIES": 24,
  "SAFETY_OWN_PIECES": 3,
  "STEP_RADIUS_MULT": 1.2645038590911557,
  "SPLIT_REACH_RELIABILITY": 0.639873455896776,
  "ESCAPE_DIRECT_RANGE_MULT": 5.21360320301542,
  "ESCAPE_SPLIT_REACH_BUFFER": 1.1551935784352159,
  "ESCAPE_MOVE_WEIGHT": 195.1338239697211,
  "ESCAPE_WALL_WEIGHT": 122.53122692067271,
  "ESCAPE_VIRUS_SHIELD_WEIGHT": 1084.9491979536426,
  "ESCAPE_HARD_MARGIN": 0.1946546484763806,
  "SPLIT_CAPTURE_WEIGHT": 10.923165071842275,
  "SPLIT_DEPTH_COST": 5.965026977831763,
  "SPLIT_FRAGMENT_COST": 0.21288486472649779,
  "SPLIT_EXTERNAL_RISK_WEIGHT": 0.5601182879912188,
  "SPLIT_MIN_UTILITY": 7.079962329384278,
  "SPLIT_LARGER_OWNER_RATIO": 0.9933980066199273,
  "SPLIT_PLAN_WAIT_TICKS": 2,
  "CHASE_ACQUIRE_RANGE_MULT": 6.9738627021458095,
  "CHASE_DIRECT_RANGE_MULT": 2.651671084325185,
  "CHASE_MAX_INTERCEPT_TICKS": 16.69160248557179,
  "CHASE_LOCK_TICKS": 62,
  "CHASE_WALL_HORIZON": 27.917297564170838,
  "CHASE_BLOCK_OFFSET_MULT": 1.2303364021011618,
  "CHASE_DISTANCE_WEIGHT": 0.2722796843552716,
  "CHASE_ETA_WEIGHT": 1.0578754005834188,
  "CHASE_LOCK_BONUS": 16.380286659288007,
  "CHASE_VELOCITY_NEW_WEIGHT": 0.3196999595484724,
  "VIRUS_ENEMY_RANGE_MULT": 8.954596907016466,
  "VIRUS_MANUAL_SPLIT_TIME_BONUS": 1.531294905392531,
  "VIRUS_MANUAL_SPLIT_RISK_COST": 0.5465713684308822,
  "VIRUS_MAX_FARM_MASS": 174.25679201990306,
  "FOOD_CLUSTER_RADIUS": 5.916801677920905,
  "FOOD_CLUSTER_WEIGHT": 0.7768646642573296,
  "FOOD_DISTANCE_POWER": 1.6372021031485602,
  "FOOD_LOCK_TICKS": 24,
  "ROAM_CENTER_WEIGHT": 1.2463920304890095,
  "ROAM_MOMENTUM_WEIGHT": 0.34514708968239904
}