{
  "OVERRIDE_ORDER": [
    "escape",
    "unstuck",
    "split",
    "chase",
    "virus",
    "food"
  ],
  "NUM_DIRECTIONS": 12,
  "MAX_ENEMIES": 18,
  "SAFETY_OWN_PIECES": 2,
  "STEP_RADIUS_MULT": 1.5879166197406036,
  "SPLIT_REACH_RELIABILITY": 0.8217302247231303,
  "ESCAPE_DIRECT_RANGE_MULT": 7.132516822731581,
  "ESCAPE_SPLIT_REACH_BUFFER": 1.1316680804700343,
  "ESCAPE_MOVE_WEIGHT": 92.08193805342857,
  "ESCAPE_WALL_WEIGHT": 153.80153114147927,
  "ESCAPE_VIRUS_SHIELD_WEIGHT": 1397.0041214393593,
  "ESCAPE_HARD_MARGIN": 0.10521405915476484,
  "SPLIT_CAPTURE_WEIGHT": 4.936756454111056,
  "SPLIT_DEPTH_COST": 6.932577874495187,
  "SPLIT_FRAGMENT_COST": 0.4309305023452041,
  "SPLIT_EXTERNAL_RISK_WEIGHT": 1.0477681600586473,
  "SPLIT_MIN_UTILITY": 8.593773915738169,
  "SPLIT_LARGER_OWNER_RATIO": 1.001600276143231,
  "SPLIT_PLAN_WAIT_TICKS": 6,
  "CHASE_ACQUIRE_RANGE_MULT": 12.907391492833787,
  "CHASE_DIRECT_RANGE_MULT": 4.375829046207443,
  "CHASE_MAX_INTERCEPT_TICKS": 13.148202397219448,
  "CHASE_LOCK_TICKS": 49,
  "CHASE_WALL_HORIZON": 21.140798213158416,
  "CHASE_BLOCK_OFFSET_MULT": 0.787471063658641,
  "CHASE_DISTANCE_WEIGHT": 0.8474194074315691,
  "CHASE_ETA_WEIGHT": 1.3886662947601385,
  "CHASE_LOCK_BONUS": 44.294199681594215,
  "CHASE_VELOCITY_NEW_WEIGHT": 0.5580507770118832,
  "VIRUS_ENEMY_RANGE_MULT": 6.040687647224349,
  "VIRUS_MANUAL_SPLIT_TIME_BONUS": 0.9409670802523089,
  "VIRUS_MANUAL_SPLIT_RISK_COST": 3.2440155945871507,
  "VIRUS_MAX_FARM_MASS": 52.05453946110738,
  "FOOD_CLUSTER_RADIUS": 4.065006829864038,
  "FOOD_CLUSTER_WEIGHT": 1.7746930577837199,
  "FOOD_DISTANCE_POWER": 1.5734837726302302,
  "FOOD_LOCK_TICKS": 26,
  "ROAM_CENTER_WEIGHT": 0.9581468705284394,
  "ROAM_MOMENTUM_WEIGHT": 0.3253227736938295
}