{
  "OVERRIDE_ORDER": [
    "escape",
    "split",
    "unstuck",
    "chase",
    "virus",
    "food"
  ],
  "NUM_DIRECTIONS": 16,
  "MAX_ENEMIES": 24,
  "SAFETY_OWN_PIECES": 2,
  "STEP_RADIUS_MULT": 1.3990271030435446,
  "SPLIT_REACH_RELIABILITY": 0.7016139143929315,
  "ESCAPE_DIRECT_RANGE_MULT": 6.102735159622779,
  "ESCAPE_SPLIT_REACH_BUFFER": 1.0104158392246234,
  "ESCAPE_MOVE_WEIGHT": 88.39747180426426,
  "ESCAPE_WALL_WEIGHT": 191.9555596116395,
  "ESCAPE_VIRUS_SHIELD_WEIGHT": 705.0975764227627,
  "ESCAPE_HARD_MARGIN": 0.19762586172894878,
  "SPLIT_CAPTURE_WEIGHT": 11.483293095555398,
  "SPLIT_DEPTH_COST": 4.587819807276492,
  "SPLIT_FRAGMENT_COST": 0.2845896111225936,
  "SPLIT_EXTERNAL_RISK_WEIGHT": 0.6171599250992568,
  "SPLIT_MIN_UTILITY": 6.562986427299896,
  "SPLIT_LARGER_OWNER_RATIO": 1.0082499502925457,
  "SPLIT_PLAN_WAIT_TICKS": 6,
  "CHASE_ACQUIRE_RANGE_MULT": 6.970624625628422,
  "CHASE_DIRECT_RANGE_MULT": 4.0452998690277955,
  "CHASE_MAX_INTERCEPT_TICKS": 16.01228456436153,
  "CHASE_LOCK_TICKS": 105,
  "CHASE_WALL_HORIZON": 14.189246105142022,
  "CHASE_BLOCK_OFFSET_MULT": 0.3118046089664457,
  "CHASE_DISTANCE_WEIGHT": 0.1926681549378205,
  "CHASE_ETA_WEIGHT": 3.815260208757463,
  "CHASE_LOCK_BONUS": 18.49164967771388,
  "CHASE_VELOCITY_NEW_WEIGHT": 0.40396235022230864,
  "VIRUS_ENEMY_RANGE_MULT": 7.526981902191646,
  "VIRUS_MANUAL_SPLIT_TIME_BONUS": 0.6582678171951594,
  "VIRUS_MANUAL_SPLIT_RISK_COST": 3.0724555323771927,
  "VIRUS_MAX_FARM_MASS": 239.6105328965179,
  "FOOD_CLUSTER_RADIUS": 4.729455554507823,
  "FOOD_CLUSTER_WEIGHT": 0.9525466637724013,
  "FOOD_DISTANCE_POWER": 1.5000802776877522,
  "FOOD_LOCK_TICKS": 4,
  "ROAM_CENTER_WEIGHT": 0.7483907780122635,
  "ROAM_MOMENTUM_WEIGHT": 1.2202602415347685
}