{
  "OVERRIDE_ORDER": [
    "escape",
    "split",
    "unstuck",
    "chase",
    "virus",
    "food"
  ],
  "NUM_DIRECTIONS": 16,
  "MAX_ENEMIES": 24,
  "SAFETY_OWN_PIECES": 3,
  "STEP_RADIUS_MULT": 1.699728228374778,
  "SPLIT_REACH_RELIABILITY": 0.8120250016703746,
  "ESCAPE_DIRECT_RANGE_MULT": 6.582122464803944,
  "ESCAPE_SPLIT_REACH_BUFFER": 1.0877791237950651,
  "ESCAPE_MOVE_WEIGHT": 237.7432757152286,
  "ESCAPE_WALL_WEIGHT": 430.5539746309502,
  "ESCAPE_VIRUS_SHIELD_WEIGHT": 547.3805823290797,
  "ESCAPE_HARD_MARGIN": 0.11758408985686146,
  "SPLIT_CAPTURE_WEIGHT": 3.5553529079189974,
  "SPLIT_DEPTH_COST": 4.667292731477304,
  "SPLIT_FRAGMENT_COST": 0.24664238024162297,
  "SPLIT_EXTERNAL_RISK_WEIGHT": 3.161769427923722,
  "SPLIT_MIN_UTILITY": 3.6551924743554682,
  "SPLIT_LARGER_OWNER_RATIO": 1.1846638554594904,
  "SPLIT_PLAN_WAIT_TICKS": 6,
  "CHASE_ACQUIRE_RANGE_MULT": 7.736418157021286,
  "CHASE_DIRECT_RANGE_MULT": 1.7494261924303651,
  "CHASE_MAX_INTERCEPT_TICKS": 7.671127860583307,
  "CHASE_LOCK_TICKS": 145,
  "CHASE_WALL_HORIZON": 22.747440983003298,
  "CHASE_BLOCK_OFFSET_MULT": 0.811722708918888,
  "CHASE_DISTANCE_WEIGHT": 0.07899259936396563,
  "CHASE_ETA_WEIGHT": 0.3041792888657066,
  "CHASE_LOCK_BONUS": 37.535826424253564,
  "CHASE_VELOCITY_NEW_WEIGHT": 0.3149562515738283,
  "VIRUS_ENEMY_RANGE_MULT": 4.490466293482863,
  "VIRUS_MANUAL_SPLIT_TIME_BONUS": 0.5051044231763328,
  "VIRUS_MANUAL_SPLIT_RISK_COST": 0.6394796645121179,
  "VIRUS_MAX_FARM_MASS": 169.2188874201455,
  "FOOD_CLUSTER_RADIUS": 6.189838103094005,
  "FOOD_CLUSTER_WEIGHT": 0.5891152537382397,
  "FOOD_DISTANCE_POWER": 1.928031039675739,
  "FOOD_LOCK_TICKS": 24,
  "ROAM_CENTER_WEIGHT": 0.5182757132941608,
  "ROAM_MOMENTUM_WEIGHT": 0.4072266676742188
}