{
  "OVERRIDE_ORDER": [
    "escape",
    "unstuck",
    "split",
    "chase",
    "virus",
    "food"
  ],
  "NUM_DIRECTIONS": 16,
  "MAX_ENEMIES": 24,
  "SAFETY_OWN_PIECES": 2,
  "STEP_RADIUS_MULT": 1.545121578830467,
  "SPLIT_REACH_RELIABILITY": 0.7735620326176043,
  "ESCAPE_DIRECT_RANGE_MULT": 6.859962811631205,
  "ESCAPE_SPLIT_REACH_BUFFER": 1.1148537507886878,
  "ESCAPE_MOVE_WEIGHT": 84.54534285828515,
  "ESCAPE_WALL_WEIGHT": 177.85265104376845,
  "ESCAPE_VIRUS_SHIELD_WEIGHT": 1073.2487798542472,
  "ESCAPE_HARD_MARGIN": 0.22629753300553435,
  "SPLIT_CAPTURE_WEIGHT": 9.758301187926058,
  "SPLIT_DEPTH_COST": 4.63500486830359,
  "SPLIT_FRAGMENT_COST": 0.33793276271776207,
  "SPLIT_EXTERNAL_RISK_WEIGHT": 0.42749964783965305,
  "SPLIT_MIN_UTILITY": 9.53361669202939,
  "SPLIT_LARGER_OWNER_RATIO": 0.9514577250435324,
  "SPLIT_PLAN_WAIT_TICKS": 5,
  "CHASE_ACQUIRE_RANGE_MULT": 4.734479243039972,
  "CHASE_DIRECT_RANGE_MULT": 3.1385261140847702,
  "CHASE_MAX_INTERCEPT_TICKS": 13.78183362630678,
  "CHASE_LOCK_TICKS": 44,
  "CHASE_WALL_HORIZON": 20.82049569148762,
  "CHASE_BLOCK_OFFSET_MULT": 1.483756506610527,
  "CHASE_DISTANCE_WEIGHT": 0.12020582391825661,
  "CHASE_ETA_WEIGHT": 1.3476674462805882,
  "CHASE_LOCK_BONUS": 26.57324360175271,
  "CHASE_VELOCITY_NEW_WEIGHT": 0.5303720402274018,
  "VIRUS_ENEMY_RANGE_MULT": 7.768792635611459,
  "VIRUS_MANUAL_SPLIT_TIME_BONUS": 1.3701117020344413,
  "VIRUS_MANUAL_SPLIT_RISK_COST": 2.4879814247842864,
  "VIRUS_MAX_FARM_MASS": 157.65418450752577,
  "FOOD_CLUSTER_RADIUS": 6.10357931462787,
  "FOOD_CLUSTER_WEIGHT": 0.7177714180965582,
  "FOOD_DISTANCE_POWER": 1.7365847399402297,
  "FOOD_LOCK_TICKS": 13,
  "ROAM_CENTER_WEIGHT": 0.2576389593776318,
  "ROAM_MOMENTUM_WEIGHT": 1.2915819611194994
}