{
  "OVERRIDE_ORDER": [
    "escape",
    "unstuck",
    "split",
    "chase",
    "virus",
    "food"
  ],
  "NUM_DIRECTIONS": 16,
  "MAX_ENEMIES": 18,
  "SAFETY_OWN_PIECES": 2,
  "STEP_RADIUS_MULT": 1.3360370342017904,
  "SPLIT_REACH_RELIABILITY": 0.7163830865564531,
  "ESCAPE_DIRECT_RANGE_MULT": 6.609323967741649,
  "ESCAPE_SPLIT_REACH_BUFFER": 1.0981115733409736,
  "ESCAPE_MOVE_WEIGHT": 102.61590402671447,
  "ESCAPE_WALL_WEIGHT": 285.33148260703155,
  "ESCAPE_VIRUS_SHIELD_WEIGHT": 688.5984006854751,
  "ESCAPE_HARD_MARGIN": 0.15265925801611066,
  "SPLIT_CAPTURE_WEIGHT": 10.436471764375296,
  "SPLIT_DEPTH_COST": 2.695803571921397,
  "SPLIT_FRAGMENT_COST": 0.21213342904007693,
  "SPLIT_EXTERNAL_RISK_WEIGHT": 0.3892623648789783,
  "SPLIT_MIN_UTILITY": 5.5015652235077654,
  "SPLIT_LARGER_OWNER_RATIO": 0.9531835784320507,
  "SPLIT_PLAN_WAIT_TICKS": 5,
  "CHASE_ACQUIRE_RANGE_MULT": 5.262436000160437,
  "CHASE_DIRECT_RANGE_MULT": 2.6942980757303703,
  "CHASE_MAX_INTERCEPT_TICKS": 13.232062504880158,
  "CHASE_LOCK_TICKS": 39,
  "CHASE_WALL_HORIZON": 19.654200921565263,
  "CHASE_BLOCK_OFFSET_MULT": 0.9302560779833978,
  "CHASE_DISTANCE_WEIGHT": 0.27439449104599295,
  "CHASE_ETA_WEIGHT": 4.000787122034465,
  "CHASE_LOCK_BONUS": 30.666131403556808,
  "CHASE_VELOCITY_NEW_WEIGHT": 0.485525933903468,
  "VIRUS_ENEMY_RANGE_MULT": 7.371953838188575,
  "VIRUS_MANUAL_SPLIT_TIME_BONUS": 1.3508309305137043,
  "VIRUS_MANUAL_SPLIT_RISK_COST": 3.593451764029825,
  "VIRUS_MAX_FARM_MASS": 204.57509808527445,
  "FOOD_CLUSTER_RADIUS": 5.030376197286165,
  "FOOD_CLUSTER_WEIGHT": 0.7912118565233134,
  "FOOD_DISTANCE_POWER": 1.7135424873016951,
  "FOOD_LOCK_TICKS": 8,
  "ROAM_CENTER_WEIGHT": 1.0371602757309613,
  "ROAM_MOMENTUM_WEIGHT": 0.4802371802877443
}