{
  "OVERRIDE_ORDER": [
    "escape",
    "unstuck",
    "split",
    "chase",
    "virus",
    "food"
  ],
  "NUM_DIRECTIONS": 16,
  "MAX_ENEMIES": 18,
  "SAFETY_OWN_PIECES": 2,
  "STEP_RADIUS_MULT": 1.4736896161347286,
  "SPLIT_REACH_RELIABILITY": 0.7485367208618431,
  "ESCAPE_DIRECT_RANGE_MULT": 6.765958318633395,
  "ESCAPE_SPLIT_REACH_BUFFER": 1.079806847889623,
  "ESCAPE_MOVE_WEIGHT": 140.46632429230453,
  "ESCAPE_WALL_WEIGHT": 105.96582292951366,
  "ESCAPE_VIRUS_SHIELD_WEIGHT": 1057.8519518072872,
  "ESCAPE_HARD_MARGIN": 0.033138756678429346,
  "SPLIT_CAPTURE_WEIGHT": 9.636281712630158,
  "SPLIT_DEPTH_COST": 3.420122184416004,
  "SPLIT_FRAGMENT_COST": 0.5842047779772165,
  "SPLIT_EXTERNAL_RISK_WEIGHT": 2.400263958091016,
  "SPLIT_MIN_UTILITY": 9.970845697077795,
  "SPLIT_LARGER_OWNER_RATIO": 1.1155245832183034,
  "SPLIT_PLAN_WAIT_TICKS": 7,
  "CHASE_ACQUIRE_RANGE_MULT": 10.480829778019213,
  "CHASE_DIRECT_RANGE_MULT": 4.283954187026385,
  "CHASE_MAX_INTERCEPT_TICKS": 9.593343921407595,
  "CHASE_LOCK_TICKS": 125,
  "CHASE_WALL_HORIZON": 19.15883942631351,
  "CHASE_BLOCK_OFFSET_MULT": 1.3013711140257418,
  "CHASE_DISTANCE_WEIGHT": 0.9378429205117363,
  "CHASE_ETA_WEIGHT": 1.043182367222908,
  "CHASE_LOCK_BONUS": 33.73979681062996,
  "CHASE_VELOCITY_NEW_WEIGHT": 0.6126261009806162,
  "VIRUS_ENEMY_RANGE_MULT": 8.197216546197469,
  "VIRUS_MANUAL_SPLIT_TIME_BONUS": 1.064868006297235,
  "VIRUS_MANUAL_SPLIT_RISK_COST": 1.6989885641055624,
  "VIRUS_MAX_FARM_MASS": 96.14359184988331,
  "FOOD_CLUSTER_RADIUS": 2.9971480057608275,
  "FOOD_CLUSTER_WEIGHT": 2.763062538890315,
  "FOOD_DISTANCE_POWER": 2.0128646351610167,
  "FOOD_LOCK_TICKS": 3,
  "ROAM_CENTER_WEIGHT": 0.8770851462275112,
  "ROAM_MOMENTUM_WEIGHT": 0.6033280642041106
}