{
  "OVERRIDE_ORDER": [
    "escape",
    "unstuck",
    "split",
    "chase",
    "virus",
    "food"
  ],
  "NUM_DIRECTIONS": 16,
  "MAX_ENEMIES": 24,
  "SAFETY_OWN_PIECES": 2,
  "STEP_RADIUS_MULT": 1.3889160315124442,
  "SPLIT_REACH_RELIABILITY": 0.7614066240267051,
  "ESCAPE_DIRECT_RANGE_MULT": 4.186821919287863,
  "ESCAPE_SPLIT_REACH_BUFFER": 1.1062310628994165,
  "ESCAPE_MOVE_WEIGHT": 143.3616701507146,
  "ESCAPE_WALL_WEIGHT": 152.7784942859373,
  "ESCAPE_VIRUS_SHIELD_WEIGHT": 869.2544752774008,
  "ESCAPE_HARD_MARGIN": 0.04507579814491991,
  "SPLIT_CAPTURE_WEIGHT": 12.699788245228161,
  "SPLIT_DEPTH_COST": 4.242331311498707,
  "SPLIT_FRAGMENT_COST": 0.1486236373704744,
  "SPLIT_EXTERNAL_RISK_WEIGHT": 1.1062277834452008,
  "SPLIT_MIN_UTILITY": 8.780542584037665,
  "SPLIT_LARGER_OWNER_RATIO": 0.9506760005711302,
  "SPLIT_PLAN_WAIT_TICKS": 4,
  "CHASE_ACQUIRE_RANGE_MULT": 11.45670332513707,
  "CHASE_DIRECT_RANGE_MULT": 4.317581770145769,
  "CHASE_MAX_INTERCEPT_TICKS": 6.734554081176064,
  "CHASE_LOCK_TICKS": 180,
  "CHASE_WALL_HORIZON": 19.59351646083819,
  "CHASE_BLOCK_OFFSET_MULT": 1.2931084431572613,
  "CHASE_DISTANCE_WEIGHT": 0.356785159398922,
  "CHASE_ETA_WEIGHT": 1.4822329109275,
  "CHASE_LOCK_BONUS": 26.520643101151155,
  "CHASE_VELOCITY_NEW_WEIGHT": 0.39409836627700456,
  "VIRUS_ENEMY_RANGE_MULT": 2.7490805701660026,
  "VIRUS_MANUAL_SPLIT_TIME_BONUS": 0.5069676294214178,
  "VIRUS_MANUAL_SPLIT_RISK_COST": 4.685389272830387,
  "VIRUS_MAX_FARM_MASS": 117.72032023121758,
  "FOOD_CLUSTER_RADIUS": 3.682781633016681,
  "FOOD_CLUSTER_WEIGHT": 2.915308868720823,
  "FOOD_DISTANCE_POWER": 1.5433918276880878,
  "FOOD_LOCK_TICKS": 20,
  "ROAM_CENTER_WEIGHT": 1.139909906626325,
  "ROAM_MOMENTUM_WEIGHT": 0.21028227833340302
}