{
  "OVERRIDE_ORDER": [
    "escape",
    "unstuck",
    "split",
    "chase",
    "virus",
    "food"
  ],
  "NUM_DIRECTIONS": 12,
  "MAX_ENEMIES": 24,
  "SAFETY_OWN_PIECES": 2,
  "STEP_RADIUS_MULT": 1.2876593395382165,
  "SPLIT_REACH_RELIABILITY": 0.721084999840088,
  "ESCAPE_DIRECT_RANGE_MULT": 6.351793027042859,
  "ESCAPE_SPLIT_REACH_BUFFER": 1.0165801072583138,
  "ESCAPE_MOVE_WEIGHT": 157.8122613414589,
  "ESCAPE_WALL_WEIGHT": 167.31855496164096,
  "ESCAPE_VIRUS_SHIELD_WEIGHT": 1378.0882630836484,
  "ESCAPE_HARD_MARGIN": 0.19527219113037964,
  "SPLIT_CAPTURE_WEIGHT": 3.3956440308979943,
  "SPLIT_DEPTH_COST": 4.218444006365539,
  "SPLIT_FRAGMENT_COST": 0.17625201919559946,
  "SPLIT_EXTERNAL_RISK_WEIGHT": 0.57578504017006,
  "SPLIT_MIN_UTILITY": 3.6227501345714623,
  "SPLIT_LARGER_OWNER_RATIO": 1.0100546193815987,
  "SPLIT_PLAN_WAIT_TICKS": 3,
  "CHASE_ACQUIRE_RANGE_MULT": 8.271665084744743,
  "CHASE_DIRECT_RANGE_MULT": 3.8673051748399887,
  "CHASE_MAX_INTERCEPT_TICKS": 15.82795500516987,
  "CHASE_LOCK_TICKS": 55,
  "CHASE_WALL_HORIZON": 21.570750139526602,
  "CHASE_BLOCK_OFFSET_MULT": 1.2547721634164077,
  "CHASE_DISTANCE_WEIGHT": 0.711978055170702,
  "CHASE_ETA_WEIGHT": 1.4973833694919807,
  "CHASE_LOCK_BONUS": 22.21663345074788,
  "CHASE_VELOCITY_NEW_WEIGHT": 0.32853562050282037,
  "VIRUS_ENEMY_RANGE_MULT": 5.878335640925217,
  "VIRUS_MANUAL_SPLIT_TIME_BONUS": 0.7116586465971949,
  "VIRUS_MANUAL_SPLIT_RISK_COST": 3.005741406826148,
  "VIRUS_MAX_FARM_MASS": 92.0021981522418,
  "FOOD_CLUSTER_RADIUS": 6.90283843544564,
  "FOOD_CLUSTER_WEIGHT": 0.5401527686356957,
  "FOOD_DISTANCE_POWER": 2.0143300181632666,
  "FOOD_LOCK_TICKS": 13,
  "ROAM_CENTER_WEIGHT": 1.5492842158393003,
  "ROAM_MOMENTUM_WEIGHT": 0.5640842095037826
}