{
  "OVERRIDE_ORDER": [
    "escape",
    "unstuck",
    "split",
    "chase",
    "virus",
    "food"
  ],
  "NUM_DIRECTIONS": 16,
  "MAX_ENEMIES": 24,
  "SAFETY_OWN_PIECES": 2,
  "STEP_RADIUS_MULT": 1.5007371387125623,
  "SPLIT_REACH_RELIABILITY": 0.8573832140461037,
  "ESCAPE_DIRECT_RANGE_MULT": 7.336589499874132,
  "ESCAPE_SPLIT_REACH_BUFFER": 1.0552790245457018,
  "ESCAPE_MOVE_WEIGHT": 120.84195490563819,
  "ESCAPE_WALL_WEIGHT": 218.55299901964324,
  "ESCAPE_VIRUS_SHIELD_WEIGHT": 743.9561181339008,
  "ESCAPE_HARD_MARGIN": 0.16801111418017955,
  "SPLIT_CAPTURE_WEIGHT": 3.9521174306281877,
  "SPLIT_DEPTH_COST": 2.0286558160514687,
  "SPLIT_FRAGMENT_COST": 0.12975121229939368,
  "SPLIT_EXTERNAL_RISK_WEIGHT": 1.1627261420449524,
  "SPLIT_MIN_UTILITY": 7.352254590052567,
  "SPLIT_LARGER_OWNER_RATIO": 1.1415133711002219,
  "SPLIT_PLAN_WAIT_TICKS": 4,
  "CHASE_ACQUIRE_RANGE_MULT": 5.518510981658915,
  "CHASE_DIRECT_RANGE_MULT": 1.6038308383413347,
  "CHASE_MAX_INTERCEPT_TICKS": 5.448146502647624,
  "CHASE_LOCK_TICKS": 180,
  "CHASE_WALL_HORIZON": 20.3858457565368,
  "CHASE_BLOCK_OFFSET_MULT": 1.009558023546302,
  "CHASE_DISTANCE_WEIGHT": 0.06523606138482421,
  "CHASE_ETA_WEIGHT": 0.35043177865137887,
  "CHASE_LOCK_BONUS": 14.055391186211157,
  "CHASE_VELOCITY_NEW_WEIGHT": 0.24862463105785101,
  "VIRUS_ENEMY_RANGE_MULT": 2.1081752634953537,
  "VIRUS_MANUAL_SPLIT_TIME_BONUS": 5.013151878892585,
  "VIRUS_MANUAL_SPLIT_RISK_COST": 0.3013300279929113,
  "VIRUS_MAX_FARM_MASS": 206.46669376168347,
  "FOOD_CLUSTER_RADIUS": 2.8118964251004046,
  "FOOD_CLUSTER_WEIGHT": 2.728807187848071,
  "FOOD_DISTANCE_POWER": 1.4092785353207775,
  "FOOD_LOCK_TICKS": 22,
  "ROAM_CENTER_WEIGHT": 0.779501595611817,
  "ROAM_MOMENTUM_WEIGHT": 0.592916883615583
}