{
  "OVERRIDE_ORDER": [
    "split",
    "escape",
    "unstuck",
    "chase",
    "virus",
    "food"
  ],
  "NUM_DIRECTIONS": 16,
  "MAX_ENEMIES": 24,
  "SAFETY_OWN_PIECES": 2,
  "STEP_RADIUS_MULT": 1.3983090632644655,
  "SPLIT_REACH_RELIABILITY": 0.6605442490326675,
  "ESCAPE_DIRECT_RANGE_MULT": 5.1657046928360915,
  "ESCAPE_SPLIT_REACH_BUFFER": 1.13333934629103,
  "ESCAPE_MOVE_WEIGHT": 96.26074089744908,
  "ESCAPE_WALL_WEIGHT": 208.0464835540337,
  "ESCAPE_VIRUS_SHIELD_WEIGHT": 1094.633548374565,
  "ESCAPE_HARD_MARGIN": 0.04777744327556952,
  "SPLIT_CAPTURE_WEIGHT": 13.969034648425145,
  "SPLIT_DEPTH_COST": 3.562798703224651,
  "SPLIT_FRAGMENT_COST": 0.5717672582360049,
  "SPLIT_EXTERNAL_RISK_WEIGHT": 1.550148982277853,
  "SPLIT_MIN_UTILITY": 8.185340702001609,
  "SPLIT_LARGER_OWNER_RATIO": 1.0190656106493954,
  "SPLIT_PLAN_WAIT_TICKS": 8,
  "CHASE_ACQUIRE_RANGE_MULT": 10.271479885873424,
  "CHASE_DIRECT_RANGE_MULT": 4.257184628406244,
  "CHASE_MAX_INTERCEPT_TICKS": 12.164656717988644,
  "CHASE_LOCK_TICKS": 101,
  "CHASE_WALL_HORIZON": 16.958594022946848,
  "CHASE_BLOCK_OFFSET_MULT": 1.0317081197528772,
  "CHASE_DISTANCE_WEIGHT": 0.5613198510777608,
  "CHASE_ETA_WEIGHT": 1.1315724348826706,
  "CHASE_LOCK_BONUS": 25.084054735055542,
  "CHASE_VELOCITY_NEW_WEIGHT": 0.6318541016197934,
  "VIRUS_ENEMY_RANGE_MULT": 4.7152052201182135,
  "VIRUS_MANUAL_SPLIT_TIME_BONUS": 0.5158172386398195,
  "VIRUS_MANUAL_SPLIT_RISK_COST": 1.6259849511701814,
  "VIRUS_MAX_FARM_MASS": 107.50915689307105,
  "FOOD_CLUSTER_RADIUS": 2.5472314534293337,
  "FOOD_CLUSTER_WEIGHT": 0.7664495360422791,
  "FOOD_DISTANCE_POWER": 1.6400509553597957,
  "FOOD_LOCK_TICKS": 17,
  "ROAM_CENTER_WEIGHT": 0.8896927375807377,
  "ROAM_MOMENTUM_WEIGHT": 0.06229457317756659
}