{
  "OVERRIDE_ORDER": [
    "escape",
    "split",
    "unstuck",
    "chase",
    "virus",
    "food"
  ],
  "NUM_DIRECTIONS": 16,
  "MAX_ENEMIES": 24,
  "SAFETY_OWN_PIECES": 3,
  "STEP_RADIUS_MULT": 1.2899636093443072,
  "SPLIT_REACH_RELIABILITY": 0.7656063277310413,
  "ESCAPE_DIRECT_RANGE_MULT": 3.9474652384559175,
  "ESCAPE_SPLIT_REACH_BUFFER": 1.1162129021759584,
  "ESCAPE_MOVE_WEIGHT": 161.75205703947663,
  "ESCAPE_WALL_WEIGHT": 147.07955040662966,
  "ESCAPE_VIRUS_SHIELD_WEIGHT": 1160.6221105069544,
  "ESCAPE_HARD_MARGIN": 0.23344721261728402,
  "SPLIT_CAPTURE_WEIGHT": 4.843643465715404,
  "SPLIT_DEPTH_COST": 4.141437896810133,
  "SPLIT_FRAGMENT_COST": 0.5494981830211826,
  "SPLIT_EXTERNAL_RISK_WEIGHT": 0.4796640302490583,
  "SPLIT_MIN_UTILITY": 8.901655039813974,
  "SPLIT_LARGER_OWNER_RATIO": 1.10205823031524,
  "SPLIT_PLAN_WAIT_TICKS": 5,
  "CHASE_ACQUIRE_RANGE_MULT": 5.612325308335744,
  "CHASE_DIRECT_RANGE_MULT": 2.475543097143837,
  "CHASE_MAX_INTERCEPT_TICKS": 17.609183178476066,
  "CHASE_LOCK_TICKS": 72,
  "CHASE_WALL_HORIZON": 30.608975843139653,
  "CHASE_BLOCK_OFFSET_MULT": 1.35509736911279,
  "CHASE_DISTANCE_WEIGHT": 0.12467023853873135,
  "CHASE_ETA_WEIGHT": 1.346659025820158,
  "CHASE_LOCK_BONUS": 20.18675200994332,
  "CHASE_VELOCITY_NEW_WEIGHT": 0.20395366865465803,
  "VIRUS_ENEMY_RANGE_MULT": 4.982620459017031,
  "VIRUS_MANUAL_SPLIT_TIME_BONUS": 2.852913661254422,
  "VIRUS_MANUAL_SPLIT_RISK_COST": 1.4310980458775218,
  "VIRUS_MAX_FARM_MASS": 252.5387720164892,
  "FOOD_CLUSTER_RADIUS": 6.060757494636828,
  "FOOD_CLUSTER_WEIGHT": 0.9544806211665098,
  "FOOD_DISTANCE_POWER": 2.061573284979627,
  "FOOD_LOCK_TICKS": 13,
  "ROAM_CENTER_WEIGHT": 0.19958004779532187,
  "ROAM_MOMENTUM_WEIGHT": 1.043974799432061
}