{
  "OVERRIDE_ORDER": [
    "escape",
    "unstuck",
    "split",
    "chase",
    "virus",
    "food"
  ],
  "NUM_DIRECTIONS": 12,
  "MAX_ENEMIES": 21,
  "SAFETY_OWN_PIECES": 2,
  "STEP_RADIUS_MULT": 1.4370132838115752,
  "SPLIT_REACH_RELIABILITY": 0.8793321225974797,
  "ESCAPE_DIRECT_RANGE_MULT": 7.976456875702769,
  "ESCAPE_SPLIT_REACH_BUFFER": 1.1595234402285066,
  "ESCAPE_MOVE_WEIGHT": 99.17919570383074,
  "ESCAPE_WALL_WEIGHT": 152.51963274438432,
  "ESCAPE_VIRUS_SHIELD_WEIGHT": 409.5607579801403,
  "ESCAPE_HARD_MARGIN": 0.0671306909184432,
  "SPLIT_CAPTURE_WEIGHT": 5.980787165451196,
  "SPLIT_DEPTH_COST": 3.380673216370131,
  "SPLIT_FRAGMENT_COST": 0.5073992625475557,
  "SPLIT_EXTERNAL_RISK_WEIGHT": 0.790317629211119,
  "SPLIT_MIN_UTILITY": 8.227671376187526,
  "SPLIT_LARGER_OWNER_RATIO": 1.019547092541943,
  "SPLIT_PLAN_WAIT_TICKS": 4,
  "CHASE_ACQUIRE_RANGE_MULT": 11.826693804339621,
  "CHASE_DIRECT_RANGE_MULT": 4.6504396119841065,
  "CHASE_MAX_INTERCEPT_TICKS": 10.277661384025048,
  "CHASE_LOCK_TICKS": 114,
  "CHASE_WALL_HORIZON": 15.011791576995913,
  "CHASE_BLOCK_OFFSET_MULT": 1.1262339832845132,
  "CHASE_DISTANCE_WEIGHT": 0.738216116834312,
  "CHASE_ETA_WEIGHT": 2.814061827250958,
  "CHASE_LOCK_BONUS": 28.255221090617336,
  "CHASE_VELOCITY_NEW_WEIGHT": 0.6613998075367888,
  "VIRUS_ENEMY_RANGE_MULT": 7.9559744247708695,
  "VIRUS_MANUAL_SPLIT_TIME_BONUS": 1.4530268549557284,
  "VIRUS_MANUAL_SPLIT_RISK_COST": 6.7470743511128495,
  "VIRUS_MAX_FARM_MASS": 75.52539385025504,
  "FOOD_CLUSTER_RADIUS": 3.0899409072363997,
  "FOOD_CLUSTER_WEIGHT": 1.4473965893491776,
  "FOOD_DISTANCE_POWER": 1.9694341212711035,
  "FOOD_LOCK_TICKS": 16,
  "ROAM_CENTER_WEIGHT": 2.661227738646727,
  "ROAM_MOMENTUM_WEIGHT": 0.27585818890166275
}