{
  "OVERRIDE_ORDER": [
    "escape",
    "unstuck",
    "split",
    "virus",
    "chase",
    "food"
  ],
  "NUM_DIRECTIONS": 16,
  "MAX_ENEMIES": 21,
  "SAFETY_OWN_PIECES": 2,
  "STEP_RADIUS_MULT": 1.6354836113029525,
  "SPLIT_REACH_RELIABILITY": 0.7892615671554839,
  "ESCAPE_DIRECT_RANGE_MULT": 5.564805352703737,
  "ESCAPE_SPLIT_REACH_BUFFER": 1.1441838242785796,
  "ESCAPE_MOVE_WEIGHT": 127.25434243669369,
  "ESCAPE_WALL_WEIGHT": 128.98421042109146,
  "ESCAPE_VIRUS_SHIELD_WEIGHT": 882.6414571420211,
  "ESCAPE_HARD_MARGIN": 0.2176330904206267,
  "SPLIT_CAPTURE_WEIGHT": 14.965573030352449,
  "SPLIT_DEPTH_COST": 3.2996625405779536,
  "SPLIT_FRAGMENT_COST": 0.6300994631737018,
  "SPLIT_EXTERNAL_RISK_WEIGHT": 0.5916152977873991,
  "SPLIT_MIN_UTILITY": 9.388313816819474,
  "SPLIT_LARGER_OWNER_RATIO": 1.0112091174869136,
  "SPLIT_PLAN_WAIT_TICKS": 5,
  "CHASE_ACQUIRE_RANGE_MULT": 7.088362743914393,
  "CHASE_DIRECT_RANGE_MULT": 4.974850287168386,
  "CHASE_MAX_INTERCEPT_TICKS": 10.00328318759701,
  "CHASE_LOCK_TICKS": 194,
  "CHASE_WALL_HORIZON": 23.33808214150153,
  "CHASE_BLOCK_OFFSET_MULT": 1.3937573243403643,
  "CHASE_DISTANCE_WEIGHT": 0.8601864265438788,
  "CHASE_ETA_WEIGHT": 3.972339417370187,
  "CHASE_LOCK_BONUS": 32.11826529032567,
  "CHASE_VELOCITY_NEW_WEIGHT": 0.6206200192748504,
  "VIRUS_ENEMY_RANGE_MULT": 6.473035969259394,
  "VIRUS_MANUAL_SPLIT_TIME_BONUS": 1.3651087614886386,
  "VIRUS_MANUAL_SPLIT_RISK_COST": 0.919759210740112,
  "VIRUS_MAX_FARM_MASS": 61.162731319592936,
  "FOOD_CLUSTER_RADIUS": 3.951592393829668,
  "FOOD_CLUSTER_WEIGHT": 1.7404445099800139,
  "FOOD_DISTANCE_POWER": 1.9894681194128587,
  "FOOD_LOCK_TICKS": 16,
  "ROAM_CENTER_WEIGHT": 1.4963746884049398,
  "ROAM_MOMENTUM_WEIGHT": 0.07294150824734533
}