{
  "OVERRIDE_ORDER": [
    "escape",
    "unstuck",
    "split",
    "virus",
    "chase",
    "food"
  ],
  "NUM_DIRECTIONS": 16,
  "MAX_ENEMIES": 24,
  "SAFETY_OWN_PIECES": 2,
  "STEP_RADIUS_MULT": 1.4376280655295253,
  "SPLIT_REACH_RELIABILITY": 0.8700821715517082,
  "ESCAPE_DIRECT_RANGE_MULT": 7.181782040573532,
  "ESCAPE_SPLIT_REACH_BUFFER": 1.0173373760161448,
  "ESCAPE_MOVE_WEIGHT": 147.84918001226362,
  "ESCAPE_WALL_WEIGHT": 269.9927367847482,
  "ESCAPE_VIRUS_SHIELD_WEIGHT": 213.3837488800627,
  "ESCAPE_HARD_MARGIN": 0.24235655176860868,
  "SPLIT_CAPTURE_WEIGHT": 4.778952363055229,
  "SPLIT_DEPTH_COST": 5.672514846911752,
  "SPLIT_FRAGMENT_COST": 0.16773864191526522,
  "SPLIT_EXTERNAL_RISK_WEIGHT": 1.9187816527505377,
  "SPLIT_MIN_UTILITY": 3.3701923271948715,
  "SPLIT_LARGER_OWNER_RATIO": 1.29130251572396,
  "SPLIT_PLAN_WAIT_TICKS": 1,
  "CHASE_ACQUIRE_RANGE_MULT": 10.759497145228517,
  "CHASE_DIRECT_RANGE_MULT": 2.5483911569577113,
  "CHASE_MAX_INTERCEPT_TICKS": 7.02476445341954,
  "CHASE_LOCK_TICKS": 138,
  "CHASE_WALL_HORIZON": 21.453522362496734,
  "CHASE_BLOCK_OFFSET_MULT": 1.2442342438676157,
  "CHASE_DISTANCE_WEIGHT": 0.07632572545208947,
  "CHASE_ETA_WEIGHT": 0.607749803743918,
  "CHASE_LOCK_BONUS": 17.400286098425656,
  "CHASE_VELOCITY_NEW_WEIGHT": 0.46432498937448574,
  "VIRUS_ENEMY_RANGE_MULT": 5.50856416089378,
  "VIRUS_MANUAL_SPLIT_TIME_BONUS": 3.047297775538811,
  "VIRUS_MANUAL_SPLIT_RISK_COST": 0.4259198416747494,
  "VIRUS_MAX_FARM_MASS": 270.75811509984726,
  "FOOD_CLUSTER_RADIUS": 5.901429619882363,
  "FOOD_CLUSTER_WEIGHT": 0.9734004739174623,
  "FOOD_DISTANCE_POWER": 1.4646435915817797,
  "FOOD_LOCK_TICKS": 19,
  "ROAM_CENTER_WEIGHT": 2.4428861392251435,
  "ROAM_MOMENTUM_WEIGHT": 0.8259132254177212
}