{
  "OVERRIDE_ORDER": [
    "escape",
    "unstuck",
    "split",
    "chase",
    "virus",
    "food"
  ],
  "NUM_DIRECTIONS": 16,
  "MAX_ENEMIES": 24,
  "SAFETY_OWN_PIECES": 2,
  "STEP_RADIUS_MULT": 1.4397744844788651,
  "SPLIT_REACH_RELIABILITY": 0.6834449523763781,
  "ESCAPE_DIRECT_RANGE_MULT": 4.435691379497709,
  "ESCAPE_SPLIT_REACH_BUFFER": 1.0970641475560694,
  "ESCAPE_MOVE_WEIGHT": 87.94437528068798,
  "ESCAPE_WALL_WEIGHT": 210.71982018407576,
  "ESCAPE_VIRUS_SHIELD_WEIGHT": 722.1258178117888,
  "ESCAPE_HARD_MARGIN": 0.0029483548076039857,
  "SPLIT_CAPTURE_WEIGHT": 13.632933368567832,
  "SPLIT_DEPTH_COST": 4.329494189219607,
  "SPLIT_FRAGMENT_COST": 0.46592501496187216,
  "SPLIT_EXTERNAL_RISK_WEIGHT": 1.5112298537927533,
  "SPLIT_MIN_UTILITY": 6.382835911227459,
  "SPLIT_LARGER_OWNER_RATIO": 1.020593790545878,
  "SPLIT_PLAN_WAIT_TICKS": 7,
  "CHASE_ACQUIRE_RANGE_MULT": 8.809298866210717,
  "CHASE_DIRECT_RANGE_MULT": 4.994294388665421,
  "CHASE_MAX_INTERCEPT_TICKS": 8.036057232064461,
  "CHASE_LOCK_TICKS": 194,
  "CHASE_WALL_HORIZON": 16.500877925893803,
  "CHASE_BLOCK_OFFSET_MULT": 1.3653699719519807,
  "CHASE_DISTANCE_WEIGHT": 0.20436239003351858,
  "CHASE_ETA_WEIGHT": 0.8406483929277416,
  "CHASE_LOCK_BONUS": 30.261490011079264,
  "CHASE_VELOCITY_NEW_WEIGHT": 0.4734828680970905,
  "VIRUS_ENEMY_RANGE_MULT": 6.230194507735854,
  "VIRUS_MANUAL_SPLIT_TIME_BONUS": 0.8553622202365238,
  "VIRUS_MANUAL_SPLIT_RISK_COST": 3.79271344390888,
  "VIRUS_MAX_FARM_MASS": 151.56456854179459,
  "FOOD_CLUSTER_RADIUS": 3.198425009360081,
  "FOOD_CLUSTER_WEIGHT": 1.141046034762405,
  "FOOD_DISTANCE_POWER": 1.7111044518852232,
  "FOOD_LOCK_TICKS": 17,
  "ROAM_CENTER_WEIGHT": 1.17236019545238,
  "ROAM_MOMENTUM_WEIGHT": 0.12194504830450299
}