{
  "OVERRIDE_ORDER": [
    "escape",
    "unstuck",
    "split",
    "chase",
    "virus",
    "food"
  ],
  "NUM_DIRECTIONS": 16,
  "MAX_ENEMIES": 18,
  "SAFETY_OWN_PIECES": 2,
  "STEP_RADIUS_MULT": 1.495160868776227,
  "SPLIT_REACH_RELIABILITY": 0.7993420018939529,
  "ESCAPE_DIRECT_RANGE_MULT": 7.516842899659731,
  "ESCAPE_SPLIT_REACH_BUFFER": 1.0733192734964843,
  "ESCAPE_MOVE_WEIGHT": 84.3245311846956,
  "ESCAPE_WALL_WEIGHT": 128.78768538887266,
  "ESCAPE_VIRUS_SHIELD_WEIGHT": 1170.9963684829477,
  "ESCAPE_HARD_MARGIN": 0.14674407315656487,
  "SPLIT_CAPTURE_WEIGHT": 13.092863582779364,
  "SPLIT_DEPTH_COST": 2.8148829050615567,
  "SPLIT_FRAGMENT_COST": 0.5779960943917741,
  "SPLIT_EXTERNAL_RISK_WEIGHT": 1.6980277333190037,
  "SPLIT_MIN_UTILITY": 9.974254280578975,
  "SPLIT_LARGER_OWNER_RATIO": 1.0231299221624515,
  "SPLIT_PLAN_WAIT_TICKS": 3,
  "CHASE_ACQUIRE_RANGE_MULT": 5.327420830798852,
  "CHASE_DIRECT_RANGE_MULT": 4.388094591627631,
  "CHASE_MAX_INTERCEPT_TICKS": 13.409116172660141,
  "CHASE_LOCK_TICKS": 72,
  "CHASE_WALL_HORIZON": 20.857037761669545,
  "CHASE_BLOCK_OFFSET_MULT": 1.4900548214170242,
  "CHASE_DISTANCE_WEIGHT": 0.6347420093457538,
  "CHASE_ETA_WEIGHT": 0.8247181235530778,
  "CHASE_LOCK_BONUS": 41.17377418863922,
  "CHASE_VELOCITY_NEW_WEIGHT": 0.6604271663945305,
  "VIRUS_ENEMY_RANGE_MULT": 8.302042193793902,
  "VIRUS_MANUAL_SPLIT_TIME_BONUS": 1.2492420851920631,
  "VIRUS_MANUAL_SPLIT_RISK_COST": 2.956679570254243,
  "VIRUS_MAX_FARM_MASS": 136.40145319119944,
  "FOOD_CLUSTER_RADIUS": 3.28386122988044,
  "FOOD_CLUSTER_WEIGHT": 2.2149560414766607,
  "FOOD_DISTANCE_POWER": 2.126280590196374,
  "FOOD_LOCK_TICKS": 13,
  "ROAM_CENTER_WEIGHT": 1.7450646781640102,
  "ROAM_MOMENTUM_WEIGHT": 0.1406199081710994
}