{
  "OVERRIDE_ORDER": [
    "escape",
    "unstuck",
    "split",
    "chase",
    "virus",
    "food"
  ],
  "NUM_DIRECTIONS": 16,
  "MAX_ENEMIES": 18,
  "SAFETY_OWN_PIECES": 2,
  "STEP_RADIUS_MULT": 1.511951945748815,
  "SPLIT_REACH_RELIABILITY": 0.7559170788622577,
  "ESCAPE_DIRECT_RANGE_MULT": 6.268561106967955,
  "ESCAPE_SPLIT_REACH_BUFFER": 1.0402600550682453,
  "ESCAPE_MOVE_WEIGHT": 112.70655080463547,
  "ESCAPE_WALL_WEIGHT": 116.34025245585357,
  "ESCAPE_VIRUS_SHIELD_WEIGHT": 869.4043462211132,
  "ESCAPE_HARD_MARGIN": 0.1207343309142919,
  "SPLIT_CAPTURE_WEIGHT": 12.749749232050902,
  "SPLIT_DEPTH_COST": 1.7734316896303666,
  "SPLIT_FRAGMENT_COST": 0.5265600587854948,
  "SPLIT_EXTERNAL_RISK_WEIGHT": 3.021730795451726,
  "SPLIT_MIN_UTILITY": 9.470886727308887,
  "SPLIT_LARGER_OWNER_RATIO": 0.9847956481332353,
  "SPLIT_PLAN_WAIT_TICKS": 7,
  "CHASE_ACQUIRE_RANGE_MULT": 11.176980814387505,
  "CHASE_DIRECT_RANGE_MULT": 3.7311697579224,
  "CHASE_MAX_INTERCEPT_TICKS": 7.297859888794096,
  "CHASE_LOCK_TICKS": 169,
  "CHASE_WALL_HORIZON": 30.803453533931513,
  "CHASE_BLOCK_OFFSET_MULT": 1.4112547663555024,
  "CHASE_DISTANCE_WEIGHT": 0.7029203491920384,
  "CHASE_ETA_WEIGHT": 3.2875456699893144,
  "CHASE_LOCK_BONUS": 11.865255284634996,
  "CHASE_VELOCITY_NEW_WEIGHT": 0.772540873312311,
  "VIRUS_ENEMY_RANGE_MULT": 5.457058531747133,
  "VIRUS_MANUAL_SPLIT_TIME_BONUS": 1.2856251880897012,
  "VIRUS_MANUAL_SPLIT_RISK_COST": 1.2579489151531213,
  "VIRUS_MAX_FARM_MASS": 103.14567438816991,
  "FOOD_CLUSTER_RADIUS": 5.034571551389082,
  "FOOD_CLUSTER_WEIGHT": 2.0566621986470417,
  "FOOD_DISTANCE_POWER": 2.1589331017412428,
  "FOOD_LOCK_TICKS": 24,
  "ROAM_CENTER_WEIGHT": 0.5418858675842698,
  "ROAM_MOMENTUM_WEIGHT": 1.0879870090846533
}