{
  "OVERRIDE_ORDER": [
    "escape",
    "unstuck",
    "split",
    "chase",
    "virus",
    "food"
  ],
  "NUM_DIRECTIONS": 16,
  "MAX_ENEMIES": 18,
  "SAFETY_OWN_PIECES": 2,
  "STEP_RADIUS_MULT": 1.331387078874247,
  "SPLIT_REACH_RELIABILITY": 0.7615950351367037,
  "ESCAPE_DIRECT_RANGE_MULT": 7.0720037887168035,
  "ESCAPE_SPLIT_REACH_BUFFER": 1.1532455278709093,
  "ESCAPE_MOVE_WEIGHT": 92.73476313890774,
  "ESCAPE_WALL_WEIGHT": 107.96932553826008,
  "ESCAPE_VIRUS_SHIELD_WEIGHT": 736.7162691653976,
  "ESCAPE_HARD_MARGIN": 0.11001768053512326,
  "SPLIT_CAPTURE_WEIGHT": 7.32741220907267,
  "SPLIT_DEPTH_COST": 2.335829888079879,
  "SPLIT_FRAGMENT_COST": 0.1444396254385175,
  "SPLIT_EXTERNAL_RISK_WEIGHT": 1.2402803699077005,
  "SPLIT_MIN_UTILITY": 8.346931782397794,
  "SPLIT_LARGER_OWNER_RATIO": 1.0347844600524085,
  "SPLIT_PLAN_WAIT_TICKS": 8,
  "CHASE_ACQUIRE_RANGE_MULT": 8.545120333735674,
  "CHASE_DIRECT_RANGE_MULT": 4.34215085149798,
  "CHASE_MAX_INTERCEPT_TICKS": 5.647458835498742,
  "CHASE_LOCK_TICKS": 106,
  "CHASE_WALL_HORIZON": 26.650453902241455,
  "CHASE_BLOCK_OFFSET_MULT": 1.3250247591876672,
  "CHASE_DISTANCE_WEIGHT": 0.797611979893483,
  "CHASE_ETA_WEIGHT": 3.563274860935724,
  "CHASE_LOCK_BONUS": 17.691700432562417,
  "CHASE_VELOCITY_NEW_WEIGHT": 0.7691212340079832,
  "VIRUS_ENEMY_RANGE_MULT": 7.783286002044295,
  "VIRUS_MANUAL_SPLIT_TIME_BONUS": 1.5634487562671302,
  "VIRUS_MANUAL_SPLIT_RISK_COST": 1.5133734066621551,
  "VIRUS_MAX_FARM_MASS": 198.20103333562892,
  "FOOD_CLUSTER_RADIUS": 4.540045090026232,
  "FOOD_CLUSTER_WEIGHT": 2.984285290636402,
  "FOOD_DISTANCE_POWER": 2.200491723378602,
  "FOOD_LOCK_TICKS": 11,
  "ROAM_CENTER_WEIGHT": 2.0183097497855873,
  "ROAM_MOMENTUM_WEIGHT": 0.38283171852373465
}