{
  "OVERRIDE_ORDER": [
    "split",
    "escape",
    "unstuck",
    "chase",
    "virus",
    "food"
  ],
  "NUM_DIRECTIONS": 16,
  "MAX_ENEMIES": 21,
  "SAFETY_OWN_PIECES": 3,
  "STEP_RADIUS_MULT": 1.3481892304357619,
  "SPLIT_REACH_RELIABILITY": 0.674477394852149,
  "ESCAPE_DIRECT_RANGE_MULT": 5.574112794736738,
  "ESCAPE_SPLIT_REACH_BUFFER": 1.114432018574493,
  "ESCAPE_MOVE_WEIGHT": 153.74872685010678,
  "ESCAPE_WALL_WEIGHT": 127.32792604641611,
  "ESCAPE_VIRUS_SHIELD_WEIGHT": 1281.5460662253633,
  "ESCAPE_HARD_MARGIN": 0.1854508932020611,
  "SPLIT_CAPTURE_WEIGHT": 12.27678409203963,
  "SPLIT_DEPTH_COST": 4.188717568905472,
  "SPLIT_FRAGMENT_COST": 0.38242125869427024,
  "SPLIT_EXTERNAL_RISK_WEIGHT": 0.20772220101356945,
  "SPLIT_MIN_UTILITY": 8.756633599632801,
  "SPLIT_LARGER_OWNER_RATIO": 0.9736868849921406,
  "SPLIT_PLAN_WAIT_TICKS": 4,
  "CHASE_ACQUIRE_RANGE_MULT": 4.587090045539945,
  "CHASE_DIRECT_RANGE_MULT": 2.894405103579968,
  "CHASE_MAX_INTERCEPT_TICKS": 16.98384941956424,
  "CHASE_LOCK_TICKS": 112,
  "CHASE_WALL_HORIZON": 35.164060056454915,
  "CHASE_BLOCK_OFFSET_MULT": 1.36555190079237,
  "CHASE_DISTANCE_WEIGHT": 0.14927084197057675,
  "CHASE_ETA_WEIGHT": 0.7041574168371117,
  "CHASE_LOCK_BONUS": 20.906915541428997,
  "CHASE_VELOCITY_NEW_WEIGHT": 0.20780447278967895,
  "VIRUS_ENEMY_RANGE_MULT": 6.348777804698589,
  "VIRUS_MANUAL_SPLIT_TIME_BONUS": 0.7870489194219128,
  "VIRUS_MANUAL_SPLIT_RISK_COST": 2.5381036810157447,
  "VIRUS_MAX_FARM_MASS": 158.42781951048948,
  "FOOD_CLUSTER_RADIUS": 5.85407708602529,
  "FOOD_CLUSTER_WEIGHT": 0.7262679086520447,
  "FOOD_DISTANCE_POWER": 1.974917879881913,
  "FOOD_LOCK_TICKS": 10,
  "ROAM_CENTER_WEIGHT": 0.2974714720507538,
  "ROAM_MOMENTUM_WEIGHT": 0.41202827263131464
}