{
  "OVERRIDE_ORDER": [
    "escape",
    "unstuck",
    "split",
    "chase",
    "virus",
    "food"
  ],
  "NUM_DIRECTIONS": 16,
  "MAX_ENEMIES": 21,
  "SAFETY_OWN_PIECES": 2,
  "STEP_RADIUS_MULT": 1.4005704578540805,
  "SPLIT_REACH_RELIABILITY": 0.7132088743884587,
  "ESCAPE_DIRECT_RANGE_MULT": 5.8225684694795365,
  "ESCAPE_SPLIT_REACH_BUFFER": 1.1539870301514674,
  "ESCAPE_MOVE_WEIGHT": 103.09524019119372,
  "ESCAPE_WALL_WEIGHT": 104.40611349788722,
  "ESCAPE_VIRUS_SHIELD_WEIGHT": 1265.264811578328,
  "ESCAPE_HARD_MARGIN": 0.05600039410786149,
  "SPLIT_CAPTURE_WEIGHT": 9.830012888772597,
  "SPLIT_DEPTH_COST": 2.6960326598658946,
  "SPLIT_FRAGMENT_COST": 0.445984190540111,
  "SPLIT_EXTERNAL_RISK_WEIGHT": 2.5196914017347902,
  "SPLIT_MIN_UTILITY": 5.455761113667894,
  "SPLIT_LARGER_OWNER_RATIO": 0.9532902066350226,
  "SPLIT_PLAN_WAIT_TICKS": 1,
  "CHASE_ACQUIRE_RANGE_MULT": 8.135990751564243,
  "CHASE_DIRECT_RANGE_MULT": 4.898613978221426,
  "CHASE_MAX_INTERCEPT_TICKS": 7.234980819250932,
  "CHASE_LOCK_TICKS": 66,
  "CHASE_WALL_HORIZON": 16.962196254928955,
  "CHASE_BLOCK_OFFSET_MULT": 1.2667088778712372,
  "CHASE_DISTANCE_WEIGHT": 0.5770881367419134,
  "CHASE_ETA_WEIGHT": 0.40452681884292047,
  "CHASE_LOCK_BONUS": 40.94900669309103,
  "CHASE_VELOCITY_NEW_WEIGHT": 0.5441844987708823,
  "VIRUS_ENEMY_RANGE_MULT": 8.728221022238042,
  "VIRUS_MANUAL_SPLIT_TIME_BONUS": 0.9047636223673081,
  "VIRUS_MANUAL_SPLIT_RISK_COST": 3.8311586088615215,
  "VIRUS_MAX_FARM_MASS": 250.6319048660512,
  "FOOD_CLUSTER_RADIUS": 2.563363808028054,
  "FOOD_CLUSTER_WEIGHT": 2.9746976787658084,
  "FOOD_DISTANCE_POWER": 2.1194775191170008,
  "FOOD_LOCK_TICKS": 29,
  "ROAM_CENTER_WEIGHT": 1.6213643683578607,
  "ROAM_MOMENTUM_WEIGHT": 0.14368882030287977
}