{
  "OVERRIDE_ORDER": [
    "escape",
    "unstuck",
    "split",
    "chase",
    "virus",
    "food"
  ],
  "NUM_DIRECTIONS": 12,
  "MAX_ENEMIES": 24,
  "SAFETY_OWN_PIECES": 2,
  "STEP_RADIUS_MULT": 1.2640238118547737,
  "SPLIT_REACH_RELIABILITY": 0.7205670906986379,
  "ESCAPE_DIRECT_RANGE_MULT": 5.586654584359461,
  "ESCAPE_SPLIT_REACH_BUFFER": 1.0297200708108634,
  "ESCAPE_MOVE_WEIGHT": 205.95633049123435,
  "ESCAPE_WALL_WEIGHT": 231.0223123282514,
  "ESCAPE_VIRUS_SHIELD_WEIGHT": 926.1886124421982,
  "ESCAPE_HARD_MARGIN": 0.25295535476162395,
  "SPLIT_CAPTURE_WEIGHT": 3.271702369491879,
  "SPLIT_DEPTH_COST": 1.7072536477209008,
  "SPLIT_FRAGMENT_COST": 0.26068477541133284,
  "SPLIT_EXTERNAL_RISK_WEIGHT": 0.42739888546621746,
  "SPLIT_MIN_UTILITY": 3.2011978870807174,
  "SPLIT_LARGER_OWNER_RATIO": 1.0854406408902018,
  "SPLIT_PLAN_WAIT_TICKS": 5,
  "CHASE_ACQUIRE_RANGE_MULT": 10.701308272811538,
  "CHASE_DIRECT_RANGE_MULT": 3.882898825432703,
  "CHASE_MAX_INTERCEPT_TICKS": 14.374603045561825,
  "CHASE_LOCK_TICKS": 71,
  "CHASE_WALL_HORIZON": 20.396254719370578,
  "CHASE_BLOCK_OFFSET_MULT": 1.0686111601535757,
  "CHASE_DISTANCE_WEIGHT": 0.9742998233835769,
  "CHASE_ETA_WEIGHT": 1.079009460264668,
  "CHASE_LOCK_BONUS": 35.34586819527795,
  "CHASE_VELOCITY_NEW_WEIGHT": 0.27048015708685336,
  "VIRUS_ENEMY_RANGE_MULT": 4.135720613254682,
  "VIRUS_MANUAL_SPLIT_TIME_BONUS": 1.9853032893673883,
  "VIRUS_MANUAL_SPLIT_RISK_COST": 2.7114943988529507,
  "VIRUS_MAX_FARM_MASS": 263.32706402418387,
  "FOOD_CLUSTER_RADIUS": 6.512538335444313,
  "FOOD_CLUSTER_WEIGHT": 0.28038959477058356,
  "FOOD_DISTANCE_POWER": 1.9201555254297669,
  "FOOD_LOCK_TICKS": 16,
  "ROAM_CENTER_WEIGHT": 2.385562229853502,
  "ROAM_MOMENTUM_WEIGHT": 0.5912069633943756
}