{
  "OVERRIDE_ORDER": [
    "escape",
    "unstuck",
    "split",
    "chase",
    "virus",
    "food"
  ],
  "NUM_DIRECTIONS": 12,
  "MAX_ENEMIES": 24,
  "SAFETY_OWN_PIECES": 2,
  "STEP_RADIUS_MULT": 1.3681813693653766,
  "SPLIT_REACH_RELIABILITY": 0.6667018066656473,
  "ESCAPE_DIRECT_RANGE_MULT": 6.026679636155693,
  "ESCAPE_SPLIT_REACH_BUFFER": 0.9612117989889466,
  "ESCAPE_MOVE_WEIGHT": 187.93864367374573,
  "ESCAPE_WALL_WEIGHT": 190.71277549448962,
  "ESCAPE_VIRUS_SHIELD_WEIGHT": 955.7947094806749,
  "ESCAPE_HARD_MARGIN": 0.3742682925590907,
  "SPLIT_CAPTURE_WEIGHT": 3.4498978856625593,
  "SPLIT_DEPTH_COST": 4.350392420461607,
  "SPLIT_FRAGMENT_COST": 0.12324789622670831,
  "SPLIT_EXTERNAL_RISK_WEIGHT": 1.5833598179394637,
  "SPLIT_MIN_UTILITY": 3.40984572638255,
  "SPLIT_LARGER_OWNER_RATIO": 1.074133642284396,
  "SPLIT_PLAN_WAIT_TICKS": 2,
  "CHASE_ACQUIRE_RANGE_MULT": 7.678931239408657,
  "CHASE_DIRECT_RANGE_MULT": 3.706253543825277,
  "CHASE_MAX_INTERCEPT_TICKS": 12.804737696563684,
  "CHASE_LOCK_TICKS": 77,
  "CHASE_WALL_HORIZON": 17.71410855331265,
  "CHASE_BLOCK_OFFSET_MULT": 0.6859816170963374,
  "CHASE_DISTANCE_WEIGHT": 0.6478305976054379,
  "CHASE_ETA_WEIGHT": 0.6710097802459143,
  "CHASE_LOCK_BONUS": 47.89886343848481,
  "CHASE_VELOCITY_NEW_WEIGHT": 0.330947883944517,
  "VIRUS_ENEMY_RANGE_MULT": 6.265184326144702,
  "VIRUS_MANUAL_SPLIT_TIME_BONUS": 1.0395496968411309,
  "VIRUS_MANUAL_SPLIT_RISK_COST": 1.9845817197278255,
  "VIRUS_MAX_FARM_MASS": 57.86576430842083,
  "FOOD_CLUSTER_RADIUS": 6.534350017509973,
  "FOOD_CLUSTER_WEIGHT": 0.3205241595004822,
  "FOOD_DISTANCE_POWER": 1.869864856098882,
  "FOOD_LOCK_TICKS": 8,
  "ROAM_CENTER_WEIGHT": 1.130104564857708,
  "ROAM_MOMENTUM_WEIGHT": 0.6875234306756564
}