{
  "OVERRIDE_ORDER": [
    "escape",
    "unstuck",
    "split",
    "chase",
    "virus",
    "food"
  ],
  "NUM_DIRECTIONS": 12,
  "MAX_ENEMIES": 24,
  "SAFETY_OWN_PIECES": 2,
  "STEP_RADIUS_MULT": 1.3215709900885697,
  "SPLIT_REACH_RELIABILITY": 0.6672625036801777,
  "ESCAPE_DIRECT_RANGE_MULT": 4.876503633788526,
  "ESCAPE_SPLIT_REACH_BUFFER": 1.104891671822349,
  "ESCAPE_MOVE_WEIGHT": 167.29810843588473,
  "ESCAPE_WALL_WEIGHT": 359.1962963014586,
  "ESCAPE_VIRUS_SHIELD_WEIGHT": 684.4440620773913,
  "ESCAPE_HARD_MARGIN": 0.07247904047532477,
  "SPLIT_CAPTURE_WEIGHT": 13.120347154058052,
  "SPLIT_DEPTH_COST": 2.9810303625775405,
  "SPLIT_FRAGMENT_COST": 0.38466860481985443,
  "SPLIT_EXTERNAL_RISK_WEIGHT": 2.7735503289818024,
  "SPLIT_MIN_UTILITY": 8.177242118799018,
  "SPLIT_LARGER_OWNER_RATIO": 1.0365966812880583,
  "SPLIT_PLAN_WAIT_TICKS": 5,
  "CHASE_ACQUIRE_RANGE_MULT": 10.096720684303868,
  "CHASE_DIRECT_RANGE_MULT": 4.885344925372163,
  "CHASE_MAX_INTERCEPT_TICKS": 12.385872071576205,
  "CHASE_LOCK_TICKS": 82,
  "CHASE_WALL_HORIZON": 17.480515267398005,
  "CHASE_BLOCK_OFFSET_MULT": 1.1862618571758388,
  "CHASE_DISTANCE_WEIGHT": 0.3795757200618897,
  "CHASE_ETA_WEIGHT": 1.2828256112731538,
  "CHASE_LOCK_BONUS": 33.4944419374048,
  "CHASE_VELOCITY_NEW_WEIGHT": 0.40551981784061053,
  "VIRUS_ENEMY_RANGE_MULT": 7.5450759721864165,
  "VIRUS_MANUAL_SPLIT_TIME_BONUS": 0.5316087002713228,
  "VIRUS_MANUAL_SPLIT_RISK_COST": 0.39320038627151527,
  "VIRUS_MAX_FARM_MASS": 87.27166604629711,
  "FOOD_CLUSTER_RADIUS": 2.9153266990437263,
  "FOOD_CLUSTER_WEIGHT": 1.7289970768674952,
  "FOOD_DISTANCE_POWER": 1.8007700860656992,
  "FOOD_LOCK_TICKS": 18,
  "ROAM_CENTER_WEIGHT": 1.3329976838746567,
  "ROAM_MOMENTUM_WEIGHT": 0.24189001902899648
}