{
  "OVERRIDE_ORDER": [
    "escape",
    "split",
    "unstuck",
    "chase",
    "virus",
    "food"
  ],
  "NUM_DIRECTIONS": 16,
  "MAX_ENEMIES": 24,
  "SAFETY_OWN_PIECES": 2,
  "STEP_RADIUS_MULT": 1.6464252323025883,
  "SPLIT_REACH_RELIABILITY": 0.7828822264232476,
  "ESCAPE_DIRECT_RANGE_MULT": 5.966219506869023,
  "ESCAPE_SPLIT_REACH_BUFFER": 1.0636338290858278,
  "ESCAPE_MOVE_WEIGHT": 228.96973167595038,
  "ESCAPE_WALL_WEIGHT": 423.7796181833369,
  "ESCAPE_VIRUS_SHIELD_WEIGHT": 637.8430923861729,
  "ESCAPE_HARD_MARGIN": 0.12186613175388414,
  "SPLIT_CAPTURE_WEIGHT": 3.295855293196136,
  "SPLIT_DEPTH_COST": 3.8682567011577764,
  "SPLIT_FRAGMENT_COST": 0.4691959386405595,
  "SPLIT_EXTERNAL_RISK_WEIGHT": 2.5234905402857275,
  "SPLIT_MIN_UTILITY": 7.8436458448296005,
  "SPLIT_LARGER_OWNER_RATIO": 1.1122942879252031,
  "SPLIT_PLAN_WAIT_TICKS": 4,
  "CHASE_ACQUIRE_RANGE_MULT": 4.439046611678381,
  "CHASE_DIRECT_RANGE_MULT": 2.6383018795194655,
  "CHASE_MAX_INTERCEPT_TICKS": 8.403940774401956,
  "CHASE_LOCK_TICKS": 228,
  "CHASE_WALL_HORIZON": 24.03499241346899,
  "CHASE_BLOCK_OFFSET_MULT": 0.6714456775932626,
  "CHASE_DISTANCE_WEIGHT": 0.06258926921299007,
  "CHASE_ETA_WEIGHT": 0.2755794133438964,
  "CHASE_LOCK_BONUS": 17.4199796781703,
  "CHASE_VELOCITY_NEW_WEIGHT": 0.21961579830991135,
  "VIRUS_ENEMY_RANGE_MULT": 3.844596404388322,
  "VIRUS_MANUAL_SPLIT_TIME_BONUS": 1.5500328274375827,
  "VIRUS_MANUAL_SPLIT_RISK_COST": 0.4242742681947298,
  "VIRUS_MAX_FARM_MASS": 213.490118252551,
  "FOOD_CLUSTER_RADIUS": 4.7383303488955715,
  "FOOD_CLUSTER_WEIGHT": 1.0963551951426764,
  "FOOD_DISTANCE_POWER": 1.2137061717979414,
  "FOOD_LOCK_TICKS": 22,
  "ROAM_CENTER_WEIGHT": 0.6847933009367632,
  "ROAM_MOMENTUM_WEIGHT": 0.9776243265451079
}