{
  "OVERRIDE_ORDER": [
    "split",
    "escape",
    "unstuck",
    "chase",
    "virus",
    "food"
  ],
  "NUM_DIRECTIONS": 12,
  "MAX_ENEMIES": 21,
  "SAFETY_OWN_PIECES": 2,
  "STEP_RADIUS_MULT": 1.486932844502077,
  "SPLIT_REACH_RELIABILITY": 0.8567116572803642,
  "ESCAPE_DIRECT_RANGE_MULT": 7.147194829896837,
  "ESCAPE_SPLIT_REACH_BUFFER": 1.095431947353517,
  "ESCAPE_MOVE_WEIGHT": 147.83141299708402,
  "ESCAPE_WALL_WEIGHT": 126.92701634039283,
  "ESCAPE_VIRUS_SHIELD_WEIGHT": 240.82066452421182,
  "ESCAPE_HARD_MARGIN": 0.10316077025555002,
  "SPLIT_CAPTURE_WEIGHT": 14.293169035184091,
  "SPLIT_DEPTH_COST": 6.676695709887915,
  "SPLIT_FRAGMENT_COST": 0.23695310752021484,
  "SPLIT_EXTERNAL_RISK_WEIGHT": 2.3336554921179515,
  "SPLIT_MIN_UTILITY": 3.4334881807426267,
  "SPLIT_LARGER_OWNER_RATIO": 1.2853725494259893,
  "SPLIT_PLAN_WAIT_TICKS": 6,
  "CHASE_ACQUIRE_RANGE_MULT": 7.307958534884413,
  "CHASE_DIRECT_RANGE_MULT": 3.953614721556147,
  "CHASE_MAX_INTERCEPT_TICKS": 10.999627059557547,
  "CHASE_LOCK_TICKS": 66,
  "CHASE_WALL_HORIZON": 38.935427697143155,
  "CHASE_BLOCK_OFFSET_MULT": 0.408106588989497,
  "CHASE_DISTANCE_WEIGHT": 0.6676730236267319,
  "CHASE_ETA_WEIGHT": 0.8352981480254302,
  "CHASE_LOCK_BONUS": 8.030572775674395,
  "CHASE_VELOCITY_NEW_WEIGHT": 0.7303457486750424,
  "VIRUS_ENEMY_RANGE_MULT": 6.360965962879187,
  "VIRUS_MANUAL_SPLIT_TIME_BONUS": 0.6140389158868378,
  "VIRUS_MANUAL_SPLIT_RISK_COST": 0.5910679314630842,
  "VIRUS_MAX_FARM_MASS": 46.32505247574531,
  "FOOD_CLUSTER_RADIUS": 5.029991028877607,
  "FOOD_CLUSTER_WEIGHT": 0.7110535119871729,
  "FOOD_DISTANCE_POWER": 1.3413359495630917,
  "FOOD_LOCK_TICKS": 6,
  "ROAM_CENTER_WEIGHT": 0.4477868544095322,
  "ROAM_MOMENTUM_WEIGHT": 0.09577491049485197
}