{
  "OVERRIDE_ORDER": [
    "escape",
    "split",
    "unstuck",
    "chase",
    "virus",
    "food"
  ],
  "NUM_DIRECTIONS": 16,
  "MAX_ENEMIES": 24,
  "SAFETY_OWN_PIECES": 2,
  "STEP_RADIUS_MULT": 1.303200273370928,
  "SPLIT_REACH_RELIABILITY": 0.7028560324152693,
  "ESCAPE_DIRECT_RANGE_MULT": 6.039531096446697,
  "ESCAPE_SPLIT_REACH_BUFFER": 1.1209940820220636,
  "ESCAPE_MOVE_WEIGHT": 210.29868367088278,
  "ESCAPE_WALL_WEIGHT": 103.41426877674299,
  "ESCAPE_VIRUS_SHIELD_WEIGHT": 1267.5082202858873,
  "ESCAPE_HARD_MARGIN": 0.09492957775408266,
  "SPLIT_CAPTURE_WEIGHT": 7.97355689487468,
  "SPLIT_DEPTH_COST": 4.238917333096105,
  "SPLIT_FRAGMENT_COST": 0.13418641154034944,
  "SPLIT_EXTERNAL_RISK_WEIGHT": 0.19141273824257352,
  "SPLIT_MIN_UTILITY": 9.952670186662663,
  "SPLIT_LARGER_OWNER_RATIO": 1.0614144785201782,
  "SPLIT_PLAN_WAIT_TICKS": 4,
  "CHASE_ACQUIRE_RANGE_MULT": 8.507394694919867,
  "CHASE_DIRECT_RANGE_MULT": 4.209653448204277,
  "CHASE_MAX_INTERCEPT_TICKS": 13.567252601567025,
  "CHASE_LOCK_TICKS": 58,
  "CHASE_WALL_HORIZON": 28.027253381425815,
  "CHASE_BLOCK_OFFSET_MULT": 1.0727854051931862,
  "CHASE_DISTANCE_WEIGHT": 0.1158718282053136,
  "CHASE_ETA_WEIGHT": 0.9338462918677405,
  "CHASE_LOCK_BONUS": 15.827900593528211,
  "CHASE_VELOCITY_NEW_WEIGHT": 0.3932538710067974,
  "VIRUS_ENEMY_RANGE_MULT": 7.692662971857531,
  "VIRUS_MANUAL_SPLIT_TIME_BONUS": 2.2497957310721475,
  "VIRUS_MANUAL_SPLIT_RISK_COST": 0.4258957529222842,
  "VIRUS_MAX_FARM_MASS": 264.7962631980606,
  "FOOD_CLUSTER_RADIUS": 6.420643126382533,
  "FOOD_CLUSTER_WEIGHT": 0.8256640743926648,
  "FOOD_DISTANCE_POWER": 2.2295267676346406,
  "FOOD_LOCK_TICKS": 13,
  "ROAM_CENTER_WEIGHT": 0.6679861687782229,
  "ROAM_MOMENTUM_WEIGHT": 0.5258072740472088
}