{
  "OVERRIDE_ORDER": [
    "escape",
    "unstuck",
    "split",
    "chase",
    "virus",
    "food"
  ],
  "NUM_DIRECTIONS": 12,
  "MAX_ENEMIES": 24,
  "SAFETY_OWN_PIECES": 3,
  "STEP_RADIUS_MULT": 1.3543740085812979,
  "SPLIT_REACH_RELIABILITY": 0.7106281595027047,
  "ESCAPE_DIRECT_RANGE_MULT": 4.445715480802388,
  "ESCAPE_SPLIT_REACH_BUFFER": 1.058828671878428,
  "ESCAPE_MOVE_WEIGHT": 154.30525536885472,
  "ESCAPE_WALL_WEIGHT": 106.03900451673786,
  "ESCAPE_VIRUS_SHIELD_WEIGHT": 516.8346538832595,
  "ESCAPE_HARD_MARGIN": 0.12248640471925343,
  "SPLIT_CAPTURE_WEIGHT": 4.456194181984762,
  "SPLIT_DEPTH_COST": 2.7865029439033484,
  "SPLIT_FRAGMENT_COST": 0.04269603598126319,
  "SPLIT_EXTERNAL_RISK_WEIGHT": 0.8836768251393098,
  "SPLIT_MIN_UTILITY": 2.7785913621161136,
  "SPLIT_LARGER_OWNER_RATIO": 1.0665744189490995,
  "SPLIT_PLAN_WAIT_TICKS": 4,
  "CHASE_ACQUIRE_RANGE_MULT": 6.193249265838265,
  "CHASE_DIRECT_RANGE_MULT": 4.070544717052832,
  "CHASE_MAX_INTERCEPT_TICKS": 15.688277000093581,
  "CHASE_LOCK_TICKS": 120,
  "CHASE_WALL_HORIZON": 15.831530182793966,
  "CHASE_BLOCK_OFFSET_MULT": 1.0257701289291181,
  "CHASE_DISTANCE_WEIGHT": 0.5046933088393064,
  "CHASE_ETA_WEIGHT": 1.4346802202912876,
  "CHASE_LOCK_BONUS": 10.867477145150398,
  "CHASE_VELOCITY_NEW_WEIGHT": 0.2538760454801398,
  "VIRUS_ENEMY_RANGE_MULT": 8.219939867598463,
  "VIRUS_MANUAL_SPLIT_TIME_BONUS": 1.2759562570155931,
  "VIRUS_MANUAL_SPLIT_RISK_COST": 5.787070709443964,
  "VIRUS_MAX_FARM_MASS": 47.609671213705276,
  "FOOD_CLUSTER_RADIUS": 4.5350370213577165,
  "FOOD_CLUSTER_WEIGHT": 0.357335149858427,
  "FOOD_DISTANCE_POWER": 1.9274751878702037,
  "FOOD_LOCK_TICKS": 5,
  "ROAM_CENTER_WEIGHT": 2.9702325789506903,
  "ROAM_MOMENTUM_WEIGHT": 0.9709307174288159
}