{
  "OVERRIDE_ORDER": [
    "escape",
    "split",
    "unstuck",
    "chase",
    "virus",
    "food"
  ],
  "NUM_DIRECTIONS": 16,
  "MAX_ENEMIES": 21,
  "SAFETY_OWN_PIECES": 2,
  "STEP_RADIUS_MULT": 1.657108635321188,
  "SPLIT_REACH_RELIABILITY": 0.7546165647727476,
  "ESCAPE_DIRECT_RANGE_MULT": 7.255322705135115,
  "ESCAPE_SPLIT_REACH_BUFFER": 1.0838295796132824,
  "ESCAPE_MOVE_WEIGHT": 179.0636610700948,
  "ESCAPE_WALL_WEIGHT": 498.13134648758825,
  "ESCAPE_VIRUS_SHIELD_WEIGHT": 712.6314204542732,
  "ESCAPE_HARD_MARGIN": 0.16868642419854174,
  "SPLIT_CAPTURE_WEIGHT": 3.524138247521625,
  "SPLIT_DEPTH_COST": 1.6892628275619734,
  "SPLIT_FRAGMENT_COST": 0.24323410350274657,
  "SPLIT_EXTERNAL_RISK_WEIGHT": 2.0536271150492604,
  "SPLIT_MIN_UTILITY": 6.310723328343607,
  "SPLIT_LARGER_OWNER_RATIO": 1.220153321311331,
  "SPLIT_PLAN_WAIT_TICKS": 4,
  "CHASE_ACQUIRE_RANGE_MULT": 7.329558659769363,
  "CHASE_DIRECT_RANGE_MULT": 3.019227361458103,
  "CHASE_MAX_INTERCEPT_TICKS": 8.684290971582982,
  "CHASE_LOCK_TICKS": 183,
  "CHASE_WALL_HORIZON": 26.289305525894346,
  "CHASE_BLOCK_OFFSET_MULT": 0.5283076891455771,
  "CHASE_DISTANCE_WEIGHT": 0.07097635403955108,
  "CHASE_ETA_WEIGHT": 0.4053323255421488,
  "CHASE_LOCK_BONUS": 24.032323368799364,
  "CHASE_VELOCITY_NEW_WEIGHT": 0.2325194145950693,
  "VIRUS_ENEMY_RANGE_MULT": 4.990019513194646,
  "VIRUS_MANUAL_SPLIT_TIME_BONUS": 3.508485068951889,
  "VIRUS_MANUAL_SPLIT_RISK_COST": 0.9602523330364001,
  "VIRUS_MAX_FARM_MASS": 325.04634144216124,
  "FOOD_CLUSTER_RADIUS": 5.6720868584157245,
  "FOOD_CLUSTER_WEIGHT": 0.8011021159521627,
  "FOOD_DISTANCE_POWER": 1.1301247560939058,
  "FOOD_LOCK_TICKS": 25,
  "ROAM_CENTER_WEIGHT": 0.4944661386231879,
  "ROAM_MOMENTUM_WEIGHT": 1.1439102940766464
}