{
  "OVERRIDE_ORDER": [
    "escape",
    "unstuck",
    "split",
    "chase",
    "virus",
    "food"
  ],
  "NUM_DIRECTIONS": 16,
  "MAX_ENEMIES": 24,
  "SAFETY_OWN_PIECES": 2,
  "STEP_RADIUS_MULT": 1.331283035723649,
  "SPLIT_REACH_RELIABILITY": 0.8041328697501003,
  "ESCAPE_DIRECT_RANGE_MULT": 3.9019229156555277,
  "ESCAPE_SPLIT_REACH_BUFFER": 1.1569388462073058,
  "ESCAPE_MOVE_WEIGHT": 80.76276247342837,
  "ESCAPE_WALL_WEIGHT": 120.08941074672983,
  "ESCAPE_VIRUS_SHIELD_WEIGHT": 303.57524361670716,
  "ESCAPE_HARD_MARGIN": 0.15395039928266882,
  "SPLIT_CAPTURE_WEIGHT": 11.16144405246053,
  "SPLIT_DEPTH_COST": 3.8234987007713293,
  "SPLIT_FRAGMENT_COST": 0.28076789318557316,
  "SPLIT_EXTERNAL_RISK_WEIGHT": 1.3077578566626515,
  "SPLIT_MIN_UTILITY": 9.399340921969754,
  "SPLIT_LARGER_OWNER_RATIO": 0.9875855025614497,
  "SPLIT_PLAN_WAIT_TICKS": 2,
  "CHASE_ACQUIRE_RANGE_MULT": 6.513719132082493,
  "CHASE_DIRECT_RANGE_MULT": 4.561253267761448,
  "CHASE_MAX_INTERCEPT_TICKS": 15.018823338618693,
  "CHASE_LOCK_TICKS": 95,
  "CHASE_WALL_HORIZON": 14.462815891314415,
  "CHASE_BLOCK_OFFSET_MULT": 1.4621237297577503,
  "CHASE_DISTANCE_WEIGHT": 0.4560132951628802,
  "CHASE_ETA_WEIGHT": 1.5818800970020501,
  "CHASE_LOCK_BONUS": 44.47267034039516,
  "CHASE_VELOCITY_NEW_WEIGHT": 0.4645661687733252,
  "VIRUS_ENEMY_RANGE_MULT": 4.074616291198302,
  "VIRUS_MANUAL_SPLIT_TIME_BONUS": 0.5743006146163436,
  "VIRUS_MANUAL_SPLIT_RISK_COST": 7.253946535657691,
  "VIRUS_MAX_FARM_MASS": 144.62104479971552,
  "FOOD_CLUSTER_RADIUS": 3.180773447883698,
  "FOOD_CLUSTER_WEIGHT": 0.5487907236597039,
  "FOOD_DISTANCE_POWER": 1.895512229457825,
  "FOOD_LOCK_TICKS": 20,
  "ROAM_CENTER_WEIGHT": 0.8550905571107359,
  "ROAM_MOMENTUM_WEIGHT": 0.23121895307570994
}