{
  "OVERRIDE_ORDER": [
    "escape",
    "split",
    "unstuck",
    "chase",
    "virus",
    "food"
  ],
  "NUM_DIRECTIONS": 16,
  "MAX_ENEMIES": 24,
  "SAFETY_OWN_PIECES": 3,
  "STEP_RADIUS_MULT": 1.3616024755612026,
  "SPLIT_REACH_RELIABILITY": 0.6462311159956148,
  "ESCAPE_DIRECT_RANGE_MULT": 4.167869007165552,
  "ESCAPE_SPLIT_REACH_BUFFER": 1.0808267756338417,
  "ESCAPE_MOVE_WEIGHT": 212.7956363091934,
  "ESCAPE_WALL_WEIGHT": 165.64174474210776,
  "ESCAPE_VIRUS_SHIELD_WEIGHT": 898.4890645915153,
  "ESCAPE_HARD_MARGIN": 0.25401111628839984,
  "SPLIT_CAPTURE_WEIGHT": 10.488138297783433,
  "SPLIT_DEPTH_COST": 4.418737009129276,
  "SPLIT_FRAGMENT_COST": 0.07563965766476946,
  "SPLIT_EXTERNAL_RISK_WEIGHT": 0.23616961718621995,
  "SPLIT_MIN_UTILITY": 7.215838909246166,
  "SPLIT_LARGER_OWNER_RATIO": 1.0427577481481984,
  "SPLIT_PLAN_WAIT_TICKS": 8,
  "CHASE_ACQUIRE_RANGE_MULT": 6.480651474618103,
  "CHASE_DIRECT_RANGE_MULT": 3.2565448540611377,
  "CHASE_MAX_INTERCEPT_TICKS": 14.231698720088117,
  "CHASE_LOCK_TICKS": 89,
  "CHASE_WALL_HORIZON": 19.952784421421207,
  "CHASE_BLOCK_OFFSET_MULT": 1.214158984558181,
  "CHASE_DISTANCE_WEIGHT": 0.42281760869066704,
  "CHASE_ETA_WEIGHT": 1.1378328909510982,
  "CHASE_LOCK_BONUS": 20.506545186400242,
  "CHASE_VELOCITY_NEW_WEIGHT": 0.5838830400178414,
  "VIRUS_ENEMY_RANGE_MULT": 7.4745782417016855,
  "VIRUS_MANUAL_SPLIT_TIME_BONUS": 0.7558197134603604,
  "VIRUS_MANUAL_SPLIT_RISK_COST": 1.1816600753338142,
  "VIRUS_MAX_FARM_MASS": 327.96820018067484,
  "FOOD_CLUSTER_RADIUS": 6.365334857857116,
  "FOOD_CLUSTER_WEIGHT": 0.4382804231316234,
  "FOOD_DISTANCE_POWER": 2.166740534789156,
  "FOOD_LOCK_TICKS": 15,
  "ROAM_CENTER_WEIGHT": 0.3078499856057786,
  "ROAM_MOMENTUM_WEIGHT": 0.8011705835202425
}