{
  "OVERRIDE_ORDER": [
    "escape",
    "unstuck",
    "split",
    "chase",
    "virus",
    "food"
  ],
  "NUM_DIRECTIONS": 16,
  "MAX_ENEMIES": 24,
  "SAFETY_OWN_PIECES": 2,
  "STEP_RADIUS_MULT": 1.3473139937812686,
  "SPLIT_REACH_RELIABILITY": 0.7072130943282194,
  "ESCAPE_DIRECT_RANGE_MULT": 4.220947053268038,
  "ESCAPE_SPLIT_REACH_BUFFER": 1.0876820727789454,
  "ESCAPE_MOVE_WEIGHT": 131.79732638252946,
  "ESCAPE_WALL_WEIGHT": 269.67118597900753,
  "ESCAPE_VIRUS_SHIELD_WEIGHT": 814.2525862768113,
  "ESCAPE_HARD_MARGIN": 0.025351792320199757,
  "SPLIT_CAPTURE_WEIGHT": 13.80700957538419,
  "SPLIT_DEPTH_COST": 3.677862024323353,
  "SPLIT_FRAGMENT_COST": 0.06971445936389785,
  "SPLIT_EXTERNAL_RISK_WEIGHT": 0.8798693813829248,
  "SPLIT_MIN_UTILITY": 9.396736699114477,
  "SPLIT_LARGER_OWNER_RATIO": 1.1019531319751699,
  "SPLIT_PLAN_WAIT_TICKS": 4,
  "CHASE_ACQUIRE_RANGE_MULT": 10.657805474701327,
  "CHASE_DIRECT_RANGE_MULT": 4.259996554017806,
  "CHASE_MAX_INTERCEPT_TICKS": 9.8305251079547,
  "CHASE_LOCK_TICKS": 92,
  "CHASE_WALL_HORIZON": 18.85615835015852,
  "CHASE_BLOCK_OFFSET_MULT": 1.355971390364446,
  "CHASE_DISTANCE_WEIGHT": 0.47552124516785904,
  "CHASE_ETA_WEIGHT": 3.1394862411438504,
  "CHASE_LOCK_BONUS": 20.083286910897844,
  "CHASE_VELOCITY_NEW_WEIGHT": 0.37123641150556536,
  "VIRUS_ENEMY_RANGE_MULT": 2.2396585141092897,
  "VIRUS_MANUAL_SPLIT_TIME_BONUS": 0.5545728163167184,
  "VIRUS_MANUAL_SPLIT_RISK_COST": 3.61469620030372,
  "VIRUS_MAX_FARM_MASS": 183.7999159595797,
  "FOOD_CLUSTER_RADIUS": 3.658324091844946,
  "FOOD_CLUSTER_WEIGHT": 2.3510201160282005,
  "FOOD_DISTANCE_POWER": 1.5101502147767643,
  "FOOD_LOCK_TICKS": 27,
  "ROAM_CENTER_WEIGHT": 1.1949449961138696,
  "ROAM_MOMENTUM_WEIGHT": 0.12812357771924396
}