{
  "OVERRIDE_ORDER": [
    "escape",
    "split",
    "unstuck",
    "chase",
    "virus",
    "food"
  ],
  "NUM_DIRECTIONS": 16,
  "MAX_ENEMIES": 24,
  "SAFETY_OWN_PIECES": 2,
  "STEP_RADIUS_MULT": 1.7367437055880284,
  "SPLIT_REACH_RELIABILITY": 0.8580184311099907,
  "ESCAPE_DIRECT_RANGE_MULT": 6.638956471774693,
  "ESCAPE_SPLIT_REACH_BUFFER": 1.003247622704565,
  "ESCAPE_MOVE_WEIGHT": 222.4356478605791,
  "ESCAPE_WALL_WEIGHT": 646.9394169379125,
  "ESCAPE_VIRUS_SHIELD_WEIGHT": 801.5843777153104,
  "ESCAPE_HARD_MARGIN": 0.030381798695305093,
  "SPLIT_CAPTURE_WEIGHT": 4.451261973796695,
  "SPLIT_DEPTH_COST": 5.9279323917540925,
  "SPLIT_FRAGMENT_COST": 0.21634435675876243,
  "SPLIT_EXTERNAL_RISK_WEIGHT": 2.9576302401364156,
  "SPLIT_MIN_UTILITY": 9.403243383521085,
  "SPLIT_LARGER_OWNER_RATIO": 1.0610550348142604,
  "SPLIT_PLAN_WAIT_TICKS": 4,
  "CHASE_ACQUIRE_RANGE_MULT": 4.8077297551772284,
  "CHASE_DIRECT_RANGE_MULT": 2.1469997183402527,
  "CHASE_MAX_INTERCEPT_TICKS": 9.511746312212408,
  "CHASE_LOCK_TICKS": 217,
  "CHASE_WALL_HORIZON": 21.31693574438575,
  "CHASE_BLOCK_OFFSET_MULT": 0.5870558756801896,
  "CHASE_DISTANCE_WEIGHT": 0.15329662011521772,
  "CHASE_ETA_WEIGHT": 0.3513803819418624,
  "CHASE_LOCK_BONUS": 17.673419538673144,
  "CHASE_VELOCITY_NEW_WEIGHT": 0.3523880282989307,
  "VIRUS_ENEMY_RANGE_MULT": 4.68829201217894,
  "VIRUS_MANUAL_SPLIT_TIME_BONUS": 2.32773020834097,
  "VIRUS_MANUAL_SPLIT_RISK_COST": 0.297395265675134,
  "VIRUS_MAX_FARM_MASS": 132.84312294069375,
  "FOOD_CLUSTER_RADIUS": 6.001374949281299,
  "FOOD_CLUSTER_WEIGHT": 1.518883875431114,
  "FOOD_DISTANCE_POWER": 1.0979738274578426,
  "FOOD_LOCK_TICKS": 23,
  "ROAM_CENTER_WEIGHT": 0.5865426934048019,
  "ROAM_MOMENTUM_WEIGHT": 0.8473056481185671
}