{
  "OVERRIDE_ORDER": [
    "escape",
    "unstuck",
    "split",
    "virus",
    "chase",
    "food"
  ],
  "NUM_DIRECTIONS": 16,
  "MAX_ENEMIES": 21,
  "SAFETY_OWN_PIECES": 2,
  "STEP_RADIUS_MULT": 1.3961746648325166,
  "SPLIT_REACH_RELIABILITY": 0.771105191515011,
  "ESCAPE_DIRECT_RANGE_MULT": 4.361032044294596,
  "ESCAPE_SPLIT_REACH_BUFFER": 1.1580938511028358,
  "ESCAPE_MOVE_WEIGHT": 131.49075376245023,
  "ESCAPE_WALL_WEIGHT": 165.59973595626727,
  "ESCAPE_VIRUS_SHIELD_WEIGHT": 1051.2273470161963,
  "ESCAPE_HARD_MARGIN": 0.23069354876240528,
  "SPLIT_CAPTURE_WEIGHT": 11.379921414580703,
  "SPLIT_DEPTH_COST": 5.569421786004583,
  "SPLIT_FRAGMENT_COST": 0.2609457767735593,
  "SPLIT_EXTERNAL_RISK_WEIGHT": 0.7770056532406519,
  "SPLIT_MIN_UTILITY": 8.247743066452301,
  "SPLIT_LARGER_OWNER_RATIO": 0.9703707083402832,
  "SPLIT_PLAN_WAIT_TICKS": 5,
  "CHASE_ACQUIRE_RANGE_MULT": 9.435762889441989,
  "CHASE_DIRECT_RANGE_MULT": 3.737147992610084,
  "CHASE_MAX_INTERCEPT_TICKS": 14.367483376447472,
  "CHASE_LOCK_TICKS": 65,
  "CHASE_WALL_HORIZON": 21.38584945696203,
  "CHASE_BLOCK_OFFSET_MULT": 1.441645575192322,
  "CHASE_DISTANCE_WEIGHT": 0.7532447420965787,
  "CHASE_ETA_WEIGHT": 0.9841470047206735,
  "CHASE_LOCK_BONUS": 27.60286121820984,
  "CHASE_VELOCITY_NEW_WEIGHT": 0.4633056970278715,
  "VIRUS_ENEMY_RANGE_MULT": 5.478945601829342,
  "VIRUS_MANUAL_SPLIT_TIME_BONUS": 4.258024485560183,
  "VIRUS_MANUAL_SPLIT_RISK_COST": 4.637891259061895,
  "VIRUS_MAX_FARM_MASS": 115.2643337082504,
  "FOOD_CLUSTER_RADIUS": 3.6417590227998433,
  "FOOD_CLUSTER_WEIGHT": 2.7694558424486364,
  "FOOD_DISTANCE_POWER": 1.6492686407282562,
  "FOOD_LOCK_TICKS": 10,
  "ROAM_CENTER_WEIGHT": 1.0572138637592303,
  "ROAM_MOMENTUM_WEIGHT": 0.990599461512261
}