{
  "OVERRIDE_ORDER": [
    "escape",
    "unstuck",
    "split",
    "chase",
    "virus",
    "food"
  ],
  "NUM_DIRECTIONS": 12,
  "MAX_ENEMIES": 24,
  "SAFETY_OWN_PIECES": 2,
  "STEP_RADIUS_MULT": 1.2529634782581511,
  "SPLIT_REACH_RELIABILITY": 0.755821260436624,
  "ESCAPE_DIRECT_RANGE_MULT": 6.5138561782453,
  "ESCAPE_SPLIT_REACH_BUFFER": 0.920910276956713,
  "ESCAPE_MOVE_WEIGHT": 162.8197113503552,
  "ESCAPE_WALL_WEIGHT": 184.76910468862414,
  "ESCAPE_VIRUS_SHIELD_WEIGHT": 1209.4160062382098,
  "ESCAPE_HARD_MARGIN": 0.14001826807762432,
  "SPLIT_CAPTURE_WEIGHT": 4.684970340629968,
  "SPLIT_DEPTH_COST": 3.747129116470287,
  "SPLIT_FRAGMENT_COST": 0.3823370249110815,
  "SPLIT_EXTERNAL_RISK_WEIGHT": 0.4821638006226352,
  "SPLIT_MIN_UTILITY": 2.399716822754604,
  "SPLIT_LARGER_OWNER_RATIO": 1.0077560180489973,
  "SPLIT_PLAN_WAIT_TICKS": 3,
  "CHASE_ACQUIRE_RANGE_MULT": 8.186440648007874,
  "CHASE_DIRECT_RANGE_MULT": 3.239562124097441,
  "CHASE_MAX_INTERCEPT_TICKS": 15.927787570881316,
  "CHASE_LOCK_TICKS": 52,
  "CHASE_WALL_HORIZON": 28.85486842359821,
  "CHASE_BLOCK_OFFSET_MULT": 1.2966687392727507,
  "CHASE_DISTANCE_WEIGHT": 0.28397990679855917,
  "CHASE_ETA_WEIGHT": 1.3122662208587412,
  "CHASE_LOCK_BONUS": 29.952229117091466,
  "CHASE_VELOCITY_NEW_WEIGHT": 0.25627579275507406,
  "VIRUS_ENEMY_RANGE_MULT": 4.4734730830244205,
  "VIRUS_MANUAL_SPLIT_TIME_BONUS": 0.5229204641171592,
  "VIRUS_MANUAL_SPLIT_RISK_COST": 2.9332128596330795,
  "VIRUS_MAX_FARM_MASS": 59.99287922961849,
  "FOOD_CLUSTER_RADIUS": 6.1513948955141995,
  "FOOD_CLUSTER_WEIGHT": 0.5847635743602749,
  "FOOD_DISTANCE_POWER": 1.9835913275530797,
  "FOOD_LOCK_TICKS": 11,
  "ROAM_CENTER_WEIGHT": 1.615278135346662,
  "ROAM_MOMENTUM_WEIGHT": 0.7481766340736647
}