{
  "OVERRIDE_ORDER": [
    "escape",
    "unstuck",
    "split",
    "chase",
    "virus",
    "food"
  ],
  "NUM_DIRECTIONS": 12,
  "MAX_ENEMIES": 21,
  "SAFETY_OWN_PIECES": 2,
  "STEP_RADIUS_MULT": 1.2880967386526732,
  "SPLIT_REACH_RELIABILITY": 0.7369349086103797,
  "ESCAPE_DIRECT_RANGE_MULT": 7.134493922373862,
  "ESCAPE_SPLIT_REACH_BUFFER": 1.1396255832896451,
  "ESCAPE_MOVE_WEIGHT": 146.7277685039387,
  "ESCAPE_WALL_WEIGHT": 123.19085185136207,
  "ESCAPE_VIRUS_SHIELD_WEIGHT": 1039.1623151636043,
  "ESCAPE_HARD_MARGIN": 0.019056739475458023,
  "SPLIT_CAPTURE_WEIGHT": 9.097685268689647,
  "SPLIT_DEPTH_COST": 4.91595563699423,
  "SPLIT_FRAGMENT_COST": 0.4513572130891208,
  "SPLIT_EXTERNAL_RISK_WEIGHT": 1.557329370173888,
  "SPLIT_MIN_UTILITY": 5.809538700256087,
  "SPLIT_LARGER_OWNER_RATIO": 0.9750437872442262,
  "SPLIT_PLAN_WAIT_TICKS": 4,
  "CHASE_ACQUIRE_RANGE_MULT": 12.240406049735252,
  "CHASE_DIRECT_RANGE_MULT": 4.720839407381498,
  "CHASE_MAX_INTERCEPT_TICKS": 12.682176319386794,
  "CHASE_LOCK_TICKS": 109,
  "CHASE_WALL_HORIZON": 20.566243456417208,
  "CHASE_BLOCK_OFFSET_MULT": 1.438925638149852,
  "CHASE_DISTANCE_WEIGHT": 0.4742410668547275,
  "CHASE_ETA_WEIGHT": 1.8720322655506636,
  "CHASE_LOCK_BONUS": 28.175260184112943,
  "CHASE_VELOCITY_NEW_WEIGHT": 0.5902167517511563,
  "VIRUS_ENEMY_RANGE_MULT": 6.895476823481831,
  "VIRUS_MANUAL_SPLIT_TIME_BONUS": 0.9276805703367141,
  "VIRUS_MANUAL_SPLIT_RISK_COST": 6.882007558156628,
  "VIRUS_MAX_FARM_MASS": 77.06700889593807,
  "FOOD_CLUSTER_RADIUS": 2.6948817965002245,
  "FOOD_CLUSTER_WEIGHT": 0.9375206518261645,
  "FOOD_DISTANCE_POWER": 2.1463633307315155,
  "FOOD_LOCK_TICKS": 25,
  "ROAM_CENTER_WEIGHT": 1.6534543366379204,
  "ROAM_MOMENTUM_WEIGHT": 0.360028962996398
}