{
  "OVERRIDE_ORDER": [
    "split",
    "escape",
    "unstuck",
    "chase",
    "virus",
    "food"
  ],
  "NUM_DIRECTIONS": 16,
  "MAX_ENEMIES": 18,
  "SAFETY_OWN_PIECES": 3,
  "STEP_RADIUS_MULT": 1.4931608167550434,
  "SPLIT_REACH_RELIABILITY": 0.6200289112205377,
  "ESCAPE_DIRECT_RANGE_MULT": 6.978122246799636,
  "ESCAPE_SPLIT_REACH_BUFFER": 1.0714107301542541,
  "ESCAPE_MOVE_WEIGHT": 193.5449835075945,
  "ESCAPE_WALL_WEIGHT": 370.6815149810072,
  "ESCAPE_VIRUS_SHIELD_WEIGHT": 212.3107889611287,
  "ESCAPE_HARD_MARGIN": 0.07123239224417688,
  "SPLIT_CAPTURE_WEIGHT": 5.687854784942023,
  "SPLIT_DEPTH_COST": 2.1985637680756045,
  "SPLIT_FRAGMENT_COST": 0.02814302292701609,
  "SPLIT_EXTERNAL_RISK_WEIGHT": 0.6103646191419468,
  "SPLIT_MIN_UTILITY": 2.5321388238140985,
  "SPLIT_LARGER_OWNER_RATIO": 0.9772351903441366,
  "SPLIT_PLAN_WAIT_TICKS": 7,
  "CHASE_ACQUIRE_RANGE_MULT": 7.448044437874437,
  "CHASE_DIRECT_RANGE_MULT": 3.8824097946915166,
  "CHASE_MAX_INTERCEPT_TICKS": 10.831353881743134,
  "CHASE_LOCK_TICKS": 59,
  "CHASE_WALL_HORIZON": 41.557571602067526,
  "CHASE_BLOCK_OFFSET_MULT": 1.4497645977266733,
  "CHASE_DISTANCE_WEIGHT": 0.081610584096479,
  "CHASE_ETA_WEIGHT": 1.4297394940973083,
  "CHASE_LOCK_BONUS": 4.1656221471168084,
  "CHASE_VELOCITY_NEW_WEIGHT": 0.35376960755951026,
  "VIRUS_ENEMY_RANGE_MULT": 6.141678107820777,
  "VIRUS_MANUAL_SPLIT_TIME_BONUS": 1.2211312857290706,
  "VIRUS_MANUAL_SPLIT_RISK_COST": 2.558803200538309,
  "VIRUS_MAX_FARM_MASS": 227.4165415948541,
  "FOOD_CLUSTER_RADIUS": 5.874233845721583,
  "FOOD_CLUSTER_WEIGHT": 1.6108091471092305,
  "FOOD_DISTANCE_POWER": 1.3753276065067364,
  "FOOD_LOCK_TICKS": 30,
  "ROAM_CENTER_WEIGHT": 0.2589783833995645,
  "ROAM_MOMENTUM_WEIGHT": 0.8327388345800286
}