{
  "OVERRIDE_ORDER": [
    "escape",
    "unstuck",
    "split",
    "chase",
    "virus",
    "food"
  ],
  "NUM_DIRECTIONS": 16,
  "MAX_ENEMIES": 24,
  "SAFETY_OWN_PIECES": 2,
  "STEP_RADIUS_MULT": 1.3262150870753124,
  "SPLIT_REACH_RELIABILITY": 0.692476793503884,
  "ESCAPE_DIRECT_RANGE_MULT": 6.674869183497178,
  "ESCAPE_SPLIT_REACH_BUFFER": 1.0975205082036432,
  "ESCAPE_MOVE_WEIGHT": 87.28197229519053,
  "ESCAPE_WALL_WEIGHT": 335.42771964092884,
  "ESCAPE_VIRUS_SHIELD_WEIGHT": 525.4563603860311,
  "ESCAPE_HARD_MARGIN": 0.07087416043543875,
  "SPLIT_CAPTURE_WEIGHT": 9.18022006155097,
  "SPLIT_DEPTH_COST": 3.2794544597463036,
  "SPLIT_FRAGMENT_COST": 0.5650754037211827,
  "SPLIT_EXTERNAL_RISK_WEIGHT": 1.4233426885191611,
  "SPLIT_MIN_UTILITY": 8.626693028827868,
  "SPLIT_LARGER_OWNER_RATIO": 1.0682298019383833,
  "SPLIT_PLAN_WAIT_TICKS": 4,
  "CHASE_ACQUIRE_RANGE_MULT": 8.125378604492473,
  "CHASE_DIRECT_RANGE_MULT": 4.7319455909537265,
  "CHASE_MAX_INTERCEPT_TICKS": 15.629143507908836,
  "CHASE_LOCK_TICKS": 39,
  "CHASE_WALL_HORIZON": 18.78685955148076,
  "CHASE_BLOCK_OFFSET_MULT": 0.6920970502580549,
  "CHASE_DISTANCE_WEIGHT": 0.05854518037429411,
  "CHASE_ETA_WEIGHT": 2.471302234828263,
  "CHASE_LOCK_BONUS": 30.77136788681938,
  "CHASE_VELOCITY_NEW_WEIGHT": 0.6099269854900776,
  "VIRUS_ENEMY_RANGE_MULT": 4.060810775836153,
  "VIRUS_MANUAL_SPLIT_TIME_BONUS": 0.5748821314805843,
  "VIRUS_MANUAL_SPLIT_RISK_COST": 3.943910478542517,
  "VIRUS_MAX_FARM_MASS": 92.96371001548563,
  "FOOD_CLUSTER_RADIUS": 4.184966229823812,
  "FOOD_CLUSTER_WEIGHT": 1.1545610509858213,
  "FOOD_DISTANCE_POWER": 1.6561823939766074,
  "FOOD_LOCK_TICKS": 14,
  "ROAM_CENTER_WEIGHT": 0.45350206647929736,
  "ROAM_MOMENTUM_WEIGHT": 0.44223867447667986
}