{
  "OVERRIDE_ORDER": [
    "escape",
    "unstuck",
    "split",
    "chase",
    "virus",
    "food"
  ],
  "NUM_DIRECTIONS": 16,
  "MAX_ENEMIES": 24,
  "SAFETY_OWN_PIECES": 3,
  "STEP_RADIUS_MULT": 1.3025368325639652,
  "SPLIT_REACH_RELIABILITY": 0.7710734439285191,
  "ESCAPE_DIRECT_RANGE_MULT": 5.546620745826646,
  "ESCAPE_SPLIT_REACH_BUFFER": 0.9995448018799623,
  "ESCAPE_MOVE_WEIGHT": 88.69977419092127,
  "ESCAPE_WALL_WEIGHT": 228.11053988950064,
  "ESCAPE_VIRUS_SHIELD_WEIGHT": 1106.6544197390417,
  "ESCAPE_HARD_MARGIN": 0.06316236215178822,
  "SPLIT_CAPTURE_WEIGHT": 4.219058447221316,
  "SPLIT_DEPTH_COST": 4.562491993073064,
  "SPLIT_FRAGMENT_COST": 0.34396403597357345,
  "SPLIT_EXTERNAL_RISK_WEIGHT": 0.8185737745088238,
  "SPLIT_MIN_UTILITY": -1.9839159788630065,
  "SPLIT_LARGER_OWNER_RATIO": 1.1945071481565732,
  "SPLIT_PLAN_WAIT_TICKS": 4,
  "CHASE_ACQUIRE_RANGE_MULT": 8.72037271113027,
  "CHASE_DIRECT_RANGE_MULT": 2.827094440062456,
  "CHASE_MAX_INTERCEPT_TICKS": 14.810376379321385,
  "CHASE_LOCK_TICKS": 174,
  "CHASE_WALL_HORIZON": 15.556988011560597,
  "CHASE_BLOCK_OFFSET_MULT": 1.2445620869574396,
  "CHASE_DISTANCE_WEIGHT": 0.9436197811857799,
  "CHASE_ETA_WEIGHT": 1.5057057726540104,
  "CHASE_LOCK_BONUS": 7.810673121588806,
  "CHASE_VELOCITY_NEW_WEIGHT": 0.3141594393695884,
  "VIRUS_ENEMY_RANGE_MULT": 5.07549265152679,
  "VIRUS_MANUAL_SPLIT_TIME_BONUS": 0.9896415697174301,
  "VIRUS_MANUAL_SPLIT_RISK_COST": 6.662064729412678,
  "VIRUS_MAX_FARM_MASS": 110.79765243303676,
  "FOOD_CLUSTER_RADIUS": 6.65186166657635,
  "FOOD_CLUSTER_WEIGHT": 1.3863187001674213,
  "FOOD_DISTANCE_POWER": 2.094470756946865,
  "FOOD_LOCK_TICKS": 11,
  "ROAM_CENTER_WEIGHT": 2.1252607617633075,
  "ROAM_MOMENTUM_WEIGHT": 0.8545311467581469
}