{
  "OVERRIDE_ORDER": [
    "escape",
    "unstuck",
    "split",
    "chase",
    "virus",
    "food"
  ],
  "NUM_DIRECTIONS": 12,
  "MAX_ENEMIES": 24,
  "SAFETY_OWN_PIECES": 3,
  "STEP_RADIUS_MULT": 1.2780222479881365,
  "SPLIT_REACH_RELIABILITY": 0.6213998130905043,
  "ESCAPE_DIRECT_RANGE_MULT": 5.038760085247147,
  "ESCAPE_SPLIT_REACH_BUFFER": 1.035567196767665,
  "ESCAPE_MOVE_WEIGHT": 146.07742853124176,
  "ESCAPE_WALL_WEIGHT": 220.83199104260132,
  "ESCAPE_VIRUS_SHIELD_WEIGHT": 925.3590022088332,
  "ESCAPE_HARD_MARGIN": 0.176150060416595,
  "SPLIT_CAPTURE_WEIGHT": 3.5640640942121187,
  "SPLIT_DEPTH_COST": 3.103054958926337,
  "SPLIT_FRAGMENT_COST": 0.08541831802727186,
  "SPLIT_EXTERNAL_RISK_WEIGHT": 0.4324432500636952,
  "SPLIT_MIN_UTILITY": 1.9502803411867118,
  "SPLIT_LARGER_OWNER_RATIO": 1.084835717499059,
  "SPLIT_PLAN_WAIT_TICKS": 4,
  "CHASE_ACQUIRE_RANGE_MULT": 8.599078588786242,
  "CHASE_DIRECT_RANGE_MULT": 2.1819790022414347,
  "CHASE_MAX_INTERCEPT_TICKS": 15.104332736685919,
  "CHASE_LOCK_TICKS": 144,
  "CHASE_WALL_HORIZON": 15.710414365359691,
  "CHASE_BLOCK_OFFSET_MULT": 1.141887815376934,
  "CHASE_DISTANCE_WEIGHT": 0.15115781347884893,
  "CHASE_ETA_WEIGHT": 0.9252027160824329,
  "CHASE_LOCK_BONUS": 17.413376999631094,
  "CHASE_VELOCITY_NEW_WEIGHT": 0.3036852673419194,
  "VIRUS_ENEMY_RANGE_MULT": 7.192895665991514,
  "VIRUS_MANUAL_SPLIT_TIME_BONUS": 1.985654501757766,
  "VIRUS_MANUAL_SPLIT_RISK_COST": 5.631523425338038,
  "VIRUS_MAX_FARM_MASS": 116.80567915198706,
  "FOOD_CLUSTER_RADIUS": 6.28602526524889,
  "FOOD_CLUSTER_WEIGHT": 0.8795005434120373,
  "FOOD_DISTANCE_POWER": 1.9881458061107282,
  "FOOD_LOCK_TICKS": 6,
  "ROAM_CENTER_WEIGHT": 2.0460758581767493,
  "ROAM_MOMENTUM_WEIGHT": 0.5399585959940725
}