{
  "OVERRIDE_ORDER": [
    "escape",
    "unstuck",
    "split",
    "chase",
    "virus",
    "food"
  ],
  "NUM_DIRECTIONS": 16,
  "MAX_ENEMIES": 21,
  "SAFETY_OWN_PIECES": 2,
  "STEP_RADIUS_MULT": 1.2590150448101596,
  "SPLIT_REACH_RELIABILITY": 0.8828547134179437,
  "ESCAPE_DIRECT_RANGE_MULT": 5.967729708433174,
  "ESCAPE_SPLIT_REACH_BUFFER": 1.0640554906643451,
  "ESCAPE_MOVE_WEIGHT": 122.07085004338464,
  "ESCAPE_WALL_WEIGHT": 169.01114063359634,
  "ESCAPE_VIRUS_SHIELD_WEIGHT": 718.6708651081336,
  "ESCAPE_HARD_MARGIN": 0.2614900768661784,
  "SPLIT_CAPTURE_WEIGHT": 13.828024958415776,
  "SPLIT_DEPTH_COST": 1.1436240723822368,
  "SPLIT_FRAGMENT_COST": 0.6116460057010262,
  "SPLIT_EXTERNAL_RISK_WEIGHT": 2.427513919171281,
  "SPLIT_MIN_UTILITY": 7.116815634138627,
  "SPLIT_LARGER_OWNER_RATIO": 1.0064742003343996,
  "SPLIT_PLAN_WAIT_TICKS": 6,
  "CHASE_ACQUIRE_RANGE_MULT": 10.61728383835911,
  "CHASE_DIRECT_RANGE_MULT": 3.749255255059012,
  "CHASE_MAX_INTERCEPT_TICKS": 6.830732746161539,
  "CHASE_LOCK_TICKS": 148,
  "CHASE_WALL_HORIZON": 31.835918276744216,
  "CHASE_BLOCK_OFFSET_MULT": 1.3792738287946555,
  "CHASE_DISTANCE_WEIGHT": 0.3872192291551678,
  "CHASE_ETA_WEIGHT": 2.938528621517503,
  "CHASE_LOCK_BONUS": 23.389142874129313,
  "CHASE_VELOCITY_NEW_WEIGHT": 0.7846319086786884,
  "VIRUS_ENEMY_RANGE_MULT": 7.762053987263236,
  "VIRUS_MANUAL_SPLIT_TIME_BONUS": 1.2128331241754626,
  "VIRUS_MANUAL_SPLIT_RISK_COST": 3.688571482168457,
  "VIRUS_MAX_FARM_MASS": 52.71341472205418,
  "FOOD_CLUSTER_RADIUS": 4.729830906239114,
  "FOOD_CLUSTER_WEIGHT": 2.7935597027866805,
  "FOOD_DISTANCE_POWER": 1.5810902403387854,
  "FOOD_LOCK_TICKS": 3,
  "ROAM_CENTER_WEIGHT": 0.5477315050495696,
  "ROAM_MOMENTUM_WEIGHT": 0.3812855816420908
}