{
  "OVERRIDE_ORDER": [
    "escape",
    "split",
    "unstuck",
    "chase",
    "virus",
    "food"
  ],
  "NUM_DIRECTIONS": 12,
  "MAX_ENEMIES": 21,
  "SAFETY_OWN_PIECES": 2,
  "STEP_RADIUS_MULT": 1.6982952620205065,
  "SPLIT_REACH_RELIABILITY": 0.7024332167104221,
  "ESCAPE_DIRECT_RANGE_MULT": 5.463348412253924,
  "ESCAPE_SPLIT_REACH_BUFFER": 1.005413142028762,
  "ESCAPE_MOVE_WEIGHT": 99.09501969873942,
  "ESCAPE_WALL_WEIGHT": 460.3558606416419,
  "ESCAPE_VIRUS_SHIELD_WEIGHT": 377.7857074070737,
  "ESCAPE_HARD_MARGIN": 0.18801643662054057,
  "SPLIT_CAPTURE_WEIGHT": 8.765422503359279,
  "SPLIT_DEPTH_COST": 0.7467938592677358,
  "SPLIT_FRAGMENT_COST": 0.02891190072620982,
  "SPLIT_EXTERNAL_RISK_WEIGHT": 2.4868132392731033,
  "SPLIT_MIN_UTILITY": -0.04837453306895778,
  "SPLIT_LARGER_OWNER_RATIO": 0.9858803035712116,
  "SPLIT_PLAN_WAIT_TICKS": 1,
  "CHASE_ACQUIRE_RANGE_MULT": 7.585990594385918,
  "CHASE_DIRECT_RANGE_MULT": 3.879422505685062,
  "CHASE_MAX_INTERCEPT_TICKS": 17.515365340281214,
  "CHASE_LOCK_TICKS": 164,
  "CHASE_WALL_HORIZON": 39.831931928073665,
  "CHASE_BLOCK_OFFSET_MULT": 0.6762263677760164,
  "CHASE_DISTANCE_WEIGHT": 0.8723607271103698,
  "CHASE_ETA_WEIGHT": 3.230730992119342,
  "CHASE_LOCK_BONUS": 8.031570609883556,
  "CHASE_VELOCITY_NEW_WEIGHT": 0.728408131516286,
  "VIRUS_ENEMY_RANGE_MULT": 4.936130626474765,
  "VIRUS_MANUAL_SPLIT_TIME_BONUS": 1.6970452150975521,
  "VIRUS_MANUAL_SPLIT_RISK_COST": 1.0993463403914516,
  "VIRUS_MAX_FARM_MASS": 80.76362788210218,
  "FOOD_CLUSTER_RADIUS": 6.0105055914555905,
  "FOOD_CLUSTER_WEIGHT": 1.2023613554840635,
  "FOOD_DISTANCE_POWER": 1.0930678741919535,
  "FOOD_LOCK_TICKS": 29,
  "ROAM_CENTER_WEIGHT": 1.274080449001287,
  "ROAM_MOMENTUM_WEIGHT": 0.2970394687268898
}