{
  "OVERRIDE_ORDER": [
    "escape",
    "split",
    "unstuck",
    "chase",
    "virus",
    "food"
  ],
  "NUM_DIRECTIONS": 16,
  "MAX_ENEMIES": 18,
  "SAFETY_OWN_PIECES": 3,
  "STEP_RADIUS_MULT": 1.265049774067552,
  "SPLIT_REACH_RELIABILITY": 0.733487659250195,
  "ESCAPE_DIRECT_RANGE_MULT": 5.3838304340338,
  "ESCAPE_SPLIT_REACH_BUFFER": 1.1189649034262288,
  "ESCAPE_MOVE_WEIGHT": 143.38343623276873,
  "ESCAPE_WALL_WEIGHT": 110.26306508337645,
  "ESCAPE_VIRUS_SHIELD_WEIGHT": 758.1447917718999,
  "ESCAPE_HARD_MARGIN": 0.2515919175634371,
  "SPLIT_CAPTURE_WEIGHT": 9.64962027538585,
  "SPLIT_DEPTH_COST": 6.0086511971805665,
  "SPLIT_FRAGMENT_COST": 0.1548168269143336,
  "SPLIT_EXTERNAL_RISK_WEIGHT": 0.19661877509595163,
  "SPLIT_MIN_UTILITY": 7.52897353433051,
  "SPLIT_LARGER_OWNER_RATIO": 1.0237448161861422,
  "SPLIT_PLAN_WAIT_TICKS": 3,
  "CHASE_ACQUIRE_RANGE_MULT": 5.180094347951174,
  "CHASE_DIRECT_RANGE_MULT": 2.8988682077535524,
  "CHASE_MAX_INTERCEPT_TICKS": 16.74743149281451,
  "CHASE_LOCK_TICKS": 45,
  "CHASE_WALL_HORIZON": 31.043489913582334,
  "CHASE_BLOCK_OFFSET_MULT": 1.496243886732385,
  "CHASE_DISTANCE_WEIGHT": 0.1218707856362525,
  "CHASE_ETA_WEIGHT": 3.003919369869043,
  "CHASE_LOCK_BONUS": 11.558475585112845,
  "CHASE_VELOCITY_NEW_WEIGHT": 0.40418392136953096,
  "VIRUS_ENEMY_RANGE_MULT": 5.503568412853532,
  "VIRUS_MANUAL_SPLIT_TIME_BONUS": 0.9088296250039161,
  "VIRUS_MANUAL_SPLIT_RISK_COST": 1.2209494125672802,
  "VIRUS_MAX_FARM_MASS": 281.5144672846195,
  "FOOD_CLUSTER_RADIUS": 5.044019303177866,
  "FOOD_CLUSTER_WEIGHT": 0.8054947028955811,
  "FOOD_DISTANCE_POWER": 1.9208811631445197,
  "FOOD_LOCK_TICKS": 8,
  "ROAM_CENTER_WEIGHT": 0.27846370900629247,
  "ROAM_MOMENTUM_WEIGHT": 0.8786789839425742
}