{
  "OVERRIDE_ORDER": [
    "escape",
    "unstuck",
    "split",
    "chase",
    "virus",
    "food"
  ],
  "NUM_DIRECTIONS": 16,
  "MAX_ENEMIES": 24,
  "SAFETY_OWN_PIECES": 2,
  "STEP_RADIUS_MULT": 1.3305336400571521,
  "SPLIT_REACH_RELIABILITY": 0.6430662144244426,
  "ESCAPE_DIRECT_RANGE_MULT": 5.40974115944354,
  "ESCAPE_SPLIT_REACH_BUFFER": 1.0156211571827773,
  "ESCAPE_MOVE_WEIGHT": 120.60543315221351,
  "ESCAPE_WALL_WEIGHT": 150.58610517622242,
  "ESCAPE_VIRUS_SHIELD_WEIGHT": 355.26746632412863,
  "ESCAPE_HARD_MARGIN": 0.11367330235797848,
  "SPLIT_CAPTURE_WEIGHT": 9.807426083954862,
  "SPLIT_DEPTH_COST": 2.079836176565391,
  "SPLIT_FRAGMENT_COST": 0.1234417072406683,
  "SPLIT_EXTERNAL_RISK_WEIGHT": 0.2336705596342412,
  "SPLIT_MIN_UTILITY": 6.940628239620061,
  "SPLIT_LARGER_OWNER_RATIO": 0.9555363994476805,
  "SPLIT_PLAN_WAIT_TICKS": 8,
  "CHASE_ACQUIRE_RANGE_MULT": 7.119115737745407,
  "CHASE_DIRECT_RANGE_MULT": 4.078446318742952,
  "CHASE_MAX_INTERCEPT_TICKS": 17.259911240795756,
  "CHASE_LOCK_TICKS": 42,
  "CHASE_WALL_HORIZON": 23.205047429271758,
  "CHASE_BLOCK_OFFSET_MULT": 1.440502455931144,
  "CHASE_DISTANCE_WEIGHT": 0.1856192707653829,
  "CHASE_ETA_WEIGHT": 4.481542461081987,
  "CHASE_LOCK_BONUS": 27.25183153420531,
  "CHASE_VELOCITY_NEW_WEIGHT": 0.6161781497306126,
  "VIRUS_ENEMY_RANGE_MULT": 6.20175094594888,
  "VIRUS_MANUAL_SPLIT_TIME_BONUS": 0.9940741667491714,
  "VIRUS_MANUAL_SPLIT_RISK_COST": 1.833176893917478,
  "VIRUS_MAX_FARM_MASS": 81.10303259841166,
  "FOOD_CLUSTER_RADIUS": 4.219493914272407,
  "FOOD_CLUSTER_WEIGHT": 0.3708094743971967,
  "FOOD_DISTANCE_POWER": 1.707165876260594,
  "FOOD_LOCK_TICKS": 9,
  "ROAM_CENTER_WEIGHT": 0.5045075618229281,
  "ROAM_MOMENTUM_WEIGHT": 0.4772362219893972
}