{
  "OVERRIDE_ORDER": [
    "escape",
    "unstuck",
    "split",
    "chase",
    "virus",
    "food"
  ],
  "NUM_DIRECTIONS": 16,
  "MAX_ENEMIES": 24,
  "SAFETY_OWN_PIECES": 3,
  "STEP_RADIUS_MULT": 1.3137007024997862,
  "SPLIT_REACH_RELIABILITY": 0.6531542086067899,
  "ESCAPE_DIRECT_RANGE_MULT": 5.80457410789064,
  "ESCAPE_SPLIT_REACH_BUFFER": 0.9694381303019316,
  "ESCAPE_MOVE_WEIGHT": 186.98556767648577,
  "ESCAPE_WALL_WEIGHT": 119.43149904497368,
  "ESCAPE_VIRUS_SHIELD_WEIGHT": 953.254679628653,
  "ESCAPE_HARD_MARGIN": 0.13856733055556136,
  "SPLIT_CAPTURE_WEIGHT": 5.531919456902383,
  "SPLIT_DEPTH_COST": 2.5597064369010525,
  "SPLIT_FRAGMENT_COST": 0.3196397383716609,
  "SPLIT_EXTERNAL_RISK_WEIGHT": 0.4334437182424071,
  "SPLIT_MIN_UTILITY": -0.8848625107475678,
  "SPLIT_LARGER_OWNER_RATIO": 1.1303951079145484,
  "SPLIT_PLAN_WAIT_TICKS": 3,
  "CHASE_ACQUIRE_RANGE_MULT": 7.3578316299286355,
  "CHASE_DIRECT_RANGE_MULT": 4.032926576014242,
  "CHASE_MAX_INTERCEPT_TICKS": 14.124450611440892,
  "CHASE_LOCK_TICKS": 128,
  "CHASE_WALL_HORIZON": 14.207705466774245,
  "CHASE_BLOCK_OFFSET_MULT": 0.5217996628892553,
  "CHASE_DISTANCE_WEIGHT": 0.5061625411822992,
  "CHASE_ETA_WEIGHT": 0.8916315137449317,
  "CHASE_LOCK_BONUS": 5.4989536484196995,
  "CHASE_VELOCITY_NEW_WEIGHT": 0.4790819585952786,
  "VIRUS_ENEMY_RANGE_MULT": 5.53131264377967,
  "VIRUS_MANUAL_SPLIT_TIME_BONUS": 0.6032833948790993,
  "VIRUS_MANUAL_SPLIT_RISK_COST": 7.386963477638305,
  "VIRUS_MAX_FARM_MASS": 121.90658409346219,
  "FOOD_CLUSTER_RADIUS": 5.534221758618273,
  "FOOD_CLUSTER_WEIGHT": 1.1901453392445542,
  "FOOD_DISTANCE_POWER": 1.3367857041523117,
  "FOOD_LOCK_TICKS": 10,
  "ROAM_CENTER_WEIGHT": 1.2431629245206324,
  "ROAM_MOMENTUM_WEIGHT": 1.1505240247828217
}