{
  "OVERRIDE_ORDER": [
    "escape",
    "unstuck",
    "split",
    "chase",
    "virus",
    "food"
  ],
  "NUM_DIRECTIONS": 16,
  "MAX_ENEMIES": 24,
  "SAFETY_OWN_PIECES": 2,
  "STEP_RADIUS_MULT": 1.376554850122664,
  "SPLIT_REACH_RELIABILITY": 0.6944912695778431,
  "ESCAPE_DIRECT_RANGE_MULT": 6.0724725288437735,
  "ESCAPE_SPLIT_REACH_BUFFER": 1.1032152508051212,
  "ESCAPE_MOVE_WEIGHT": 105.27854327507221,
  "ESCAPE_WALL_WEIGHT": 178.32482485168646,
  "ESCAPE_VIRUS_SHIELD_WEIGHT": 509.7776973324145,
  "ESCAPE_HARD_MARGIN": 0.14058775952325825,
  "SPLIT_CAPTURE_WEIGHT": 12.774157674550068,
  "SPLIT_DEPTH_COST": 2.5655620414572478,
  "SPLIT_FRAGMENT_COST": 0.4453616526749441,
  "SPLIT_EXTERNAL_RISK_WEIGHT": 1.1488029726011213,
  "SPLIT_MIN_UTILITY": 1.6817121492671943,
  "SPLIT_LARGER_OWNER_RATIO": 1.0268445730367437,
  "SPLIT_PLAN_WAIT_TICKS": 3,
  "CHASE_ACQUIRE_RANGE_MULT": 5.918138722971903,
  "CHASE_DIRECT_RANGE_MULT": 4.132996435000163,
  "CHASE_MAX_INTERCEPT_TICKS": 15.527677102590399,
  "CHASE_LOCK_TICKS": 52,
  "CHASE_WALL_HORIZON": 20.192752413803213,
  "CHASE_BLOCK_OFFSET_MULT": 1.0539082035603538,
  "CHASE_DISTANCE_WEIGHT": 0.2038083918605153,
  "CHASE_ETA_WEIGHT": 5.077460690946225,
  "CHASE_LOCK_BONUS": 19.142502690544053,
  "CHASE_VELOCITY_NEW_WEIGHT": 0.4529549002428799,
  "VIRUS_ENEMY_RANGE_MULT": 4.909422261860032,
  "VIRUS_MANUAL_SPLIT_TIME_BONUS": 2.3819080165261597,
  "VIRUS_MANUAL_SPLIT_RISK_COST": 0.7410688552197581,
  "VIRUS_MAX_FARM_MASS": 96.32788549294844,
  "FOOD_CLUSTER_RADIUS": 4.625359068993566,
  "FOOD_CLUSTER_WEIGHT": 1.2442072970812115,
  "FOOD_DISTANCE_POWER": 1.5183039828950733,
  "FOOD_LOCK_TICKS": 10,
  "ROAM_CENTER_WEIGHT": 0.9045940287237766,
  "ROAM_MOMENTUM_WEIGHT": 0.6940918890633591
}