{
  "OVERRIDE_ORDER": [
    "escape",
    "split",
    "unstuck",
    "chase",
    "virus",
    "food"
  ],
  "NUM_DIRECTIONS": 16,
  "MAX_ENEMIES": 24,
  "SAFETY_OWN_PIECES": 2,
  "STEP_RADIUS_MULT": 1.4773006575615824,
  "SPLIT_REACH_RELIABILITY": 0.7061884824636566,
  "ESCAPE_DIRECT_RANGE_MULT": 4.310847124726121,
  "ESCAPE_SPLIT_REACH_BUFFER": 1.0117994777407175,
  "ESCAPE_MOVE_WEIGHT": 141.7817807802368,
  "ESCAPE_WALL_WEIGHT": 231.90582822913993,
  "ESCAPE_VIRUS_SHIELD_WEIGHT": 977.5442339497068,
  "ESCAPE_HARD_MARGIN": 0.05136751918397061,
  "SPLIT_CAPTURE_WEIGHT": 13.990621400477911,
  "SPLIT_DEPTH_COST": 0.9988372593875874,
  "SPLIT_FRAGMENT_COST": 0.519773596138973,
  "SPLIT_EXTERNAL_RISK_WEIGHT": 0.5884436869536094,
  "SPLIT_MIN_UTILITY": 3.8903453142327664,
  "SPLIT_LARGER_OWNER_RATIO": 1.0004497126867473,
  "SPLIT_PLAN_WAIT_TICKS": 8,
  "CHASE_ACQUIRE_RANGE_MULT": 9.086181424601776,
  "CHASE_DIRECT_RANGE_MULT": 4.984504952868885,
  "CHASE_MAX_INTERCEPT_TICKS": 8.645476104292758,
  "CHASE_LOCK_TICKS": 65,
  "CHASE_WALL_HORIZON": 24.152310932019425,
  "CHASE_BLOCK_OFFSET_MULT": 1.3967448296987774,
  "CHASE_DISTANCE_WEIGHT": 0.25045267660845755,
  "CHASE_ETA_WEIGHT": 2.324248577724685,
  "CHASE_LOCK_BONUS": 35.09776140906073,
  "CHASE_VELOCITY_NEW_WEIGHT": 0.7711048280206438,
  "VIRUS_ENEMY_RANGE_MULT": 7.676887143063089,
  "VIRUS_MANUAL_SPLIT_TIME_BONUS": 2.22495412858282,
  "VIRUS_MANUAL_SPLIT_RISK_COST": 0.3404169073777387,
  "VIRUS_MAX_FARM_MASS": 53.566297155644484,
  "FOOD_CLUSTER_RADIUS": 3.5292462609206425,
  "FOOD_CLUSTER_WEIGHT": 1.8794917520320216,
  "FOOD_DISTANCE_POWER": 1.8737236130048307,
  "FOOD_LOCK_TICKS": 13,
  "ROAM_CENTER_WEIGHT": 1.2187798368137706,
  "ROAM_MOMENTUM_WEIGHT": 0.10755674076558396
}