{
  "OVERRIDE_ORDER": [
    "escape",
    "unstuck",
    "split",
    "chase",
    "virus",
    "food"
  ],
  "NUM_DIRECTIONS": 12,
  "MAX_ENEMIES": 24,
  "SAFETY_OWN_PIECES": 2,
  "STEP_RADIUS_MULT": 1.3538476247653064,
  "SPLIT_REACH_RELIABILITY": 0.6535565008144707,
  "ESCAPE_DIRECT_RANGE_MULT": 4.36566550156119,
  "ESCAPE_SPLIT_REACH_BUFFER": 1.000481930437101,
  "ESCAPE_MOVE_WEIGHT": 189.1448371906355,
  "ESCAPE_WALL_WEIGHT": 106.9253357014857,
  "ESCAPE_VIRUS_SHIELD_WEIGHT": 440.9638729348576,
  "ESCAPE_HARD_MARGIN": 0.19656944709639868,
  "SPLIT_CAPTURE_WEIGHT": 5.169961894910987,
  "SPLIT_DEPTH_COST": 2.934366432585603,
  "SPLIT_FRAGMENT_COST": 0.5339328526395419,
  "SPLIT_EXTERNAL_RISK_WEIGHT": 0.639459154515435,
  "SPLIT_MIN_UTILITY": 7.620141375545459,
  "SPLIT_LARGER_OWNER_RATIO": 0.9645226910531374,
  "SPLIT_PLAN_WAIT_TICKS": 2,
  "CHASE_ACQUIRE_RANGE_MULT": 4.214790346966511,
  "CHASE_DIRECT_RANGE_MULT": 4.888261453378863,
  "CHASE_MAX_INTERCEPT_TICKS": 14.679935365284033,
  "CHASE_LOCK_TICKS": 116,
  "CHASE_WALL_HORIZON": 22.170396785851466,
  "CHASE_BLOCK_OFFSET_MULT": 1.1687457536721972,
  "CHASE_DISTANCE_WEIGHT": 0.539273714823263,
  "CHASE_ETA_WEIGHT": 0.7830017449066887,
  "CHASE_LOCK_BONUS": 17.29406767648911,
  "CHASE_VELOCITY_NEW_WEIGHT": 0.2940261727886987,
  "VIRUS_ENEMY_RANGE_MULT": 3.0458492767375813,
  "VIRUS_MANUAL_SPLIT_TIME_BONUS": 0.7404999476056447,
  "VIRUS_MANUAL_SPLIT_RISK_COST": 4.200265244972683,
  "VIRUS_MAX_FARM_MASS": 109.72390985644054,
  "FOOD_CLUSTER_RADIUS": 6.536472019716729,
  "FOOD_CLUSTER_WEIGHT": 0.5656271118205684,
  "FOOD_DISTANCE_POWER": 1.8706125806112188,
  "FOOD_LOCK_TICKS": 8,
  "ROAM_CENTER_WEIGHT": 0.44798535035416803,
  "ROAM_MOMENTUM_WEIGHT": 0.28644729914529066
}