{
  "OVERRIDE_ORDER": [
    "escape",
    "unstuck",
    "split",
    "chase",
    "virus",
    "food"
  ],
  "NUM_DIRECTIONS": 16,
  "MAX_ENEMIES": 18,
  "SAFETY_OWN_PIECES": 2,
  "STEP_RADIUS_MULT": 1.4380998116098114,
  "SPLIT_REACH_RELIABILITY": 0.8387370688487784,
  "ESCAPE_DIRECT_RANGE_MULT": 6.444519838028756,
  "ESCAPE_SPLIT_REACH_BUFFER": 1.122403294544002,
  "ESCAPE_MOVE_WEIGHT": 111.99389430682399,
  "ESCAPE_WALL_WEIGHT": 136.66491194099018,
  "ESCAPE_VIRUS_SHIELD_WEIGHT": 1274.9170500395153,
  "ESCAPE_HARD_MARGIN": 0.1547729324409116,
  "SPLIT_CAPTURE_WEIGHT": 8.496273982064883,
  "SPLIT_DEPTH_COST": 2.223050066470346,
  "SPLIT_FRAGMENT_COST": 0.4661551658114524,
  "SPLIT_EXTERNAL_RISK_WEIGHT": 2.5100118221118013,
  "SPLIT_MIN_UTILITY": 8.448286745746103,
  "SPLIT_LARGER_OWNER_RATIO": 1.0306270824894261,
  "SPLIT_PLAN_WAIT_TICKS": 7,
  "CHASE_ACQUIRE_RANGE_MULT": 8.24650505714896,
  "CHASE_DIRECT_RANGE_MULT": 4.889940781232819,
  "CHASE_MAX_INTERCEPT_TICKS": 6.314281905188308,
  "CHASE_LOCK_TICKS": 155,
  "CHASE_WALL_HORIZON": 28.596607495965337,
  "CHASE_BLOCK_OFFSET_MULT": 1.2196135006711455,
  "CHASE_DISTANCE_WEIGHT": 0.6296803759400048,
  "CHASE_ETA_WEIGHT": 2.9532386912482194,
  "CHASE_LOCK_BONUS": 31.711233769015163,
  "CHASE_VELOCITY_NEW_WEIGHT": 0.8202173229210984,
  "VIRUS_ENEMY_RANGE_MULT": 7.977482669393484,
  "VIRUS_MANUAL_SPLIT_TIME_BONUS": 1.0642658815892414,
  "VIRUS_MANUAL_SPLIT_RISK_COST": 3.1623725219635306,
  "VIRUS_MAX_FARM_MASS": 118.58091750323047,
  "FOOD_CLUSTER_RADIUS": 5.331258090669932,
  "FOOD_CLUSTER_WEIGHT": 1.992286944712663,
  "FOOD_DISTANCE_POWER": 1.9643335458009585,
  "FOOD_LOCK_TICKS": 9,
  "ROAM_CENTER_WEIGHT": 0.8800362418669312,
  "ROAM_MOMENTUM_WEIGHT": 0.5322693970408707
}