{
  "OVERRIDE_ORDER": [
    "split",
    "escape",
    "unstuck",
    "chase",
    "virus",
    "food"
  ],
  "NUM_DIRECTIONS": 16,
  "MAX_ENEMIES": 21,
  "SAFETY_OWN_PIECES": 2,
  "STEP_RADIUS_MULT": 1.540402878042303,
  "SPLIT_REACH_RELIABILITY": 0.8797735455922345,
  "ESCAPE_DIRECT_RANGE_MULT": 5.540707179167032,
  "ESCAPE_SPLIT_REACH_BUFFER": 1.018282841224632,
  "ESCAPE_MOVE_WEIGHT": 126.72028664546842,
  "ESCAPE_WALL_WEIGHT": 315.82172675855804,
  "ESCAPE_VIRUS_SHIELD_WEIGHT": 723.4280910300258,
  "ESCAPE_HARD_MARGIN": 0.1477551150569823,
  "SPLIT_CAPTURE_WEIGHT": 3.3408924689628945,
  "SPLIT_DEPTH_COST": 3.1093951516405354,
  "SPLIT_FRAGMENT_COST": 0.12244992507742741,
  "SPLIT_EXTERNAL_RISK_WEIGHT": 2.3617559877141945,
  "SPLIT_MIN_UTILITY": 7.1080357427360035,
  "SPLIT_LARGER_OWNER_RATIO": 1.13186131125693,
  "SPLIT_PLAN_WAIT_TICKS": 6,
  "CHASE_ACQUIRE_RANGE_MULT": 5.513059876018684,
  "CHASE_DIRECT_RANGE_MULT": 2.5496500146372925,
  "CHASE_MAX_INTERCEPT_TICKS": 6.774969516138027,
  "CHASE_LOCK_TICKS": 157,
  "CHASE_WALL_HORIZON": 15.296806359117369,
  "CHASE_BLOCK_OFFSET_MULT": 0.7314244869888886,
  "CHASE_DISTANCE_WEIGHT": 0.11185818061226482,
  "CHASE_ETA_WEIGHT": 1.2260433653804914,
  "CHASE_LOCK_BONUS": 8.512226382993353,
  "CHASE_VELOCITY_NEW_WEIGHT": 0.3347563052876594,
  "VIRUS_ENEMY_RANGE_MULT": 2.5085115170622743,
  "VIRUS_MANUAL_SPLIT_TIME_BONUS": 1.5625406159066455,
  "VIRUS_MANUAL_SPLIT_RISK_COST": 0.5191549210112192,
  "VIRUS_MAX_FARM_MASS": 141.19133380264827,
  "FOOD_CLUSTER_RADIUS": 4.24819737214424,
  "FOOD_CLUSTER_WEIGHT": 1.188125793609956,
  "FOOD_DISTANCE_POWER": 1.3068068678520715,
  "FOOD_LOCK_TICKS": 11,
  "ROAM_CENTER_WEIGHT": 0.622689796749394,
  "ROAM_MOMENTUM_WEIGHT": 0.23768120562342085
}