{
  "OVERRIDE_ORDER": [
    "escape",
    "unstuck",
    "split",
    "chase",
    "virus",
    "food"
  ],
  "NUM_DIRECTIONS": 16,
  "MAX_ENEMIES": 24,
  "SAFETY_OWN_PIECES": 2,
  "STEP_RADIUS_MULT": 1.27060202854256,
  "SPLIT_REACH_RELIABILITY": 0.7382539139255586,
  "ESCAPE_DIRECT_RANGE_MULT": 7.356369462784019,
  "ESCAPE_SPLIT_REACH_BUFFER": 1.0660203740922984,
  "ESCAPE_MOVE_WEIGHT": 152.1072722706611,
  "ESCAPE_WALL_WEIGHT": 154.94887491556509,
  "ESCAPE_VIRUS_SHIELD_WEIGHT": 805.4398244431882,
  "ESCAPE_HARD_MARGIN": 0.018308683409237053,
  "SPLIT_CAPTURE_WEIGHT": 8.273146664989897,
  "SPLIT_DEPTH_COST": 5.51131680644276,
  "SPLIT_FRAGMENT_COST": 0.452911339379246,
  "SPLIT_EXTERNAL_RISK_WEIGHT": 0.21163868640261915,
  "SPLIT_MIN_UTILITY": 5.227685580970407,
  "SPLIT_LARGER_OWNER_RATIO": 1.066833741239381,
  "SPLIT_PLAN_WAIT_TICKS": 2,
  "CHASE_ACQUIRE_RANGE_MULT": 6.144941928551986,
  "CHASE_DIRECT_RANGE_MULT": 4.140013277283022,
  "CHASE_MAX_INTERCEPT_TICKS": 15.26238735608929,
  "CHASE_LOCK_TICKS": 89,
  "CHASE_WALL_HORIZON": 29.312644073012788,
  "CHASE_BLOCK_OFFSET_MULT": 1.4082149796077608,
  "CHASE_DISTANCE_WEIGHT": 0.5160568130490719,
  "CHASE_ETA_WEIGHT": 0.34829060665533557,
  "CHASE_LOCK_BONUS": 36.6076567948795,
  "CHASE_VELOCITY_NEW_WEIGHT": 0.331063697314422,
  "VIRUS_ENEMY_RANGE_MULT": 5.645310527566141,
  "VIRUS_MANUAL_SPLIT_TIME_BONUS": 1.5153019684812203,
  "VIRUS_MANUAL_SPLIT_RISK_COST": 1.2860163712699835,
  "VIRUS_MAX_FARM_MASS": 152.57180483197556,
  "FOOD_CLUSTER_RADIUS": 6.486184011124104,
  "FOOD_CLUSTER_WEIGHT": 1.0943969972370269,
  "FOOD_DISTANCE_POWER": 2.1115573657529656,
  "FOOD_LOCK_TICKS": 4,
  "ROAM_CENTER_WEIGHT": 2.384746214845956,
  "ROAM_MOMENTUM_WEIGHT": 0.20154054332409707
}