{
  "OVERRIDE_ORDER": [
    "escape",
    "unstuck",
    "split",
    "chase",
    "virus",
    "food"
  ],
  "NUM_DIRECTIONS": 16,
  "MAX_ENEMIES": 21,
  "SAFETY_OWN_PIECES": 2,
  "STEP_RADIUS_MULT": 1.4984143502169311,
  "SPLIT_REACH_RELIABILITY": 0.750963111426656,
  "ESCAPE_DIRECT_RANGE_MULT": 6.320839770955844,
  "ESCAPE_SPLIT_REACH_BUFFER": 1.1212477631927587,
  "ESCAPE_MOVE_WEIGHT": 96.25658216117284,
  "ESCAPE_WALL_WEIGHT": 120.64364401192394,
  "ESCAPE_VIRUS_SHIELD_WEIGHT": 1275.3717672193159,
  "ESCAPE_HARD_MARGIN": 0.06529694798618438,
  "SPLIT_CAPTURE_WEIGHT": 13.576538451551821,
  "SPLIT_DEPTH_COST": 4.288356850656313,
  "SPLIT_FRAGMENT_COST": 0.6298160149568545,
  "SPLIT_EXTERNAL_RISK_WEIGHT": 1.2172762438017637,
  "SPLIT_MIN_UTILITY": 9.686540762770342,
  "SPLIT_LARGER_OWNER_RATIO": 1.0191856328377105,
  "SPLIT_PLAN_WAIT_TICKS": 5,
  "CHASE_ACQUIRE_RANGE_MULT": 9.834238390917232,
  "CHASE_DIRECT_RANGE_MULT": 4.8507987159960475,
  "CHASE_MAX_INTERCEPT_TICKS": 9.808992002355025,
  "CHASE_LOCK_TICKS": 118,
  "CHASE_WALL_HORIZON": 19.094927235502944,
  "CHASE_BLOCK_OFFSET_MULT": 1.3629973923451557,
  "CHASE_DISTANCE_WEIGHT": 0.7779868029317816,
  "CHASE_ETA_WEIGHT": 2.0734178199729345,
  "CHASE_LOCK_BONUS": 35.53589478947971,
  "CHASE_VELOCITY_NEW_WEIGHT": 0.6108814039464899,
  "VIRUS_ENEMY_RANGE_MULT": 8.863748321887861,
  "VIRUS_MANUAL_SPLIT_TIME_BONUS": 0.8680400358662045,
  "VIRUS_MANUAL_SPLIT_RISK_COST": 2.404961811274118,
  "VIRUS_MAX_FARM_MASS": 102.54299120152344,
  "FOOD_CLUSTER_RADIUS": 3.2481109145728038,
  "FOOD_CLUSTER_WEIGHT": 1.7876785084142033,
  "FOOD_DISTANCE_POWER": 2.1019363292868865,
  "FOOD_LOCK_TICKS": 18,
  "ROAM_CENTER_WEIGHT": 1.2642066384389163,
  "ROAM_MOMENTUM_WEIGHT": 0.15017353781450413
}