{
  "OVERRIDE_ORDER": [
    "escape",
    "unstuck",
    "split",
    "chase",
    "virus",
    "food"
  ],
  "NUM_DIRECTIONS": 16,
  "MAX_ENEMIES": 18,
  "SAFETY_OWN_PIECES": 2,
  "STEP_RADIUS_MULT": 1.4499960294056684,
  "SPLIT_REACH_RELIABILITY": 0.7348738688553886,
  "ESCAPE_DIRECT_RANGE_MULT": 5.284954532244999,
  "ESCAPE_SPLIT_REACH_BUFFER": 1.0843438830510035,
  "ESCAPE_MOVE_WEIGHT": 117.25918112742238,
  "ESCAPE_WALL_WEIGHT": 136.78619671437352,
  "ESCAPE_VIRUS_SHIELD_WEIGHT": 1074.641540451162,
  "ESCAPE_HARD_MARGIN": 0.18269120872238925,
  "SPLIT_CAPTURE_WEIGHT": 11.952762116915332,
  "SPLIT_DEPTH_COST": 2.1773712445964564,
  "SPLIT_FRAGMENT_COST": 0.20815053256744498,
  "SPLIT_EXTERNAL_RISK_WEIGHT": 3.1102973733483497,
  "SPLIT_MIN_UTILITY": 8.353683028746097,
  "SPLIT_LARGER_OWNER_RATIO": 1.161933710938725,
  "SPLIT_PLAN_WAIT_TICKS": 5,
  "CHASE_ACQUIRE_RANGE_MULT": 9.847570118410673,
  "CHASE_DIRECT_RANGE_MULT": 3.4598508357707827,
  "CHASE_MAX_INTERCEPT_TICKS": 10.861932326681481,
  "CHASE_LOCK_TICKS": 122,
  "CHASE_WALL_HORIZON": 28.041545199080407,
  "CHASE_BLOCK_OFFSET_MULT": 1.3824035651360924,
  "CHASE_DISTANCE_WEIGHT": 0.9554764741912201,
  "CHASE_ETA_WEIGHT": 4.914846052990739,
  "CHASE_LOCK_BONUS": 20.61763011008067,
  "CHASE_VELOCITY_NEW_WEIGHT": 0.588769291483965,
  "VIRUS_ENEMY_RANGE_MULT": 7.8667449852403015,
  "VIRUS_MANUAL_SPLIT_TIME_BONUS": 3.181532424440022,
  "VIRUS_MANUAL_SPLIT_RISK_COST": 0.6131864267716103,
  "VIRUS_MAX_FARM_MASS": 66.11572994134086,
  "FOOD_CLUSTER_RADIUS": 3.7788336193653063,
  "FOOD_CLUSTER_WEIGHT": 1.70944063766888,
  "FOOD_DISTANCE_POWER": 1.586243295356359,
  "FOOD_LOCK_TICKS": 6,
  "ROAM_CENTER_WEIGHT": 1.730089509650254,
  "ROAM_MOMENTUM_WEIGHT": 0.4721987683608933
}