{
  "OVERRIDE_ORDER": [
    "escape",
    "unstuck",
    "split",
    "chase",
    "virus",
    "food"
  ],
  "NUM_DIRECTIONS": 16,
  "MAX_ENEMIES": 24,
  "SAFETY_OWN_PIECES": 2,
  "STEP_RADIUS_MULT": 1.5441379074789703,
  "SPLIT_REACH_RELIABILITY": 0.7310222748260158,
  "ESCAPE_DIRECT_RANGE_MULT": 6.183806856011483,
  "ESCAPE_SPLIT_REACH_BUFFER": 1.0805514886439442,
  "ESCAPE_MOVE_WEIGHT": 216.40124243477558,
  "ESCAPE_WALL_WEIGHT": 374.79593101770746,
  "ESCAPE_VIRUS_SHIELD_WEIGHT": 586.6967393584422,
  "ESCAPE_HARD_MARGIN": 0.24283263998985458,
  "SPLIT_CAPTURE_WEIGHT": 3.061264726897877,
  "SPLIT_DEPTH_COST": 5.660447565259829,
  "SPLIT_FRAGMENT_COST": 0.42996224310332276,
  "SPLIT_EXTERNAL_RISK_WEIGHT": 1.106952863821418,
  "SPLIT_MIN_UTILITY": 5.49889572465209,
  "SPLIT_LARGER_OWNER_RATIO": 1.0769780810385217,
  "SPLIT_PLAN_WAIT_TICKS": 4,
  "CHASE_ACQUIRE_RANGE_MULT": 6.62512153829958,
  "CHASE_DIRECT_RANGE_MULT": 3.2683208436190925,
  "CHASE_MAX_INTERCEPT_TICKS": 8.787161375716305,
  "CHASE_LOCK_TICKS": 223,
  "CHASE_WALL_HORIZON": 28.04589165523161,
  "CHASE_BLOCK_OFFSET_MULT": 0.6038954370264399,
  "CHASE_DISTANCE_WEIGHT": 0.08630519685116173,
  "CHASE_ETA_WEIGHT": 0.33612984425901865,
  "CHASE_LOCK_BONUS": 20.740314593283927,
  "CHASE_VELOCITY_NEW_WEIGHT": 0.4370055981819955,
  "VIRUS_ENEMY_RANGE_MULT": 5.090739793378799,
  "VIRUS_MANUAL_SPLIT_TIME_BONUS": 0.7900424499918811,
  "VIRUS_MANUAL_SPLIT_RISK_COST": 0.5486266685803259,
  "VIRUS_MAX_FARM_MASS": 263.6436890880116,
  "FOOD_CLUSTER_RADIUS": 3.4623662877023382,
  "FOOD_CLUSTER_WEIGHT": 2.060482433867049,
  "FOOD_DISTANCE_POWER": 1.2206670695599875,
  "FOOD_LOCK_TICKS": 18,
  "ROAM_CENTER_WEIGHT": 1.2265568300776928,
  "ROAM_MOMENTUM_WEIGHT": 0.7833811293148918
}