{
  "OVERRIDE_ORDER": [
    "escape",
    "unstuck",
    "split",
    "chase",
    "virus",
    "food"
  ],
  "NUM_DIRECTIONS": 16,
  "MAX_ENEMIES": 24,
  "SAFETY_OWN_PIECES": 2,
  "STEP_RADIUS_MULT": 1.4107101170700571,
  "SPLIT_REACH_RELIABILITY": 0.6516652171181759,
  "ESCAPE_DIRECT_RANGE_MULT": 5.629283880913063,
  "ESCAPE_SPLIT_REACH_BUFFER": 1.1372068387788672,
  "ESCAPE_MOVE_WEIGHT": 162.745544543022,
  "ESCAPE_WALL_WEIGHT": 236.03626647685994,
  "ESCAPE_VIRUS_SHIELD_WEIGHT": 1326.837487294195,
  "ESCAPE_HARD_MARGIN": 0.23509723757957882,
  "SPLIT_CAPTURE_WEIGHT": 13.626944045426276,
  "SPLIT_DEPTH_COST": 3.4053277492337566,
  "SPLIT_FRAGMENT_COST": 0.4190099223741676,
  "SPLIT_EXTERNAL_RISK_WEIGHT": 1.2778148478776943,
  "SPLIT_MIN_UTILITY": 6.828722633392891,
  "SPLIT_LARGER_OWNER_RATIO": 0.9781360449536558,
  "SPLIT_PLAN_WAIT_TICKS": 7,
  "CHASE_ACQUIRE_RANGE_MULT": 9.897084965226645,
  "CHASE_DIRECT_RANGE_MULT": 4.464471694125533,
  "CHASE_MAX_INTERCEPT_TICKS": 11.106603864928951,
  "CHASE_LOCK_TICKS": 104,
  "CHASE_WALL_HORIZON": 32.26539925459745,
  "CHASE_BLOCK_OFFSET_MULT": 1.3463265766364747,
  "CHASE_DISTANCE_WEIGHT": 0.8407159204005514,
  "CHASE_ETA_WEIGHT": 2.142040058936145,
  "CHASE_LOCK_BONUS": 16.446123962401657,
  "CHASE_VELOCITY_NEW_WEIGHT": 0.5550984046669211,
  "VIRUS_ENEMY_RANGE_MULT": 5.103981134987361,
  "VIRUS_MANUAL_SPLIT_TIME_BONUS": 0.5950364648152712,
  "VIRUS_MANUAL_SPLIT_RISK_COST": 0.5113568343000646,
  "VIRUS_MAX_FARM_MASS": 76.93705980478484,
  "FOOD_CLUSTER_RADIUS": 2.859011636215862,
  "FOOD_CLUSTER_WEIGHT": 1.8158937359282556,
  "FOOD_DISTANCE_POWER": 1.6832396312803588,
  "FOOD_LOCK_TICKS": 3,
  "ROAM_CENTER_WEIGHT": 0.3151616437812767,
  "ROAM_MOMENTUM_WEIGHT": 0.19751033171364146
}