{
  "OVERRIDE_ORDER": [
    "split",
    "escape",
    "unstuck",
    "chase",
    "virus",
    "food"
  ],
  "NUM_DIRECTIONS": 12,
  "MAX_ENEMIES": 24,
  "SAFETY_OWN_PIECES": 2,
  "STEP_RADIUS_MULT": 1.6799620156073192,
  "SPLIT_REACH_RELIABILITY": 0.835794217439465,
  "ESCAPE_DIRECT_RANGE_MULT": 4.927370235572566,
  "ESCAPE_SPLIT_REACH_BUFFER": 1.0732423719007333,
  "ESCAPE_MOVE_WEIGHT": 80.28460262081103,
  "ESCAPE_WALL_WEIGHT": 558.7094095168189,
  "ESCAPE_VIRUS_SHIELD_WEIGHT": 252.1621918813267,
  "ESCAPE_HARD_MARGIN": 0.22076346604661837,
  "SPLIT_CAPTURE_WEIGHT": 9.002093640987704,
  "SPLIT_DEPTH_COST": 0.7647702605953913,
  "SPLIT_FRAGMENT_COST": 0.04701918571735163,
  "SPLIT_EXTERNAL_RISK_WEIGHT": 1.5150931225986919,
  "SPLIT_MIN_UTILITY": 2.6633911709954674,
  "SPLIT_LARGER_OWNER_RATIO": 1.057822018868857,
  "SPLIT_PLAN_WAIT_TICKS": 8,
  "CHASE_ACQUIRE_RANGE_MULT": 11.248875481799255,
  "CHASE_DIRECT_RANGE_MULT": 3.291261623676238,
  "CHASE_MAX_INTERCEPT_TICKS": 5.544906274293516,
  "CHASE_LOCK_TICKS": 116,
  "CHASE_WALL_HORIZON": 28.70369537223532,
  "CHASE_BLOCK_OFFSET_MULT": 1.1070411997048146,
  "CHASE_DISTANCE_WEIGHT": 0.532446625373434,
  "CHASE_ETA_WEIGHT": 1.4420236258930528,
  "CHASE_LOCK_BONUS": 33.943610661793215,
  "CHASE_VELOCITY_NEW_WEIGHT": 0.2749902421475168,
  "VIRUS_ENEMY_RANGE_MULT": 6.307396586875889,
  "VIRUS_MANUAL_SPLIT_TIME_BONUS": 3.021751541156912,
  "VIRUS_MANUAL_SPLIT_RISK_COST": 0.5399706324756838,
  "VIRUS_MAX_FARM_MASS": 72.1487204833514,
  "FOOD_CLUSTER_RADIUS": 5.913845471358776,
  "FOOD_CLUSTER_WEIGHT": 0.3457084695473828,
  "FOOD_DISTANCE_POWER": 0.9776872463591139,
  "FOOD_LOCK_TICKS": 5,
  "ROAM_CENTER_WEIGHT": 1.3801349010222668,
  "ROAM_MOMENTUM_WEIGHT": 0.10125914891890836
}