{
  "OVERRIDE_ORDER": [
    "escape",
    "unstuck",
    "split",
    "chase",
    "virus",
    "food"
  ],
  "NUM_DIRECTIONS": 16,
  "MAX_ENEMIES": 24,
  "SAFETY_OWN_PIECES": 2,
  "STEP_RADIUS_MULT": 1.5528735327857535,
  "SPLIT_REACH_RELIABILITY": 0.7280071533287076,
  "ESCAPE_DIRECT_RANGE_MULT": 6.249736221616477,
  "ESCAPE_SPLIT_REACH_BUFFER": 1.1517513332725628,
  "ESCAPE_MOVE_WEIGHT": 131.8313716664458,
  "ESCAPE_WALL_WEIGHT": 272.1119299310463,
  "ESCAPE_VIRUS_SHIELD_WEIGHT": 723.1594112075355,
  "ESCAPE_HARD_MARGIN": 0.19094518601866375,
  "SPLIT_CAPTURE_WEIGHT": 6.730627908616023,
  "SPLIT_DEPTH_COST": 6.231114181116365,
  "SPLIT_FRAGMENT_COST": 0.5744064899587094,
  "SPLIT_EXTERNAL_RISK_WEIGHT": 3.1877960893644106,
  "SPLIT_MIN_UTILITY": 6.491959214108526,
  "SPLIT_LARGER_OWNER_RATIO": 1.098010713900316,
  "SPLIT_PLAN_WAIT_TICKS": 4,
  "CHASE_ACQUIRE_RANGE_MULT": 5.909423288428506,
  "CHASE_DIRECT_RANGE_MULT": 3.7972419439841865,
  "CHASE_MAX_INTERCEPT_TICKS": 17.99508497155183,
  "CHASE_LOCK_TICKS": 44,
  "CHASE_WALL_HORIZON": 23.161904895085716,
  "CHASE_BLOCK_OFFSET_MULT": 1.3700565249765302,
  "CHASE_DISTANCE_WEIGHT": 0.5173772742221758,
  "CHASE_ETA_WEIGHT": 0.680628015290126,
  "CHASE_LOCK_BONUS": 26.941416672733382,
  "CHASE_VELOCITY_NEW_WEIGHT": 0.4856059984344909,
  "VIRUS_ENEMY_RANGE_MULT": 6.169634145229079,
  "VIRUS_MANUAL_SPLIT_TIME_BONUS": 2.067881747802933,
  "VIRUS_MANUAL_SPLIT_RISK_COST": 3.342639133768173,
  "VIRUS_MAX_FARM_MASS": 244.6856955946181,
  "FOOD_CLUSTER_RADIUS": 5.730403727078713,
  "FOOD_CLUSTER_WEIGHT": 2.1464636537121504,
  "FOOD_DISTANCE_POWER": 2.249557062371599,
  "FOOD_LOCK_TICKS": 3,
  "ROAM_CENTER_WEIGHT": 0.17135648241327414,
  "ROAM_MOMENTUM_WEIGHT": 0.4823656971544791
}