{
  "OVERRIDE_ORDER": [
    "escape",
    "unstuck",
    "split",
    "virus",
    "chase",
    "food"
  ],
  "NUM_DIRECTIONS": 12,
  "MAX_ENEMIES": 18,
  "SAFETY_OWN_PIECES": 2,
  "STEP_RADIUS_MULT": 1.4411966337631568,
  "SPLIT_REACH_RELIABILITY": 0.8071969231107132,
  "ESCAPE_DIRECT_RANGE_MULT": 5.431260601528295,
  "ESCAPE_SPLIT_REACH_BUFFER": 0.9305495137967368,
  "ESCAPE_MOVE_WEIGHT": 104.72775833449676,
  "ESCAPE_WALL_WEIGHT": 230.72542805766582,
  "ESCAPE_VIRUS_SHIELD_WEIGHT": 172.50021473981053,
  "ESCAPE_HARD_MARGIN": 0.11902691280606743,
  "SPLIT_CAPTURE_WEIGHT": 13.699065712485408,
  "SPLIT_DEPTH_COST": 1.0546484217096643,
  "SPLIT_FRAGMENT_COST": 0.050786866082322135,
  "SPLIT_EXTERNAL_RISK_WEIGHT": 0.540950346412845,
  "SPLIT_MIN_UTILITY": 7.91188483543557,
  "SPLIT_LARGER_OWNER_RATIO": 1.1273452321172448,
  "SPLIT_PLAN_WAIT_TICKS": 3,
  "CHASE_ACQUIRE_RANGE_MULT": 7.401882874191935,
  "CHASE_DIRECT_RANGE_MULT": 4.910651480215255,
  "CHASE_MAX_INTERCEPT_TICKS": 7.395959528564701,
  "CHASE_LOCK_TICKS": 49,
  "CHASE_WALL_HORIZON": 33.33286078360077,
  "CHASE_BLOCK_OFFSET_MULT": 0.7299190955177411,
  "CHASE_DISTANCE_WEIGHT": 0.19921428490638016,
  "CHASE_ETA_WEIGHT": 2.1374360330097932,
  "CHASE_LOCK_BONUS": 4.967052485765858,
  "CHASE_VELOCITY_NEW_WEIGHT": 0.3521108207357833,
  "VIRUS_ENEMY_RANGE_MULT": 5.657212147566214,
  "VIRUS_MANUAL_SPLIT_TIME_BONUS": 0.605612421834025,
  "VIRUS_MANUAL_SPLIT_RISK_COST": 0.34179033136292536,
  "VIRUS_MAX_FARM_MASS": 53.458373927610076,
  "FOOD_CLUSTER_RADIUS": 3.952602487149094,
  "FOOD_CLUSTER_WEIGHT": 2.404196024950627,
  "FOOD_DISTANCE_POWER": 1.997985019487105,
  "FOOD_LOCK_TICKS": 24,
  "ROAM_CENTER_WEIGHT": 0.6117930620472886,
  "ROAM_MOMENTUM_WEIGHT": 0.9552416863434892
}