{
  "OVERRIDE_ORDER": [
    "escape",
    "unstuck",
    "split",
    "chase",
    "virus",
    "food"
  ],
  "NUM_DIRECTIONS": 16,
  "MAX_ENEMIES": 24,
  "SAFETY_OWN_PIECES": 2,
  "STEP_RADIUS_MULT": 1.2760940019979485,
  "SPLIT_REACH_RELIABILITY": 0.6625300180971465,
  "ESCAPE_DIRECT_RANGE_MULT": 5.543152737976287,
  "ESCAPE_SPLIT_REACH_BUFFER": 1.086707330776709,
  "ESCAPE_MOVE_WEIGHT": 108.24024187515668,
  "ESCAPE_WALL_WEIGHT": 308.35114163165247,
  "ESCAPE_VIRUS_SHIELD_WEIGHT": 615.9270057699979,
  "ESCAPE_HARD_MARGIN": 0.16660109230566117,
  "SPLIT_CAPTURE_WEIGHT": 12.090623351347391,
  "SPLIT_DEPTH_COST": 3.3585437886764153,
  "SPLIT_FRAGMENT_COST": 0.07426025437919395,
  "SPLIT_EXTERNAL_RISK_WEIGHT": 0.4112211208732388,
  "SPLIT_MIN_UTILITY": 5.598498769102068,
  "SPLIT_LARGER_OWNER_RATIO": 1.0167698191457093,
  "SPLIT_PLAN_WAIT_TICKS": 3,
  "CHASE_ACQUIRE_RANGE_MULT": 7.912778268347928,
  "CHASE_DIRECT_RANGE_MULT": 4.693530642104969,
  "CHASE_MAX_INTERCEPT_TICKS": 13.69619882761571,
  "CHASE_LOCK_TICKS": 31,
  "CHASE_WALL_HORIZON": 19.772385806420893,
  "CHASE_BLOCK_OFFSET_MULT": 1.07634154917105,
  "CHASE_DISTANCE_WEIGHT": 0.1638253561420664,
  "CHASE_ETA_WEIGHT": 2.291402465613314,
  "CHASE_LOCK_BONUS": 12.517570991448459,
  "CHASE_VELOCITY_NEW_WEIGHT": 0.4331266514974704,
  "VIRUS_ENEMY_RANGE_MULT": 7.177957579334268,
  "VIRUS_MANUAL_SPLIT_TIME_BONUS": 0.7777942204704695,
  "VIRUS_MANUAL_SPLIT_RISK_COST": 5.09843258175456,
  "VIRUS_MAX_FARM_MASS": 134.43272805958185,
  "FOOD_CLUSTER_RADIUS": 4.045601599255718,
  "FOOD_CLUSTER_WEIGHT": 0.6439691176352673,
  "FOOD_DISTANCE_POWER": 2.0956393419088406,
  "FOOD_LOCK_TICKS": 6,
  "ROAM_CENTER_WEIGHT": 0.35724987943428804,
  "ROAM_MOMENTUM_WEIGHT": 1.0372107667241348
}