{
  "OVERRIDE_ORDER": [
    "escape",
    "unstuck",
    "split",
    "chase",
    "virus",
    "food"
  ],
  "NUM_DIRECTIONS": 16,
  "MAX_ENEMIES": 24,
  "SAFETY_OWN_PIECES": 2,
  "STEP_RADIUS_MULT": 1.4909557410127674,
  "SPLIT_REACH_RELIABILITY": 0.7523273041134252,
  "ESCAPE_DIRECT_RANGE_MULT": 6.3743859953764,
  "ESCAPE_SPLIT_REACH_BUFFER": 1.1552445058971816,
  "ESCAPE_MOVE_WEIGHT": 104.28705022617147,
  "ESCAPE_WALL_WEIGHT": 158.16142748731542,
  "ESCAPE_VIRUS_SHIELD_WEIGHT": 933.0199711060716,
  "ESCAPE_HARD_MARGIN": 0.11796506921387409,
  "SPLIT_CAPTURE_WEIGHT": 9.575941937331145,
  "SPLIT_DEPTH_COST": 5.8095091038783275,
  "SPLIT_FRAGMENT_COST": 0.4793543171472148,
  "SPLIT_EXTERNAL_RISK_WEIGHT": 0.790717872812382,
  "SPLIT_MIN_UTILITY": 7.288186234979089,
  "SPLIT_LARGER_OWNER_RATIO": 1.0276284477839186,
  "SPLIT_PLAN_WAIT_TICKS": 6,
  "CHASE_ACQUIRE_RANGE_MULT": 4.822247409474983,
  "CHASE_DIRECT_RANGE_MULT": 2.721624899178718,
  "CHASE_MAX_INTERCEPT_TICKS": 15.809170642665705,
  "CHASE_LOCK_TICKS": 52,
  "CHASE_WALL_HORIZON": 25.493928642310138,
  "CHASE_BLOCK_OFFSET_MULT": 1.413975083816219,
  "CHASE_DISTANCE_WEIGHT": 0.20637410853099802,
  "CHASE_ETA_WEIGHT": 1.0957621811855114,
  "CHASE_LOCK_BONUS": 24.25565594730309,
  "CHASE_VELOCITY_NEW_WEIGHT": 0.4992758026499159,
  "VIRUS_ENEMY_RANGE_MULT": 7.873192155426218,
  "VIRUS_MANUAL_SPLIT_TIME_BONUS": 1.2766164876227282,
  "VIRUS_MANUAL_SPLIT_RISK_COST": 2.0304059831349517,
  "VIRUS_MAX_FARM_MASS": 209.46151134462548,
  "FOOD_CLUSTER_RADIUS": 6.7554343908192696,
  "FOOD_CLUSTER_WEIGHT": 1.2620745232133883,
  "FOOD_DISTANCE_POWER": 1.5264473298747656,
  "FOOD_LOCK_TICKS": 8,
  "ROAM_CENTER_WEIGHT": 0.2515301847241074,
  "ROAM_MOMENTUM_WEIGHT": 0.43459291150609075
}