{
  "OVERRIDE_ORDER": [
    "escape",
    "unstuck",
    "split",
    "virus",
    "chase",
    "food"
  ],
  "NUM_DIRECTIONS": 16,
  "MAX_ENEMIES": 24,
  "SAFETY_OWN_PIECES": 2,
  "STEP_RADIUS_MULT": 1.410379940079618,
  "SPLIT_REACH_RELIABILITY": 0.7187489714771464,
  "ESCAPE_DIRECT_RANGE_MULT": 5.924379551796183,
  "ESCAPE_SPLIT_REACH_BUFFER": 1.1092375148877403,
  "ESCAPE_MOVE_WEIGHT": 198.35608179684664,
  "ESCAPE_WALL_WEIGHT": 387.8800794586832,
  "ESCAPE_VIRUS_SHIELD_WEIGHT": 1151.258489363502,
  "ESCAPE_HARD_MARGIN": 0.17103802281740288,
  "SPLIT_CAPTURE_WEIGHT": 10.966583493081902,
  "SPLIT_DEPTH_COST": 1.5167732020637985,
  "SPLIT_FRAGMENT_COST": 0.24138006054993683,
  "SPLIT_EXTERNAL_RISK_WEIGHT": 2.5907990113762174,
  "SPLIT_MIN_UTILITY": 6.920225849883784,
  "SPLIT_LARGER_OWNER_RATIO": 0.9592112650848228,
  "SPLIT_PLAN_WAIT_TICKS": 6,
  "CHASE_ACQUIRE_RANGE_MULT": 10.11793254589032,
  "CHASE_DIRECT_RANGE_MULT": 4.473312021038667,
  "CHASE_MAX_INTERCEPT_TICKS": 12.371196052558949,
  "CHASE_LOCK_TICKS": 59,
  "CHASE_WALL_HORIZON": 25.44692040021948,
  "CHASE_BLOCK_OFFSET_MULT": 0.9284215439094061,
  "CHASE_DISTANCE_WEIGHT": 0.2627652864666611,
  "CHASE_ETA_WEIGHT": 1.0500242460147189,
  "CHASE_LOCK_BONUS": 49.75438444951537,
  "CHASE_VELOCITY_NEW_WEIGHT": 0.6504429912528509,
  "VIRUS_ENEMY_RANGE_MULT": 5.304190463982684,
  "VIRUS_MANUAL_SPLIT_TIME_BONUS": 0.5582753009863547,
  "VIRUS_MANUAL_SPLIT_RISK_COST": 0.8080261332932401,
  "VIRUS_MAX_FARM_MASS": 67.69736599539293,
  "FOOD_CLUSTER_RADIUS": 3.4461625938534923,
  "FOOD_CLUSTER_WEIGHT": 1.956570426701116,
  "FOOD_DISTANCE_POWER": 1.8313731408669731,
  "FOOD_LOCK_TICKS": 15,
  "ROAM_CENTER_WEIGHT": 0.43777045387406904,
  "ROAM_MOMENTUM_WEIGHT": 0.15331918599730227
}