{
  "OVERRIDE_ORDER": [
    "escape",
    "unstuck",
    "split",
    "virus",
    "chase",
    "food"
  ],
  "NUM_DIRECTIONS": 16,
  "MAX_ENEMIES": 21,
  "SAFETY_OWN_PIECES": 2,
  "STEP_RADIUS_MULT": 1.341604992408525,
  "SPLIT_REACH_RELIABILITY": 0.8045136150057243,
  "ESCAPE_DIRECT_RANGE_MULT": 5.559109498490352,
  "ESCAPE_SPLIT_REACH_BUFFER": 1.0882747357636855,
  "ESCAPE_MOVE_WEIGHT": 104.94767769757289,
  "ESCAPE_WALL_WEIGHT": 124.87933437985171,
  "ESCAPE_VIRUS_SHIELD_WEIGHT": 925.7136160861689,
  "ESCAPE_HARD_MARGIN": 0.1263827485276778,
  "SPLIT_CAPTURE_WEIGHT": 10.79968844295248,
  "SPLIT_DEPTH_COST": 5.777847160620937,
  "SPLIT_FRAGMENT_COST": 0.432548251222128,
  "SPLIT_EXTERNAL_RISK_WEIGHT": 1.070512605579895,
  "SPLIT_MIN_UTILITY": 8.532656495824149,
  "SPLIT_LARGER_OWNER_RATIO": 0.9660500537308899,
  "SPLIT_PLAN_WAIT_TICKS": 5,
  "CHASE_ACQUIRE_RANGE_MULT": 9.221190169491017,
  "CHASE_DIRECT_RANGE_MULT": 4.724454708072878,
  "CHASE_MAX_INTERCEPT_TICKS": 13.563857080435742,
  "CHASE_LOCK_TICKS": 90,
  "CHASE_WALL_HORIZON": 19.314233182749547,
  "CHASE_BLOCK_OFFSET_MULT": 1.4372233566915078,
  "CHASE_DISTANCE_WEIGHT": 0.4304192989631785,
  "CHASE_ETA_WEIGHT": 0.785980884188103,
  "CHASE_LOCK_BONUS": 23.493657811349667,
  "CHASE_VELOCITY_NEW_WEIGHT": 0.4796247795746585,
  "VIRUS_ENEMY_RANGE_MULT": 6.803308207923701,
  "VIRUS_MANUAL_SPLIT_TIME_BONUS": 2.5418956947390323,
  "VIRUS_MANUAL_SPLIT_RISK_COST": 5.248026677355192,
  "VIRUS_MAX_FARM_MASS": 125.55364628131642,
  "FOOD_CLUSTER_RADIUS": 2.633666608364317,
  "FOOD_CLUSTER_WEIGHT": 2.7710969079670456,
  "FOOD_DISTANCE_POWER": 1.9137915236465068,
  "FOOD_LOCK_TICKS": 20,
  "ROAM_CENTER_WEIGHT": 1.1122208751829938,
  "ROAM_MOMENTUM_WEIGHT": 0.5990488107058527
}