{
  "OVERRIDE_ORDER": [
    "escape",
    "unstuck",
    "split",
    "virus",
    "chase",
    "food"
  ],
  "NUM_DIRECTIONS": 16,
  "MAX_ENEMIES": 21,
  "SAFETY_OWN_PIECES": 2,
  "STEP_RADIUS_MULT": 1.3478234152005075,
  "SPLIT_REACH_RELIABILITY": 0.8797886944304054,
  "ESCAPE_DIRECT_RANGE_MULT": 5.460231411578507,
  "ESCAPE_SPLIT_REACH_BUFFER": 1.0741512802777098,
  "ESCAPE_MOVE_WEIGHT": 80.31234572884439,
  "ESCAPE_WALL_WEIGHT": 128.06986945499258,
  "ESCAPE_VIRUS_SHIELD_WEIGHT": 645.9841063452704,
  "ESCAPE_HARD_MARGIN": 0.23128046116853346,
  "SPLIT_CAPTURE_WEIGHT": 12.025729546046097,
  "SPLIT_DEPTH_COST": 6.087005673742479,
  "SPLIT_FRAGMENT_COST": 0.552305741342679,
  "SPLIT_EXTERNAL_RISK_WEIGHT": 0.44321698139708876,
  "SPLIT_MIN_UTILITY": 8.087323722471423,
  "SPLIT_LARGER_OWNER_RATIO": 1.005484688863143,
  "SPLIT_PLAN_WAIT_TICKS": 6,
  "CHASE_ACQUIRE_RANGE_MULT": 11.281807570368104,
  "CHASE_DIRECT_RANGE_MULT": 4.689287368523446,
  "CHASE_MAX_INTERCEPT_TICKS": 10.7149818572538,
  "CHASE_LOCK_TICKS": 159,
  "CHASE_WALL_HORIZON": 24.84935873331281,
  "CHASE_BLOCK_OFFSET_MULT": 1.2743541182434384,
  "CHASE_DISTANCE_WEIGHT": 0.1527204800894647,
  "CHASE_ETA_WEIGHT": 1.7268237456293545,
  "CHASE_LOCK_BONUS": 34.30658822299541,
  "CHASE_VELOCITY_NEW_WEIGHT": 0.4199372931398665,
  "VIRUS_ENEMY_RANGE_MULT": 7.569819054009033,
  "VIRUS_MANUAL_SPLIT_TIME_BONUS": 5.341963645898454,
  "VIRUS_MANUAL_SPLIT_RISK_COST": 5.0271039926717265,
  "VIRUS_MAX_FARM_MASS": 140.11710722386132,
  "FOOD_CLUSTER_RADIUS": 3.2522066801311027,
  "FOOD_CLUSTER_WEIGHT": 2.6112439760690647,
  "FOOD_DISTANCE_POWER": 2.1636271738219732,
  "FOOD_LOCK_TICKS": 20,
  "ROAM_CENTER_WEIGHT": 0.8949552751554753,
  "ROAM_MOMENTUM_WEIGHT": 0.5492431404471524
}