{
  "OVERRIDE_ORDER": [
    "escape",
    "unstuck",
    "split",
    "virus",
    "chase",
    "food"
  ],
  "NUM_DIRECTIONS": 16,
  "MAX_ENEMIES": 21,
  "SAFETY_OWN_PIECES": 2,
  "STEP_RADIUS_MULT": 1.2762564523766526,
  "SPLIT_REACH_RELIABILITY": 0.7655906856996263,
  "ESCAPE_DIRECT_RANGE_MULT": 4.793509608834965,
  "ESCAPE_SPLIT_REACH_BUFFER": 1.1434784354122685,
  "ESCAPE_MOVE_WEIGHT": 88.44452764129532,
  "ESCAPE_WALL_WEIGHT": 135.2644985302214,
  "ESCAPE_VIRUS_SHIELD_WEIGHT": 457.90070715885116,
  "ESCAPE_HARD_MARGIN": 0.038752171737886004,
  "SPLIT_CAPTURE_WEIGHT": 6.914612577632127,
  "SPLIT_DEPTH_COST": 3.0986649671571143,
  "SPLIT_FRAGMENT_COST": 0.4664823187539695,
  "SPLIT_EXTERNAL_RISK_WEIGHT": 1.2190879456944508,
  "SPLIT_MIN_UTILITY": 9.192523080187206,
  "SPLIT_LARGER_OWNER_RATIO": 0.9691051233116204,
  "SPLIT_PLAN_WAIT_TICKS": 1,
  "CHASE_ACQUIRE_RANGE_MULT": 9.021858471155824,
  "CHASE_DIRECT_RANGE_MULT": 4.777700999199241,
  "CHASE_MAX_INTERCEPT_TICKS": 14.755497954632911,
  "CHASE_LOCK_TICKS": 94,
  "CHASE_WALL_HORIZON": 29.493164134656375,
  "CHASE_BLOCK_OFFSET_MULT": 1.4874038530252762,
  "CHASE_DISTANCE_WEIGHT": 0.9891381690750789,
  "CHASE_ETA_WEIGHT": 0.6069277429458806,
  "CHASE_LOCK_BONUS": 31.94524561334728,
  "CHASE_VELOCITY_NEW_WEIGHT": 0.5431665543382344,
  "VIRUS_ENEMY_RANGE_MULT": 7.667230678176265,
  "VIRUS_MANUAL_SPLIT_TIME_BONUS": 2.339412548569882,
  "VIRUS_MANUAL_SPLIT_RISK_COST": 2.8544704157870786,
  "VIRUS_MAX_FARM_MASS": 286.6007096318513,
  "FOOD_CLUSTER_RADIUS": 4.099594947160898,
  "FOOD_CLUSTER_WEIGHT": 1.9911213455235883,
  "FOOD_DISTANCE_POWER": 1.1097076135548638,
  "FOOD_LOCK_TICKS": 28,
  "ROAM_CENTER_WEIGHT": 1.9243150133917999,
  "ROAM_MOMENTUM_WEIGHT": 0.07865875181267368
}