{
  "OVERRIDE_ORDER": [
    "split",
    "escape",
    "unstuck",
    "chase",
    "virus",
    "food"
  ],
  "NUM_DIRECTIONS": 12,
  "MAX_ENEMIES": 24,
  "SAFETY_OWN_PIECES": 3,
  "STEP_RADIUS_MULT": 1.348727216000683,
  "SPLIT_REACH_RELIABILITY": 0.6584250585630698,
  "ESCAPE_DIRECT_RANGE_MULT": 6.376513748160145,
  "ESCAPE_SPLIT_REACH_BUFFER": 1.0009245093386425,
  "ESCAPE_MOVE_WEIGHT": 122.08182759739188,
  "ESCAPE_WALL_WEIGHT": 122.61234360251045,
  "ESCAPE_VIRUS_SHIELD_WEIGHT": 865.9707990157373,
  "ESCAPE_HARD_MARGIN": 0.03533858953019921,
  "SPLIT_CAPTURE_WEIGHT": 3.944169677480273,
  "SPLIT_DEPTH_COST": 4.414412796908584,
  "SPLIT_FRAGMENT_COST": 0.19496630242916457,
  "SPLIT_EXTERNAL_RISK_WEIGHT": 2.497343006015647,
  "SPLIT_MIN_UTILITY": 2.676494650086414,
  "SPLIT_LARGER_OWNER_RATIO": 1.0529289581168242,
  "SPLIT_PLAN_WAIT_TICKS": 3,
  "CHASE_ACQUIRE_RANGE_MULT": 7.551154375707097,
  "CHASE_DIRECT_RANGE_MULT": 4.432996462164336,
  "CHASE_MAX_INTERCEPT_TICKS": 12.020504561993388,
  "CHASE_LOCK_TICKS": 150,
  "CHASE_WALL_HORIZON": 15.608580646834312,
  "CHASE_BLOCK_OFFSET_MULT": 1.176926338333355,
  "CHASE_DISTANCE_WEIGHT": 0.26457672228659007,
  "CHASE_ETA_WEIGHT": 0.5211089173090948,
  "CHASE_LOCK_BONUS": 8.831301542592831,
  "CHASE_VELOCITY_NEW_WEIGHT": 0.3977428163180485,
  "VIRUS_ENEMY_RANGE_MULT": 6.3804685913596755,
  "VIRUS_MANUAL_SPLIT_TIME_BONUS": 2.376231192143677,
  "VIRUS_MANUAL_SPLIT_RISK_COST": 5.166134461355169,
  "VIRUS_MAX_FARM_MASS": 92.84743563601516,
  "FOOD_CLUSTER_RADIUS": 5.328819574177091,
  "FOOD_CLUSTER_WEIGHT": 0.924745241292839,
  "FOOD_DISTANCE_POWER": 2.088618754228051,
  "FOOD_LOCK_TICKS": 8,
  "ROAM_CENTER_WEIGHT": 0.851426091794754,
  "ROAM_MOMENTUM_WEIGHT": 0.3268534958742564
}