{
  "OVERRIDE_ORDER": [
    "escape",
    "unstuck",
    "split",
    "chase",
    "virus",
    "food"
  ],
  "NUM_DIRECTIONS": 16,
  "MAX_ENEMIES": 18,
  "SAFETY_OWN_PIECES": 2,
  "STEP_RADIUS_MULT": 1.4628885811276173,
  "SPLIT_REACH_RELIABILITY": 0.7285874912929725,
  "ESCAPE_DIRECT_RANGE_MULT": 6.239299350764702,
  "ESCAPE_SPLIT_REACH_BUFFER": 1.0878091091755608,
  "ESCAPE_MOVE_WEIGHT": 107.82788718933506,
  "ESCAPE_WALL_WEIGHT": 309.04133100448547,
  "ESCAPE_VIRUS_SHIELD_WEIGHT": 763.8959941797627,
  "ESCAPE_HARD_MARGIN": 0.18890594786426096,
  "SPLIT_CAPTURE_WEIGHT": 12.899291990413987,
  "SPLIT_DEPTH_COST": 1.3088502058025804,
  "SPLIT_FRAGMENT_COST": 0.4015501016562105,
  "SPLIT_EXTERNAL_RISK_WEIGHT": 0.8993809026726483,
  "SPLIT_MIN_UTILITY": 5.9489264145001615,
  "SPLIT_LARGER_OWNER_RATIO": 1.088083539671643,
  "SPLIT_PLAN_WAIT_TICKS": 8,
  "CHASE_ACQUIRE_RANGE_MULT": 10.109989820819298,
  "CHASE_DIRECT_RANGE_MULT": 4.87701508564212,
  "CHASE_MAX_INTERCEPT_TICKS": 8.772487799888554,
  "CHASE_LOCK_TICKS": 80,
  "CHASE_WALL_HORIZON": 27.318466335499526,
  "CHASE_BLOCK_OFFSET_MULT": 1.2490615053918774,
  "CHASE_DISTANCE_WEIGHT": 0.17663177055509127,
  "CHASE_ETA_WEIGHT": 1.7628497422791467,
  "CHASE_LOCK_BONUS": 25.147913668736912,
  "CHASE_VELOCITY_NEW_WEIGHT": 0.49249031098893736,
  "VIRUS_ENEMY_RANGE_MULT": 7.64585467938763,
  "VIRUS_MANUAL_SPLIT_TIME_BONUS": 0.5597848337938295,
  "VIRUS_MANUAL_SPLIT_RISK_COST": 1.1721791851624088,
  "VIRUS_MAX_FARM_MASS": 54.07728192718807,
  "FOOD_CLUSTER_RADIUS": 3.3843148616967325,
  "FOOD_CLUSTER_WEIGHT": 2.461937824364718,
  "FOOD_DISTANCE_POWER": 1.9698488618183099,
  "FOOD_LOCK_TICKS": 10,
  "ROAM_CENTER_WEIGHT": 1.1328985225165464,
  "ROAM_MOMENTUM_WEIGHT": 0.38946637584281163
}