{
  "OVERRIDE_ORDER": [
    "escape",
    "unstuck",
    "split",
    "chase",
    "virus",
    "food"
  ],
  "NUM_DIRECTIONS": 12,
  "MAX_ENEMIES": 21,
  "SAFETY_OWN_PIECES": 2,
  "STEP_RADIUS_MULT": 1.410506492989817,
  "SPLIT_REACH_RELIABILITY": 0.8139843109994126,
  "ESCAPE_DIRECT_RANGE_MULT": 7.699129241957051,
  "ESCAPE_SPLIT_REACH_BUFFER": 1.1417230496795792,
  "ESCAPE_MOVE_WEIGHT": 96.25336007062434,
  "ESCAPE_WALL_WEIGHT": 154.53918281775168,
  "ESCAPE_VIRUS_SHIELD_WEIGHT": 878.5659616666793,
  "ESCAPE_HARD_MARGIN": 0.04611727089389283,
  "SPLIT_CAPTURE_WEIGHT": 8.348072364648234,
  "SPLIT_DEPTH_COST": 4.119183477587671,
  "SPLIT_FRAGMENT_COST": 0.5495564332310163,
  "SPLIT_EXTERNAL_RISK_WEIGHT": 1.4954141322303416,
  "SPLIT_MIN_UTILITY": 9.569370068075626,
  "SPLIT_LARGER_OWNER_RATIO": 1.0093827217651534,
  "SPLIT_PLAN_WAIT_TICKS": 6,
  "CHASE_ACQUIRE_RANGE_MULT": 11.483585234234303,
  "CHASE_DIRECT_RANGE_MULT": 4.792334850861087,
  "CHASE_MAX_INTERCEPT_TICKS": 11.268444858258837,
  "CHASE_LOCK_TICKS": 95,
  "CHASE_WALL_HORIZON": 15.232200920039258,
  "CHASE_BLOCK_OFFSET_MULT": 1.2203112300465044,
  "CHASE_DISTANCE_WEIGHT": 0.9534186165969728,
  "CHASE_ETA_WEIGHT": 2.559550486754185,
  "CHASE_LOCK_BONUS": 33.29617968345305,
  "CHASE_VELOCITY_NEW_WEIGHT": 0.7073570497405135,
  "VIRUS_ENEMY_RANGE_MULT": 7.122346758975488,
  "VIRUS_MANUAL_SPLIT_TIME_BONUS": 0.7472170619098395,
  "VIRUS_MANUAL_SPLIT_RISK_COST": 6.350132989745106,
  "VIRUS_MAX_FARM_MASS": 63.18046306320269,
  "FOOD_CLUSTER_RADIUS": 2.821959994104134,
  "FOOD_CLUSTER_WEIGHT": 1.3415221470765688,
  "FOOD_DISTANCE_POWER": 2.0412674825513224,
  "FOOD_LOCK_TICKS": 15,
  "ROAM_CENTER_WEIGHT": 1.7885824689607999,
  "ROAM_MOMENTUM_WEIGHT": 0.23759199661639258
}