{
  "OVERRIDE_ORDER": [
    "split",
    "escape",
    "unstuck",
    "chase",
    "virus",
    "food"
  ],
  "NUM_DIRECTIONS": 12,
  "MAX_ENEMIES": 24,
  "SAFETY_OWN_PIECES": 2,
  "STEP_RADIUS_MULT": 1.3267904991522106,
  "SPLIT_REACH_RELIABILITY": 0.6907628832137273,
  "ESCAPE_DIRECT_RANGE_MULT": 5.746132614024578,
  "ESCAPE_SPLIT_REACH_BUFFER": 1.0269813301174113,
  "ESCAPE_MOVE_WEIGHT": 146.73185364306713,
  "ESCAPE_WALL_WEIGHT": 183.1328055047595,
  "ESCAPE_VIRUS_SHIELD_WEIGHT": 1382.3827704956352,
  "ESCAPE_HARD_MARGIN": 0.1595320895946656,
  "SPLIT_CAPTURE_WEIGHT": 6.017517146433186,
  "SPLIT_DEPTH_COST": 2.4998005439187634,
  "SPLIT_FRAGMENT_COST": 0.06238601181028173,
  "SPLIT_EXTERNAL_RISK_WEIGHT": 0.5856663774953487,
  "SPLIT_MIN_UTILITY": 4.0012977498561115,
  "SPLIT_LARGER_OWNER_RATIO": 1.0481041223189274,
  "SPLIT_PLAN_WAIT_TICKS": 3,
  "CHASE_ACQUIRE_RANGE_MULT": 6.310950562704049,
  "CHASE_DIRECT_RANGE_MULT": 3.595818930844517,
  "CHASE_MAX_INTERCEPT_TICKS": 15.835405242127644,
  "CHASE_LOCK_TICKS": 66,
  "CHASE_WALL_HORIZON": 26.897841280650045,
  "CHASE_BLOCK_OFFSET_MULT": 1.2766569558802445,
  "CHASE_DISTANCE_WEIGHT": 0.6075540237995904,
  "CHASE_ETA_WEIGHT": 1.9107481531657509,
  "CHASE_LOCK_BONUS": 12.8070153159237,
  "CHASE_VELOCITY_NEW_WEIGHT": 0.40869177025275116,
  "VIRUS_ENEMY_RANGE_MULT": 6.8537730050245855,
  "VIRUS_MANUAL_SPLIT_TIME_BONUS": 0.9619164721709038,
  "VIRUS_MANUAL_SPLIT_RISK_COST": 1.5518046739313018,
  "VIRUS_MAX_FARM_MASS": 89.25471553600148,
  "FOOD_CLUSTER_RADIUS": 6.510836094597202,
  "FOOD_CLUSTER_WEIGHT": 0.5145400102352813,
  "FOOD_DISTANCE_POWER": 2.157411188186023,
  "FOOD_LOCK_TICKS": 18,
  "ROAM_CENTER_WEIGHT": 2.3657172784033884,
  "ROAM_MOMENTUM_WEIGHT": 0.46543714244076223
}