{
  "OVERRIDE_ORDER": [
    "escape",
    "unstuck",
    "split",
    "chase",
    "virus",
    "food"
  ],
  "NUM_DIRECTIONS": 16,
  "MAX_ENEMIES": 24,
  "SAFETY_OWN_PIECES": 3,
  "STEP_RADIUS_MULT": 1.4495082974324867,
  "SPLIT_REACH_RELIABILITY": 0.7899166186483588,
  "ESCAPE_DIRECT_RANGE_MULT": 5.023034931599499,
  "ESCAPE_SPLIT_REACH_BUFFER": 1.1108638958950818,
  "ESCAPE_MOVE_WEIGHT": 85.84199276450488,
  "ESCAPE_WALL_WEIGHT": 167.1396120350463,
  "ESCAPE_VIRUS_SHIELD_WEIGHT": 1186.483979174109,
  "ESCAPE_HARD_MARGIN": 0.08612652067334357,
  "SPLIT_CAPTURE_WEIGHT": 12.742692696886419,
  "SPLIT_DEPTH_COST": 6.271763721648826,
  "SPLIT_FRAGMENT_COST": 0.1991512347847639,
  "SPLIT_EXTERNAL_RISK_WEIGHT": 0.639764827959057,
  "SPLIT_MIN_UTILITY": 9.113885201363985,
  "SPLIT_LARGER_OWNER_RATIO": 0.9654002869219742,
  "SPLIT_PLAN_WAIT_TICKS": 3,
  "CHASE_ACQUIRE_RANGE_MULT": 10.02824838776111,
  "CHASE_DIRECT_RANGE_MULT": 4.7869790185172345,
  "CHASE_MAX_INTERCEPT_TICKS": 12.570605323015748,
  "CHASE_LOCK_TICKS": 82,
  "CHASE_WALL_HORIZON": 14.781988677344511,
  "CHASE_BLOCK_OFFSET_MULT": 1.2918953939015458,
  "CHASE_DISTANCE_WEIGHT": 0.22487580776248836,
  "CHASE_ETA_WEIGHT": 2.658823212507049,
  "CHASE_LOCK_BONUS": 36.01430499620399,
  "CHASE_VELOCITY_NEW_WEIGHT": 0.3245307660373844,
  "VIRUS_ENEMY_RANGE_MULT": 5.867991050015903,
  "VIRUS_MANUAL_SPLIT_TIME_BONUS": 0.5653841264890935,
  "VIRUS_MANUAL_SPLIT_RISK_COST": 2.5278615898596972,
  "VIRUS_MAX_FARM_MASS": 151.3311345766652,
  "FOOD_CLUSTER_RADIUS": 3.38517739114651,
  "FOOD_CLUSTER_WEIGHT": 0.43829923137113896,
  "FOOD_DISTANCE_POWER": 1.483227617443766,
  "FOOD_LOCK_TICKS": 5,
  "ROAM_CENTER_WEIGHT": 1.8970341926987893,
  "ROAM_MOMENTUM_WEIGHT": 0.40743855949952273
}