{
  "OVERRIDE_ORDER": [
    "escape",
    "unstuck",
    "split",
    "chase",
    "virus",
    "food"
  ],
  "NUM_DIRECTIONS": 16,
  "MAX_ENEMIES": 24,
  "SAFETY_OWN_PIECES": 2,
  "STEP_RADIUS_MULT": 1.6502204541887664,
  "SPLIT_REACH_RELIABILITY": 0.7923657008113519,
  "ESCAPE_DIRECT_RANGE_MULT": 6.208531395433005,
  "ESCAPE_SPLIT_REACH_BUFFER": 1.1473489263807144,
  "ESCAPE_MOVE_WEIGHT": 118.21787282448228,
  "ESCAPE_WALL_WEIGHT": 217.60813546860095,
  "ESCAPE_VIRUS_SHIELD_WEIGHT": 1137.3973381418316,
  "ESCAPE_HARD_MARGIN": 0.20083072253583614,
  "SPLIT_CAPTURE_WEIGHT": 11.103778752303535,
  "SPLIT_DEPTH_COST": 4.932560003426437,
  "SPLIT_FRAGMENT_COST": 0.1931821851822076,
  "SPLIT_EXTERNAL_RISK_WEIGHT": 1.7653739644748363,
  "SPLIT_MIN_UTILITY": 9.04803984639242,
  "SPLIT_LARGER_OWNER_RATIO": 1.0425369971669105,
  "SPLIT_PLAN_WAIT_TICKS": 9,
  "CHASE_ACQUIRE_RANGE_MULT": 5.721663330387035,
  "CHASE_DIRECT_RANGE_MULT": 3.530909234234701,
  "CHASE_MAX_INTERCEPT_TICKS": 15.52400822019263,
  "CHASE_LOCK_TICKS": 49,
  "CHASE_WALL_HORIZON": 28.49909060923016,
  "CHASE_BLOCK_OFFSET_MULT": 1.3936416647164216,
  "CHASE_DISTANCE_WEIGHT": 0.14484650316805925,
  "CHASE_ETA_WEIGHT": 1.3994966201293755,
  "CHASE_LOCK_BONUS": 12.456024493170718,
  "CHASE_VELOCITY_NEW_WEIGHT": 0.5186666876643122,
  "VIRUS_ENEMY_RANGE_MULT": 8.83393873961677,
  "VIRUS_MANUAL_SPLIT_TIME_BONUS": 2.2458951556865867,
  "VIRUS_MANUAL_SPLIT_RISK_COST": 5.268021520359745,
  "VIRUS_MAX_FARM_MASS": 209.4197920598938,
  "FOOD_CLUSTER_RADIUS": 6.5821025572206295,
  "FOOD_CLUSTER_WEIGHT": 1.8758379107282546,
  "FOOD_DISTANCE_POWER": 1.674362122158157,
  "FOOD_LOCK_TICKS": 18,
  "ROAM_CENTER_WEIGHT": 0.8404327977143112,
  "ROAM_MOMENTUM_WEIGHT": 0.1684870886219975
}