{
  "OVERRIDE_ORDER": [
    "escape",
    "split",
    "unstuck",
    "chase",
    "virus",
    "food"
  ],
  "NUM_DIRECTIONS": 16,
  "MAX_ENEMIES": 21,
  "SAFETY_OWN_PIECES": 2,
  "STEP_RADIUS_MULT": 1.264155496932615,
  "SPLIT_REACH_RELIABILITY": 0.6279682106202849,
  "ESCAPE_DIRECT_RANGE_MULT": 7.629215359908461,
  "ESCAPE_SPLIT_REACH_BUFFER": 1.0653350897061657,
  "ESCAPE_MOVE_WEIGHT": 180.30588374574953,
  "ESCAPE_WALL_WEIGHT": 435.43868041937526,
  "ESCAPE_VIRUS_SHIELD_WEIGHT": 187.0749728641666,
  "ESCAPE_HARD_MARGIN": 0.047020913210199244,
  "SPLIT_CAPTURE_WEIGHT": 3.5950983611105736,
  "SPLIT_DEPTH_COST": 3.566722148991021,
  "SPLIT_FRAGMENT_COST": 0.027356415143699072,
  "SPLIT_EXTERNAL_RISK_WEIGHT": 1.8269839655080213,
  "SPLIT_MIN_UTILITY": -0.5296560302553566,
  "SPLIT_LARGER_OWNER_RATIO": 1.00001860699265,
  "SPLIT_PLAN_WAIT_TICKS": 8,
  "CHASE_ACQUIRE_RANGE_MULT": 9.954079116403198,
  "CHASE_DIRECT_RANGE_MULT": 3.7734891523761385,
  "CHASE_MAX_INTERCEPT_TICKS": 9.583060788688433,
  "CHASE_LOCK_TICKS": 33,
  "CHASE_WALL_HORIZON": 38.87977325828928,
  "CHASE_BLOCK_OFFSET_MULT": 1.2903908510935318,
  "CHASE_DISTANCE_WEIGHT": 0.12521884212909148,
  "CHASE_ETA_WEIGHT": 1.0142393033730122,
  "CHASE_LOCK_BONUS": 4.8504875769592015,
  "CHASE_VELOCITY_NEW_WEIGHT": 0.3477732779585139,
  "VIRUS_ENEMY_RANGE_MULT": 4.798045439102936,
  "VIRUS_MANUAL_SPLIT_TIME_BONUS": 0.8548819020977654,
  "VIRUS_MANUAL_SPLIT_RISK_COST": 0.7213976632603377,
  "VIRUS_MAX_FARM_MASS": 235.26609963344913,
  "FOOD_CLUSTER_RADIUS": 4.906973619465055,
  "FOOD_CLUSTER_WEIGHT": 1.3375878646682742,
  "FOOD_DISTANCE_POWER": 1.7109119894534461,
  "FOOD_LOCK_TICKS": 27,
  "ROAM_CENTER_WEIGHT": 0.23757928409860693,
  "ROAM_MOMENTUM_WEIGHT": 1.3931318963875925
}