{
  "OVERRIDE_ORDER": [
    "escape",
    "unstuck",
    "split",
    "virus",
    "chase",
    "food"
  ],
  "NUM_DIRECTIONS": 16,
  "MAX_ENEMIES": 21,
  "SAFETY_OWN_PIECES": 2,
  "STEP_RADIUS_MULT": 1.6639139343024618,
  "SPLIT_REACH_RELIABILITY": 0.7417878540356645,
  "ESCAPE_DIRECT_RANGE_MULT": 5.971377183992352,
  "ESCAPE_SPLIT_REACH_BUFFER": 1.0533416865637169,
  "ESCAPE_MOVE_WEIGHT": 83.87793724092553,
  "ESCAPE_WALL_WEIGHT": 289.4984298691246,
  "ESCAPE_VIRUS_SHIELD_WEIGHT": 250.5740502383058,
  "ESCAPE_HARD_MARGIN": 0.12979423189459527,
  "SPLIT_CAPTURE_WEIGHT": 5.316143504747991,
  "SPLIT_DEPTH_COST": 2.6723609933565373,
  "SPLIT_FRAGMENT_COST": 0.30520899605499907,
  "SPLIT_EXTERNAL_RISK_WEIGHT": 0.7621559144521856,
  "SPLIT_MIN_UTILITY": 8.454645601563387,
  "SPLIT_LARGER_OWNER_RATIO": 1.2111272174995371,
  "SPLIT_PLAN_WAIT_TICKS": 4,
  "CHASE_ACQUIRE_RANGE_MULT": 9.634366356466819,
  "CHASE_DIRECT_RANGE_MULT": 1.8577428477184625,
  "CHASE_MAX_INTERCEPT_TICKS": 11.680873861844933,
  "CHASE_LOCK_TICKS": 222,
  "CHASE_WALL_HORIZON": 30.037000417116033,
  "CHASE_BLOCK_OFFSET_MULT": 1.0892542312502447,
  "CHASE_DISTANCE_WEIGHT": 0.0634608165337971,
  "CHASE_ETA_WEIGHT": 0.3545417726681963,
  "CHASE_LOCK_BONUS": 19.281226625783997,
  "CHASE_VELOCITY_NEW_WEIGHT": 0.42452732891594425,
  "VIRUS_ENEMY_RANGE_MULT": 5.729190605961842,
  "VIRUS_MANUAL_SPLIT_TIME_BONUS": 4.59814807122048,
  "VIRUS_MANUAL_SPLIT_RISK_COST": 0.38391576537981587,
  "VIRUS_MAX_FARM_MASS": 166.8507906272076,
  "FOOD_CLUSTER_RADIUS": 5.041921788287849,
  "FOOD_CLUSTER_WEIGHT": 0.879560615643711,
  "FOOD_DISTANCE_POWER": 1.399525631049524,
  "FOOD_LOCK_TICKS": 24,
  "ROAM_CENTER_WEIGHT": 1.7849399500814311,
  "ROAM_MOMENTUM_WEIGHT": 0.7583154777083474
}