{
  "OVERRIDE_ORDER": [
    "escape",
    "unstuck",
    "split",
    "chase",
    "virus",
    "food"
  ],
  "NUM_DIRECTIONS": 16,
  "MAX_ENEMIES": 21,
  "SAFETY_OWN_PIECES": 2,
  "STEP_RADIUS_MULT": 1.3255450213184534,
  "SPLIT_REACH_RELIABILITY": 0.6867232946895842,
  "ESCAPE_DIRECT_RANGE_MULT": 5.816141811185883,
  "ESCAPE_SPLIT_REACH_BUFFER": 1.159175055314033,
  "ESCAPE_MOVE_WEIGHT": 90.47173563928166,
  "ESCAPE_WALL_WEIGHT": 156.39050992671017,
  "ESCAPE_VIRUS_SHIELD_WEIGHT": 1197.1218997094684,
  "ESCAPE_HARD_MARGIN": 0.2694437901940106,
  "SPLIT_CAPTURE_WEIGHT": 13.278468549251208,
  "SPLIT_DEPTH_COST": 4.726248856736136,
  "SPLIT_FRAGMENT_COST": 0.2493947079562329,
  "SPLIT_EXTERNAL_RISK_WEIGHT": 1.199319106508333,
  "SPLIT_MIN_UTILITY": 8.982467401000541,
  "SPLIT_LARGER_OWNER_RATIO": 1.084354588849461,
  "SPLIT_PLAN_WAIT_TICKS": 3,
  "CHASE_ACQUIRE_RANGE_MULT": 6.722711148343244,
  "CHASE_DIRECT_RANGE_MULT": 4.189496949739882,
  "CHASE_MAX_INTERCEPT_TICKS": 14.798106235460201,
  "CHASE_LOCK_TICKS": 47,
  "CHASE_WALL_HORIZON": 22.114879752883166,
  "CHASE_BLOCK_OFFSET_MULT": 1.4103820738567383,
  "CHASE_DISTANCE_WEIGHT": 0.2728239517431435,
  "CHASE_ETA_WEIGHT": 1.0196850598642442,
  "CHASE_LOCK_BONUS": 46.28947841522254,
  "CHASE_VELOCITY_NEW_WEIGHT": 0.3136989814885472,
  "VIRUS_ENEMY_RANGE_MULT": 8.712492706385842,
  "VIRUS_MANUAL_SPLIT_TIME_BONUS": 0.7847787213653044,
  "VIRUS_MANUAL_SPLIT_RISK_COST": 2.710215917751162,
  "VIRUS_MAX_FARM_MASS": 148.3743139523841,
  "FOOD_CLUSTER_RADIUS": 5.216170172894053,
  "FOOD_CLUSTER_WEIGHT": 0.33123878288666886,
  "FOOD_DISTANCE_POWER": 1.7214045364301973,
  "FOOD_LOCK_TICKS": 5,
  "ROAM_CENTER_WEIGHT": 0.38711957621347076,
  "ROAM_MOMENTUM_WEIGHT": 0.3935061434219337
}