{
  "OVERRIDE_ORDER": [
    "split",
    "escape",
    "unstuck",
    "chase",
    "virus",
    "food"
  ],
  "NUM_DIRECTIONS": 16,
  "MAX_ENEMIES": 24,
  "SAFETY_OWN_PIECES": 2,
  "STEP_RADIUS_MULT": 1.2503166990398018,
  "SPLIT_REACH_RELIABILITY": 0.6466974421309931,
  "ESCAPE_DIRECT_RANGE_MULT": 6.665577144478168,
  "ESCAPE_SPLIT_REACH_BUFFER": 1.0229724607602806,
  "ESCAPE_MOVE_WEIGHT": 91.69086996167056,
  "ESCAPE_WALL_WEIGHT": 102.94465928505666,
  "ESCAPE_VIRUS_SHIELD_WEIGHT": 739.794799093551,
  "ESCAPE_HARD_MARGIN": 0.10769678946384673,
  "SPLIT_CAPTURE_WEIGHT": 7.53980347737789,
  "SPLIT_DEPTH_COST": 4.201259612831874,
  "SPLIT_FRAGMENT_COST": 0.10626871906779586,
  "SPLIT_EXTERNAL_RISK_WEIGHT": 1.9526413265089047,
  "SPLIT_MIN_UTILITY": 2.84261651156726,
  "SPLIT_LARGER_OWNER_RATIO": 1.0030359258434152,
  "SPLIT_PLAN_WAIT_TICKS": 3,
  "CHASE_ACQUIRE_RANGE_MULT": 8.303310212115115,
  "CHASE_DIRECT_RANGE_MULT": 4.311463487237432,
  "CHASE_MAX_INTERCEPT_TICKS": 16.35244550285043,
  "CHASE_LOCK_TICKS": 93,
  "CHASE_WALL_HORIZON": 22.065660063991157,
  "CHASE_BLOCK_OFFSET_MULT": 1.0619514726708963,
  "CHASE_DISTANCE_WEIGHT": 0.14081219151926136,
  "CHASE_ETA_WEIGHT": 1.4702194035214404,
  "CHASE_LOCK_BONUS": 15.194735409554092,
  "CHASE_VELOCITY_NEW_WEIGHT": 0.2744744707653805,
  "VIRUS_ENEMY_RANGE_MULT": 6.773297754590106,
  "VIRUS_MANUAL_SPLIT_TIME_BONUS": 1.8101839493245877,
  "VIRUS_MANUAL_SPLIT_RISK_COST": 2.2809596166582735,
  "VIRUS_MAX_FARM_MASS": 210.56786473800986,
  "FOOD_CLUSTER_RADIUS": 6.927074240932781,
  "FOOD_CLUSTER_WEIGHT": 0.6890001254499828,
  "FOOD_DISTANCE_POWER": 2.082871781953851,
  "FOOD_LOCK_TICKS": 4,
  "ROAM_CENTER_WEIGHT": 0.4227289056544764,
  "ROAM_MOMENTUM_WEIGHT": 0.22918735082469138
}