{
  "OVERRIDE_ORDER": [
    "escape",
    "split",
    "unstuck",
    "chase",
    "virus",
    "food"
  ],
  "NUM_DIRECTIONS": 16,
  "MAX_ENEMIES": 21,
  "SAFETY_OWN_PIECES": 3,
  "STEP_RADIUS_MULT": 1.3645428096787289,
  "SPLIT_REACH_RELIABILITY": 0.7886733693486471,
  "ESCAPE_DIRECT_RANGE_MULT": 5.949178754439543,
  "ESCAPE_SPLIT_REACH_BUFFER": 1.123109044899125,
  "ESCAPE_MOVE_WEIGHT": 141.15829017165777,
  "ESCAPE_WALL_WEIGHT": 132.26462072566162,
  "ESCAPE_VIRUS_SHIELD_WEIGHT": 933.1505939909658,
  "ESCAPE_HARD_MARGIN": 0.08406430439165485,
  "SPLIT_CAPTURE_WEIGHT": 13.21804528958443,
  "SPLIT_DEPTH_COST": 6.429606233542186,
  "SPLIT_FRAGMENT_COST": 0.5539003200128552,
  "SPLIT_EXTERNAL_RISK_WEIGHT": 0.2986249772525325,
  "SPLIT_MIN_UTILITY": 8.168513975148343,
  "SPLIT_LARGER_OWNER_RATIO": 0.9737967983094445,
  "SPLIT_PLAN_WAIT_TICKS": 4,
  "CHASE_ACQUIRE_RANGE_MULT": 4.8385906325525125,
  "CHASE_DIRECT_RANGE_MULT": 2.41817867798697,
  "CHASE_MAX_INTERCEPT_TICKS": 15.533203036428034,
  "CHASE_LOCK_TICKS": 47,
  "CHASE_WALL_HORIZON": 17.19092745361401,
  "CHASE_BLOCK_OFFSET_MULT": 0.9599852163519237,
  "CHASE_DISTANCE_WEIGHT": 0.2925292150813529,
  "CHASE_ETA_WEIGHT": 1.7334664981700945,
  "CHASE_LOCK_BONUS": 13.79214322854947,
  "CHASE_VELOCITY_NEW_WEIGHT": 0.3303237904256977,
  "VIRUS_ENEMY_RANGE_MULT": 8.95188472119785,
  "VIRUS_MANUAL_SPLIT_TIME_BONUS": 1.0891430190510065,
  "VIRUS_MANUAL_SPLIT_RISK_COST": 3.1328457201549065,
  "VIRUS_MAX_FARM_MASS": 180.91998644367465,
  "FOOD_CLUSTER_RADIUS": 5.727429704836642,
  "FOOD_CLUSTER_WEIGHT": 0.6314845875739794,
  "FOOD_DISTANCE_POWER": 2.225100208662832,
  "FOOD_LOCK_TICKS": 8,
  "ROAM_CENTER_WEIGHT": 0.6910731704606502,
  "ROAM_MOMENTUM_WEIGHT": 0.9521788765885542
}