{
  "OVERRIDE_ORDER": [
    "escape",
    "unstuck",
    "split",
    "chase",
    "virus",
    "food"
  ],
  "NUM_DIRECTIONS": 16,
  "MAX_ENEMIES": 24,
  "SAFETY_OWN_PIECES": 2,
  "STEP_RADIUS_MULT": 1.4720716674820744,
  "SPLIT_REACH_RELIABILITY": 0.8227950436056286,
  "ESCAPE_DIRECT_RANGE_MULT": 4.112070709114375,
  "ESCAPE_SPLIT_REACH_BUFFER": 1.1367473909597783,
  "ESCAPE_MOVE_WEIGHT": 168.81552627819877,
  "ESCAPE_WALL_WEIGHT": 139.81185107151097,
  "ESCAPE_VIRUS_SHIELD_WEIGHT": 1319.4127635862192,
  "ESCAPE_HARD_MARGIN": 0.13424938534690506,
  "SPLIT_CAPTURE_WEIGHT": 11.751194552132976,
  "SPLIT_DEPTH_COST": 5.235933129059867,
  "SPLIT_FRAGMENT_COST": 0.23867862193931924,
  "SPLIT_EXTERNAL_RISK_WEIGHT": 3.0200633834300303,
  "SPLIT_MIN_UTILITY": 8.986685613420278,
  "SPLIT_LARGER_OWNER_RATIO": 1.027062908518403,
  "SPLIT_PLAN_WAIT_TICKS": 4,
  "CHASE_ACQUIRE_RANGE_MULT": 8.33000218438982,
  "CHASE_DIRECT_RANGE_MULT": 4.128269675829002,
  "CHASE_MAX_INTERCEPT_TICKS": 8.690286243177404,
  "CHASE_LOCK_TICKS": 185,
  "CHASE_WALL_HORIZON": 20.64018387849154,
  "CHASE_BLOCK_OFFSET_MULT": 1.3528715493184484,
  "CHASE_DISTANCE_WEIGHT": 0.5328943647901998,
  "CHASE_ETA_WEIGHT": 1.9131892596149098,
  "CHASE_LOCK_BONUS": 28.79338673603738,
  "CHASE_VELOCITY_NEW_WEIGHT": 0.4452991462726993,
  "VIRUS_ENEMY_RANGE_MULT": 2.0418145917843593,
  "VIRUS_MANUAL_SPLIT_TIME_BONUS": 0.8304920221724335,
  "VIRUS_MANUAL_SPLIT_RISK_COST": 6.565779820579779,
  "VIRUS_MAX_FARM_MASS": 76.67835735860152,
  "FOOD_CLUSTER_RADIUS": 3.873844020795644,
  "FOOD_CLUSTER_WEIGHT": 2.9055684681342058,
  "FOOD_DISTANCE_POWER": 1.567602806579856,
  "FOOD_LOCK_TICKS": 18,
  "ROAM_CENTER_WEIGHT": 0.508152040518878,
  "ROAM_MOMENTUM_WEIGHT": 0.22433090877790393
}