{
  "OVERRIDE_ORDER": [
    "escape",
    "unstuck",
    "split",
    "chase",
    "virus",
    "food"
  ],
  "NUM_DIRECTIONS": 16,
  "MAX_ENEMIES": 24,
  "SAFETY_OWN_PIECES": 3,
  "STEP_RADIUS_MULT": 1.3263761779436911,
  "SPLIT_REACH_RELIABILITY": 0.7573061382754115,
  "ESCAPE_DIRECT_RANGE_MULT": 5.794791490325265,
  "ESCAPE_SPLIT_REACH_BUFFER": 1.1289408265307361,
  "ESCAPE_MOVE_WEIGHT": 169.85226578276666,
  "ESCAPE_WALL_WEIGHT": 208.06841374017094,
  "ESCAPE_VIRUS_SHIELD_WEIGHT": 1160.1881351360823,
  "ESCAPE_HARD_MARGIN": 0.23323390248937786,
  "SPLIT_CAPTURE_WEIGHT": 13.366999690161654,
  "SPLIT_DEPTH_COST": 3.5707762099925766,
  "SPLIT_FRAGMENT_COST": 0.11976542778118801,
  "SPLIT_EXTERNAL_RISK_WEIGHT": 0.3079368691122019,
  "SPLIT_MIN_UTILITY": 9.559188285489626,
  "SPLIT_LARGER_OWNER_RATIO": 0.9713019806597312,
  "SPLIT_PLAN_WAIT_TICKS": 4,
  "CHASE_ACQUIRE_RANGE_MULT": 5.552964662715599,
  "CHASE_DIRECT_RANGE_MULT": 3.6925090023051883,
  "CHASE_MAX_INTERCEPT_TICKS": 14.045352141616721,
  "CHASE_LOCK_TICKS": 37,
  "CHASE_WALL_HORIZON": 30.514777263391977,
  "CHASE_BLOCK_OFFSET_MULT": 1.416033507347236,
  "CHASE_DISTANCE_WEIGHT": 0.5932389840090686,
  "CHASE_ETA_WEIGHT": 0.70738035063301,
  "CHASE_LOCK_BONUS": 10.735717525832772,
  "CHASE_VELOCITY_NEW_WEIGHT": 0.20164065113321283,
  "VIRUS_ENEMY_RANGE_MULT": 6.596151042225319,
  "VIRUS_MANUAL_SPLIT_TIME_BONUS": 2.529251844035478,
  "VIRUS_MANUAL_SPLIT_RISK_COST": 0.5627934793154753,
  "VIRUS_MAX_FARM_MASS": 229.79906446527895,
  "FOOD_CLUSTER_RADIUS": 4.9676397683548394,
  "FOOD_CLUSTER_WEIGHT": 1.3896938767776732,
  "FOOD_DISTANCE_POWER": 2.0223090185121255,
  "FOOD_LOCK_TICKS": 17,
  "ROAM_CENTER_WEIGHT": 0.16593549857362283,
  "ROAM_MOMENTUM_WEIGHT": 0.26121344077486874
}