{
  "OVERRIDE_ORDER": [
    "split",
    "escape",
    "unstuck",
    "chase",
    "virus",
    "food"
  ],
  "NUM_DIRECTIONS": 16,
  "MAX_ENEMIES": 24,
  "SAFETY_OWN_PIECES": 2,
  "STEP_RADIUS_MULT": 1.258672075293133,
  "SPLIT_REACH_RELIABILITY": 0.6333001927551889,
  "ESCAPE_DIRECT_RANGE_MULT": 4.593780647142445,
  "ESCAPE_SPLIT_REACH_BUFFER": 1.1430577785638742,
  "ESCAPE_MOVE_WEIGHT": 101.23379754882845,
  "ESCAPE_WALL_WEIGHT": 114.43666158901091,
  "ESCAPE_VIRUS_SHIELD_WEIGHT": 1295.1961693559297,
  "ESCAPE_HARD_MARGIN": 0.07092708504286316,
  "SPLIT_CAPTURE_WEIGHT": 12.065877145339417,
  "SPLIT_DEPTH_COST": 4.121278659386581,
  "SPLIT_FRAGMENT_COST": 0.5981288662327192,
  "SPLIT_EXTERNAL_RISK_WEIGHT": 1.0660685701609016,
  "SPLIT_MIN_UTILITY": 7.800213174633709,
  "SPLIT_LARGER_OWNER_RATIO": 0.9789057056594975,
  "SPLIT_PLAN_WAIT_TICKS": 1,
  "CHASE_ACQUIRE_RANGE_MULT": 10.435945821894355,
  "CHASE_DIRECT_RANGE_MULT": 3.261910658922641,
  "CHASE_MAX_INTERCEPT_TICKS": 13.272757322755625,
  "CHASE_LOCK_TICKS": 53,
  "CHASE_WALL_HORIZON": 21.07249183719701,
  "CHASE_BLOCK_OFFSET_MULT": 1.4799970865924847,
  "CHASE_DISTANCE_WEIGHT": 0.12532960579335803,
  "CHASE_ETA_WEIGHT": 2.2064860834479103,
  "CHASE_LOCK_BONUS": 33.981692303003385,
  "CHASE_VELOCITY_NEW_WEIGHT": 0.3040257320599285,
  "VIRUS_ENEMY_RANGE_MULT": 7.213347235414713,
  "VIRUS_MANUAL_SPLIT_TIME_BONUS": 1.5918121397602838,
  "VIRUS_MANUAL_SPLIT_RISK_COST": 1.8509275724315855,
  "VIRUS_MAX_FARM_MASS": 104.16214791348791,
  "FOOD_CLUSTER_RADIUS": 6.681966736452443,
  "FOOD_CLUSTER_WEIGHT": 0.6486523629111642,
  "FOOD_DISTANCE_POWER": 1.3380712119113372,
  "FOOD_LOCK_TICKS": 12,
  "ROAM_CENTER_WEIGHT": 0.5443169075791783,
  "ROAM_MOMENTUM_WEIGHT": 0.6258265544788675
}