{
  "OVERRIDE_ORDER": [
    "escape",
    "unstuck",
    "split",
    "chase",
    "virus",
    "food"
  ],
  "NUM_DIRECTIONS": 16,
  "MAX_ENEMIES": 24,
  "SAFETY_OWN_PIECES": 2,
  "STEP_RADIUS_MULT": 1.3675624418028312,
  "SPLIT_REACH_RELIABILITY": 0.6791421171954591,
  "ESCAPE_DIRECT_RANGE_MULT": 5.810295143974368,
  "ESCAPE_SPLIT_REACH_BUFFER": 1.1352532955869983,
  "ESCAPE_MOVE_WEIGHT": 110.03777601616531,
  "ESCAPE_WALL_WEIGHT": 247.21420145337905,
  "ESCAPE_VIRUS_SHIELD_WEIGHT": 1026.9165719873286,
  "ESCAPE_HARD_MARGIN": 0.029934454759255404,
  "SPLIT_CAPTURE_WEIGHT": 4.653754672694018,
  "SPLIT_DEPTH_COST": 6.984438540065245,
  "SPLIT_FRAGMENT_COST": 0.5912345805940936,
  "SPLIT_EXTERNAL_RISK_WEIGHT": 0.6463735167833282,
  "SPLIT_MIN_UTILITY": 8.22052595600949,
  "SPLIT_LARGER_OWNER_RATIO": 0.9908363416739728,
  "SPLIT_PLAN_WAIT_TICKS": 7,
  "CHASE_ACQUIRE_RANGE_MULT": 10.630312717650913,
  "CHASE_DIRECT_RANGE_MULT": 3.8406191343461735,
  "CHASE_MAX_INTERCEPT_TICKS": 7.624773542309753,
  "CHASE_LOCK_TICKS": 93,
  "CHASE_WALL_HORIZON": 23.906440866439755,
  "CHASE_BLOCK_OFFSET_MULT": 1.248026920612724,
  "CHASE_DISTANCE_WEIGHT": 0.44611643588473743,
  "CHASE_ETA_WEIGHT": 1.6708171165059618,
  "CHASE_LOCK_BONUS": 21.485447673317793,
  "CHASE_VELOCITY_NEW_WEIGHT": 0.6474633349734693,
  "VIRUS_ENEMY_RANGE_MULT": 6.2159843875062615,
  "VIRUS_MANUAL_SPLIT_TIME_BONUS": 0.5029422931622016,
  "VIRUS_MANUAL_SPLIT_RISK_COST": 2.384019781451154,
  "VIRUS_MAX_FARM_MASS": 117.99195252888785,
  "FOOD_CLUSTER_RADIUS": 2.5237165237120225,
  "FOOD_CLUSTER_WEIGHT": 1.6856480840658867,
  "FOOD_DISTANCE_POWER": 1.999343166335731,
  "FOOD_LOCK_TICKS": 11,
  "ROAM_CENTER_WEIGHT": 2.675764377095109,
  "ROAM_MOMENTUM_WEIGHT": 0.2729617276798895
}