{
  "OVERRIDE_ORDER": [
    "escape",
    "split",
    "unstuck",
    "chase",
    "virus",
    "food"
  ],
  "NUM_DIRECTIONS": 12,
  "MAX_ENEMIES": 18,
  "SAFETY_OWN_PIECES": 2,
  "STEP_RADIUS_MULT": 1.3688099605177009,
  "SPLIT_REACH_RELIABILITY": 0.7583932507163098,
  "ESCAPE_DIRECT_RANGE_MULT": 6.861773226100737,
  "ESCAPE_SPLIT_REACH_BUFFER": 1.1083911666897022,
  "ESCAPE_MOVE_WEIGHT": 98.2277094972578,
  "ESCAPE_WALL_WEIGHT": 121.2152750139187,
  "ESCAPE_VIRUS_SHIELD_WEIGHT": 1179.2865514901498,
  "ESCAPE_HARD_MARGIN": 0.09233261631766035,
  "SPLIT_CAPTURE_WEIGHT": 8.231734049716117,
  "SPLIT_DEPTH_COST": 2.1639828487591433,
  "SPLIT_FRAGMENT_COST": 0.4165774214914639,
  "SPLIT_EXTERNAL_RISK_WEIGHT": 2.635323647501665,
  "SPLIT_MIN_UTILITY": 8.067818380604226,
  "SPLIT_LARGER_OWNER_RATIO": 1.032809748929763,
  "SPLIT_PLAN_WAIT_TICKS": 8,
  "CHASE_ACQUIRE_RANGE_MULT": 8.046832422384076,
  "CHASE_DIRECT_RANGE_MULT": 4.980031452822584,
  "CHASE_MAX_INTERCEPT_TICKS": 8.284020828186318,
  "CHASE_LOCK_TICKS": 161,
  "CHASE_WALL_HORIZON": 37.65531936729427,
  "CHASE_BLOCK_OFFSET_MULT": 1.1761419242093896,
  "CHASE_DISTANCE_WEIGHT": 0.9479504621545929,
  "CHASE_ETA_WEIGHT": 3.0715753885449555,
  "CHASE_LOCK_BONUS": 34.96067801188043,
  "CHASE_VELOCITY_NEW_WEIGHT": 0.8388219092351769,
  "VIRUS_ENEMY_RANGE_MULT": 6.662000401985091,
  "VIRUS_MANUAL_SPLIT_TIME_BONUS": 1.8190153142322238,
  "VIRUS_MANUAL_SPLIT_RISK_COST": 2.097620138766786,
  "VIRUS_MAX_FARM_MASS": 85.38474389362541,
  "FOOD_CLUSTER_RADIUS": 5.663679456663433,
  "FOOD_CLUSTER_WEIGHT": 1.3081787192481604,
  "FOOD_DISTANCE_POWER": 1.9615061865294219,
  "FOOD_LOCK_TICKS": 10,
  "ROAM_CENTER_WEIGHT": 1.1715419446091548,
  "ROAM_MOMENTUM_WEIGHT": 0.3636706426517424
}