{
  "OVERRIDE_ORDER": [
    "escape",
    "unstuck",
    "split",
    "virus",
    "chase",
    "food"
  ],
  "NUM_DIRECTIONS": 16,
  "MAX_ENEMIES": 24,
  "SAFETY_OWN_PIECES": 2,
  "STEP_RADIUS_MULT": 1.38373410812707,
  "SPLIT_REACH_RELIABILITY": 0.6771605213761004,
  "ESCAPE_DIRECT_RANGE_MULT": 7.558176390627611,
  "ESCAPE_SPLIT_REACH_BUFFER": 1.067049134829745,
  "ESCAPE_MOVE_WEIGHT": 94.81771407157902,
  "ESCAPE_WALL_WEIGHT": 131.41481816594646,
  "ESCAPE_VIRUS_SHIELD_WEIGHT": 678.9813799009557,
  "ESCAPE_HARD_MARGIN": 0.02789802750258028,
  "SPLIT_CAPTURE_WEIGHT": 3.3750592174118337,
  "SPLIT_DEPTH_COST": 4.413146148296946,
  "SPLIT_FRAGMENT_COST": 0.07654062472204458,
  "SPLIT_EXTERNAL_RISK_WEIGHT": 1.421683657133078,
  "SPLIT_MIN_UTILITY": 5.358558754116652,
  "SPLIT_LARGER_OWNER_RATIO": 0.9895728710624863,
  "SPLIT_PLAN_WAIT_TICKS": 4,
  "CHASE_ACQUIRE_RANGE_MULT": 4.7108260058696985,
  "CHASE_DIRECT_RANGE_MULT": 4.447906481136744,
  "CHASE_MAX_INTERCEPT_TICKS": 14.062515920881914,
  "CHASE_LOCK_TICKS": 71,
  "CHASE_WALL_HORIZON": 21.835112780166654,
  "CHASE_BLOCK_OFFSET_MULT": 1.3810183361813255,
  "CHASE_DISTANCE_WEIGHT": 0.6187964263089661,
  "CHASE_ETA_WEIGHT": 1.9396843100237522,
  "CHASE_LOCK_BONUS": 27.175051711974845,
  "CHASE_VELOCITY_NEW_WEIGHT": 0.24620959275215942,
  "VIRUS_ENEMY_RANGE_MULT": 5.711357641028279,
  "VIRUS_MANUAL_SPLIT_TIME_BONUS": 0.6060673198259661,
  "VIRUS_MANUAL_SPLIT_RISK_COST": 2.993598895924887,
  "VIRUS_MAX_FARM_MASS": 246.79975783175885,
  "FOOD_CLUSTER_RADIUS": 5.417783272718014,
  "FOOD_CLUSTER_WEIGHT": 1.0930160338483994,
  "FOOD_DISTANCE_POWER": 2.16894556416286,
  "FOOD_LOCK_TICKS": 9,
  "ROAM_CENTER_WEIGHT": 0.42361513642133686,
  "ROAM_MOMENTUM_WEIGHT": 0.3500725437443304
}