{
  "OVERRIDE_ORDER": [
    "escape",
    "unstuck",
    "split",
    "chase",
    "virus",
    "food"
  ],
  "NUM_DIRECTIONS": 16,
  "MAX_ENEMIES": 18,
  "SAFETY_OWN_PIECES": 2,
  "STEP_RADIUS_MULT": 1.5205554182198333,
  "SPLIT_REACH_RELIABILITY": 0.8833864351062543,
  "ESCAPE_DIRECT_RANGE_MULT": 5.539090500878303,
  "ESCAPE_SPLIT_REACH_BUFFER": 1.1294926411618806,
  "ESCAPE_MOVE_WEIGHT": 89.56276732193804,
  "ESCAPE_WALL_WEIGHT": 135.04708137821203,
  "ESCAPE_VIRUS_SHIELD_WEIGHT": 1031.012635084773,
  "ESCAPE_HARD_MARGIN": 0.1704926043574518,
  "SPLIT_CAPTURE_WEIGHT": 7.367353843183788,
  "SPLIT_DEPTH_COST": 2.3322251127092324,
  "SPLIT_FRAGMENT_COST": 0.5386193198040357,
  "SPLIT_EXTERNAL_RISK_WEIGHT": 2.488208843500096,
  "SPLIT_MIN_UTILITY": 7.493038595240355,
  "SPLIT_LARGER_OWNER_RATIO": 1.143818504830141,
  "SPLIT_PLAN_WAIT_TICKS": 8,
  "CHASE_ACQUIRE_RANGE_MULT": 8.476744463836907,
  "CHASE_DIRECT_RANGE_MULT": 4.693491108628513,
  "CHASE_MAX_INTERCEPT_TICKS": 5.960949759430699,
  "CHASE_LOCK_TICKS": 190,
  "CHASE_WALL_HORIZON": 24.945216621357684,
  "CHASE_BLOCK_OFFSET_MULT": 1.0294943193989623,
  "CHASE_DISTANCE_WEIGHT": 0.6089034426280934,
  "CHASE_ETA_WEIGHT": 2.470961279026986,
  "CHASE_LOCK_BONUS": 34.51511256312284,
  "CHASE_VELOCITY_NEW_WEIGHT": 0.8392544188901865,
  "VIRUS_ENEMY_RANGE_MULT": 7.88607495539214,
  "VIRUS_MANUAL_SPLIT_TIME_BONUS": 1.7910875848532055,
  "VIRUS_MANUAL_SPLIT_RISK_COST": 5.135296192151047,
  "VIRUS_MAX_FARM_MASS": 69.68163958045129,
  "FOOD_CLUSTER_RADIUS": 3.033713630165258,
  "FOOD_CLUSTER_WEIGHT": 0.8968286647663889,
  "FOOD_DISTANCE_POWER": 2.167314049323526,
  "FOOD_LOCK_TICKS": 9,
  "ROAM_CENTER_WEIGHT": 0.7841116790367321,
  "ROAM_MOMENTUM_WEIGHT": 0.31236165134218613
}