{
  "OVERRIDE_ORDER": [
    "escape",
    "unstuck",
    "split",
    "chase",
    "virus",
    "food"
  ],
  "NUM_DIRECTIONS": 16,
  "MAX_ENEMIES": 24,
  "SAFETY_OWN_PIECES": 2,
  "STEP_RADIUS_MULT": 1.3950907399171695,
  "SPLIT_REACH_RELIABILITY": 0.8047864151077557,
  "ESCAPE_DIRECT_RANGE_MULT": 4.663282412603602,
  "ESCAPE_SPLIT_REACH_BUFFER": 1.1135981171211071,
  "ESCAPE_MOVE_WEIGHT": 87.00329121886372,
  "ESCAPE_WALL_WEIGHT": 111.22053874456637,
  "ESCAPE_VIRUS_SHIELD_WEIGHT": 1343.9180345474101,
  "ESCAPE_HARD_MARGIN": 0.06795096846101147,
  "SPLIT_CAPTURE_WEIGHT": 12.514060055933856,
  "SPLIT_DEPTH_COST": 6.359140707769971,
  "SPLIT_FRAGMENT_COST": 0.23922710944971104,
  "SPLIT_EXTERNAL_RISK_WEIGHT": 0.6306872536295525,
  "SPLIT_MIN_UTILITY": 9.4553276229989,
  "SPLIT_LARGER_OWNER_RATIO": 1.0583291550896599,
  "SPLIT_PLAN_WAIT_TICKS": 9,
  "CHASE_ACQUIRE_RANGE_MULT": 12.557568795429553,
  "CHASE_DIRECT_RANGE_MULT": 4.291144405073157,
  "CHASE_MAX_INTERCEPT_TICKS": 8.432393040627769,
  "CHASE_LOCK_TICKS": 66,
  "CHASE_WALL_HORIZON": 20.954886558684706,
  "CHASE_BLOCK_OFFSET_MULT": 1.3563197072181454,
  "CHASE_DISTANCE_WEIGHT": 0.16400094109710026,
  "CHASE_ETA_WEIGHT": 1.0483098576615255,
  "CHASE_LOCK_BONUS": 38.832644346631014,
  "CHASE_VELOCITY_NEW_WEIGHT": 0.5428705034709644,
  "VIRUS_ENEMY_RANGE_MULT": 7.008992349769088,
  "VIRUS_MANUAL_SPLIT_TIME_BONUS": 0.7712336857962754,
  "VIRUS_MANUAL_SPLIT_RISK_COST": 1.699997870883785,
  "VIRUS_MAX_FARM_MASS": 82.2019142056089,
  "FOOD_CLUSTER_RADIUS": 3.0366363199197757,
  "FOOD_CLUSTER_WEIGHT": 1.1283047962721557,
  "FOOD_DISTANCE_POWER": 2.0127230874731667,
  "FOOD_LOCK_TICKS": 25,
  "ROAM_CENTER_WEIGHT": 2.426256026257176,
  "ROAM_MOMENTUM_WEIGHT": 0.5778368743534366
}