{
  "OVERRIDE_ORDER": [
    "escape",
    "split",
    "unstuck",
    "chase",
    "virus",
    "food"
  ],
  "NUM_DIRECTIONS": 16,
  "MAX_ENEMIES": 18,
  "SAFETY_OWN_PIECES": 3,
  "STEP_RADIUS_MULT": 1.310989643106584,
  "SPLIT_REACH_RELIABILITY": 0.6550561441277944,
  "ESCAPE_DIRECT_RANGE_MULT": 7.208823944681056,
  "ESCAPE_SPLIT_REACH_BUFFER": 0.9982429971818609,
  "ESCAPE_MOVE_WEIGHT": 109.32856314616586,
  "ESCAPE_WALL_WEIGHT": 298.4907392425312,
  "ESCAPE_VIRUS_SHIELD_WEIGHT": 433.27339858521896,
  "ESCAPE_HARD_MARGIN": 0.23028913671912918,
  "SPLIT_CAPTURE_WEIGHT": 4.550215743455261,
  "SPLIT_DEPTH_COST": 4.22563094124039,
  "SPLIT_FRAGMENT_COST": 0.02255896043299224,
  "SPLIT_EXTERNAL_RISK_WEIGHT": 1.0573696661139187,
  "SPLIT_MIN_UTILITY": 7.3250175979925904,
  "SPLIT_LARGER_OWNER_RATIO": 1.0156702355996847,
  "SPLIT_PLAN_WAIT_TICKS": 7,
  "CHASE_ACQUIRE_RANGE_MULT": 9.058635333336639,
  "CHASE_DIRECT_RANGE_MULT": 3.214367323581976,
  "CHASE_MAX_INTERCEPT_TICKS": 9.569902716759657,
  "CHASE_LOCK_TICKS": 70,
  "CHASE_WALL_HORIZON": 35.94727748880224,
  "CHASE_BLOCK_OFFSET_MULT": 1.3768617971813482,
  "CHASE_DISTANCE_WEIGHT": 0.11462805414556473,
  "CHASE_ETA_WEIGHT": 1.271180754688683,
  "CHASE_LOCK_BONUS": 5.358291230498561,
  "CHASE_VELOCITY_NEW_WEIGHT": 0.49752495907706673,
  "VIRUS_ENEMY_RANGE_MULT": 7.1041148948283634,
  "VIRUS_MANUAL_SPLIT_TIME_BONUS": 0.6357351836006233,
  "VIRUS_MANUAL_SPLIT_RISK_COST": 0.3180296890980381,
  "VIRUS_MAX_FARM_MASS": 103.96394957680603,
  "FOOD_CLUSTER_RADIUS": 4.015934994482615,
  "FOOD_CLUSTER_WEIGHT": 1.338670512153857,
  "FOOD_DISTANCE_POWER": 2.2208978672848714,
  "FOOD_LOCK_TICKS": 23,
  "ROAM_CENTER_WEIGHT": 0.5249739161598886,
  "ROAM_MOMENTUM_WEIGHT": 0.8772521527288908
}