{
  "OVERRIDE_ORDER": [
    "escape",
    "unstuck",
    "split",
    "chase",
    "virus",
    "food"
  ],
  "NUM_DIRECTIONS": 16,
  "MAX_ENEMIES": 21,
  "SAFETY_OWN_PIECES": 2,
  "STEP_RADIUS_MULT": 1.5658705204002143,
  "SPLIT_REACH_RELIABILITY": 0.687392628965154,
  "ESCAPE_DIRECT_RANGE_MULT": 6.544347484960646,
  "ESCAPE_SPLIT_REACH_BUFFER": 1.0905183051374854,
  "ESCAPE_MOVE_WEIGHT": 125.55823383374766,
  "ESCAPE_WALL_WEIGHT": 113.93516891610318,
  "ESCAPE_VIRUS_SHIELD_WEIGHT": 1062.2544400812396,
  "ESCAPE_HARD_MARGIN": 0.05780016350540054,
  "SPLIT_CAPTURE_WEIGHT": 11.198204784791804,
  "SPLIT_DEPTH_COST": 4.351049975491264,
  "SPLIT_FRAGMENT_COST": 0.45180361522200724,
  "SPLIT_EXTERNAL_RISK_WEIGHT": 0.8774505467349326,
  "SPLIT_MIN_UTILITY": 8.475629975111485,
  "SPLIT_LARGER_OWNER_RATIO": 0.9873706671644431,
  "SPLIT_PLAN_WAIT_TICKS": 5,
  "CHASE_ACQUIRE_RANGE_MULT": 13.206373401099158,
  "CHASE_DIRECT_RANGE_MULT": 4.816100868962425,
  "CHASE_MAX_INTERCEPT_TICKS": 10.104517755575861,
  "CHASE_LOCK_TICKS": 77,
  "CHASE_WALL_HORIZON": 23.644570271338598,
  "CHASE_BLOCK_OFFSET_MULT": 1.029341533832506,
  "CHASE_DISTANCE_WEIGHT": 0.8930850662877569,
  "CHASE_ETA_WEIGHT": 1.7197249933555618,
  "CHASE_LOCK_BONUS": 28.998126947830023,
  "CHASE_VELOCITY_NEW_WEIGHT": 0.6281169861984012,
  "VIRUS_ENEMY_RANGE_MULT": 8.989219370808236,
  "VIRUS_MANUAL_SPLIT_TIME_BONUS": 0.558887243308701,
  "VIRUS_MANUAL_SPLIT_RISK_COST": 1.7250466463119607,
  "VIRUS_MAX_FARM_MASS": 133.25362948299852,
  "FOOD_CLUSTER_RADIUS": 4.238698164150756,
  "FOOD_CLUSTER_WEIGHT": 2.0718706568017606,
  "FOOD_DISTANCE_POWER": 2.1817022399102823,
  "FOOD_LOCK_TICKS": 22,
  "ROAM_CENTER_WEIGHT": 2.0549237623290693,
  "ROAM_MOMENTUM_WEIGHT": 0.1251488556786261
}