{
  "OVERRIDE_ORDER": [
    "escape",
    "unstuck",
    "split",
    "virus",
    "chase",
    "food"
  ],
  "NUM_DIRECTIONS": 16,
  "MAX_ENEMIES": 21,
  "SAFETY_OWN_PIECES": 2,
  "STEP_RADIUS_MULT": 1.48800182210268,
  "SPLIT_REACH_RELIABILITY": 0.7145301839766453,
  "ESCAPE_DIRECT_RANGE_MULT": 6.085004490477384,
  "ESCAPE_SPLIT_REACH_BUFFER": 1.0396545628995297,
  "ESCAPE_MOVE_WEIGHT": 153.26621676441522,
  "ESCAPE_WALL_WEIGHT": 104.93305008418415,
  "ESCAPE_VIRUS_SHIELD_WEIGHT": 805.4544249764523,
  "ESCAPE_HARD_MARGIN": 0.17606997150421097,
  "SPLIT_CAPTURE_WEIGHT": 11.14640952689956,
  "SPLIT_DEPTH_COST": 4.065745460117377,
  "SPLIT_FRAGMENT_COST": 0.39055672334711616,
  "SPLIT_EXTERNAL_RISK_WEIGHT": 1.1284086266145716,
  "SPLIT_MIN_UTILITY": 8.889168713983947,
  "SPLIT_LARGER_OWNER_RATIO": 1.0824052907261958,
  "SPLIT_PLAN_WAIT_TICKS": 7,
  "CHASE_ACQUIRE_RANGE_MULT": 13.096484645312907,
  "CHASE_DIRECT_RANGE_MULT": 3.978857884436718,
  "CHASE_MAX_INTERCEPT_TICKS": 12.868547726720527,
  "CHASE_LOCK_TICKS": 54,
  "CHASE_WALL_HORIZON": 25.580593200413084,
  "CHASE_BLOCK_OFFSET_MULT": 1.394547581203385,
  "CHASE_DISTANCE_WEIGHT": 0.1943589236555759,
  "CHASE_ETA_WEIGHT": 0.3427274577231385,
  "CHASE_LOCK_BONUS": 39.32366428229662,
  "CHASE_VELOCITY_NEW_WEIGHT": 0.3125943431016427,
  "VIRUS_ENEMY_RANGE_MULT": 7.103829709529001,
  "VIRUS_MANUAL_SPLIT_TIME_BONUS": 0.9521574321386234,
  "VIRUS_MANUAL_SPLIT_RISK_COST": 4.229426455310653,
  "VIRUS_MAX_FARM_MASS": 116.65917043183168,
  "FOOD_CLUSTER_RADIUS": 4.028937745102668,
  "FOOD_CLUSTER_WEIGHT": 2.754390091468614,
  "FOOD_DISTANCE_POWER": 2.216850779661695,
  "FOOD_LOCK_TICKS": 6,
  "ROAM_CENTER_WEIGHT": 1.9580176306645005,
  "ROAM_MOMENTUM_WEIGHT": 0.7214927751532312
}