{
  "OVERRIDE_ORDER": [
    "escape",
    "unstuck",
    "split",
    "virus",
    "chase",
    "food"
  ],
  "NUM_DIRECTIONS": 16,
  "MAX_ENEMIES": 21,
  "SAFETY_OWN_PIECES": 3,
  "STEP_RADIUS_MULT": 1.4362374065953025,
  "SPLIT_REACH_RELIABILITY": 0.8247998621570168,
  "ESCAPE_DIRECT_RANGE_MULT": 5.4172502176469,
  "ESCAPE_SPLIT_REACH_BUFFER": 1.0600730278273078,
  "ESCAPE_MOVE_WEIGHT": 106.06022220954367,
  "ESCAPE_WALL_WEIGHT": 110.42017891684263,
  "ESCAPE_VIRUS_SHIELD_WEIGHT": 512.3624121553457,
  "ESCAPE_HARD_MARGIN": 0.2175937533858847,
  "SPLIT_CAPTURE_WEIGHT": 7.133181132305255,
  "SPLIT_DEPTH_COST": 5.518788327192552,
  "SPLIT_FRAGMENT_COST": 0.5320672700294452,
  "SPLIT_EXTERNAL_RISK_WEIGHT": 1.1823275275971374,
  "SPLIT_MIN_UTILITY": 7.375010513225511,
  "SPLIT_LARGER_OWNER_RATIO": 0.9930689655726548,
  "SPLIT_PLAN_WAIT_TICKS": 7,
  "CHASE_ACQUIRE_RANGE_MULT": 9.39830666821201,
  "CHASE_DIRECT_RANGE_MULT": 3.8541924140309938,
  "CHASE_MAX_INTERCEPT_TICKS": 13.657029067009915,
  "CHASE_LOCK_TICKS": 68,
  "CHASE_WALL_HORIZON": 16.82934652132339,
  "CHASE_BLOCK_OFFSET_MULT": 1.2230788591385644,
  "CHASE_DISTANCE_WEIGHT": 0.22947525324606752,
  "CHASE_ETA_WEIGHT": 0.5000408825759811,
  "CHASE_LOCK_BONUS": 9.606353845735677,
  "CHASE_VELOCITY_NEW_WEIGHT": 0.36898523649165954,
  "VIRUS_ENEMY_RANGE_MULT": 4.793775950427476,
  "VIRUS_MANUAL_SPLIT_TIME_BONUS": 1.8365918478412133,
  "VIRUS_MANUAL_SPLIT_RISK_COST": 4.019565137148835,
  "VIRUS_MAX_FARM_MASS": 180.24764790325003,
  "FOOD_CLUSTER_RADIUS": 3.044522049979503,
  "FOOD_CLUSTER_WEIGHT": 1.4317766384112047,
  "FOOD_DISTANCE_POWER": 2.1300704990550465,
  "FOOD_LOCK_TICKS": 22,
  "ROAM_CENTER_WEIGHT": 1.6799404310254047,
  "ROAM_MOMENTUM_WEIGHT": 1.085036042310355
}