{
  "OVERRIDE_ORDER": [
    "escape",
    "split",
    "unstuck",
    "chase",
    "virus",
    "food"
  ],
  "NUM_DIRECTIONS": 16,
  "MAX_ENEMIES": 24,
  "SAFETY_OWN_PIECES": 2,
  "STEP_RADIUS_MULT": 1.5573489551116264,
  "SPLIT_REACH_RELIABILITY": 0.6929131161322777,
  "ESCAPE_DIRECT_RANGE_MULT": 6.417454112331286,
  "ESCAPE_SPLIT_REACH_BUFFER": 1.0847729401623936,
  "ESCAPE_MOVE_WEIGHT": 172.73577427185992,
  "ESCAPE_WALL_WEIGHT": 548.745472180843,
  "ESCAPE_VIRUS_SHIELD_WEIGHT": 737.0563359948924,
  "ESCAPE_HARD_MARGIN": 0.16650401516181304,
  "SPLIT_CAPTURE_WEIGHT": 4.918162074346091,
  "SPLIT_DEPTH_COST": 5.218872364357362,
  "SPLIT_FRAGMENT_COST": 0.3297571189960341,
  "SPLIT_EXTERNAL_RISK_WEIGHT": 1.6374003275045406,
  "SPLIT_MIN_UTILITY": 7.303042276408593,
  "SPLIT_LARGER_OWNER_RATIO": 1.1252843921102205,
  "SPLIT_PLAN_WAIT_TICKS": 6,
  "CHASE_ACQUIRE_RANGE_MULT": 6.288094487712629,
  "CHASE_DIRECT_RANGE_MULT": 2.6173752696346964,
  "CHASE_MAX_INTERCEPT_TICKS": 6.523120452762257,
  "CHASE_LOCK_TICKS": 194,
  "CHASE_WALL_HORIZON": 19.03226431071785,
  "CHASE_BLOCK_OFFSET_MULT": 0.6923555528075502,
  "CHASE_DISTANCE_WEIGHT": 0.06650539748039752,
  "CHASE_ETA_WEIGHT": 0.39199881620510874,
  "CHASE_LOCK_BONUS": 6.160483915043715,
  "CHASE_VELOCITY_NEW_WEIGHT": 0.24872694240527474,
  "VIRUS_ENEMY_RANGE_MULT": 2.2212534779920547,
  "VIRUS_MANUAL_SPLIT_TIME_BONUS": 2.355187909417061,
  "VIRUS_MANUAL_SPLIT_RISK_COST": 0.4235816401578118,
  "VIRUS_MAX_FARM_MASS": 302.69811176288493,
  "FOOD_CLUSTER_RADIUS": 6.811488606723172,
  "FOOD_CLUSTER_WEIGHT": 2.450563569529073,
  "FOOD_DISTANCE_POWER": 1.5852169782308008,
  "FOOD_LOCK_TICKS": 19,
  "ROAM_CENTER_WEIGHT": 0.3457421197396196,
  "ROAM_MOMENTUM_WEIGHT": 0.7038383125170319
}