{
  "OVERRIDE_ORDER": [
    "escape",
    "unstuck",
    "split",
    "chase",
    "virus",
    "food"
  ],
  "NUM_DIRECTIONS": 16,
  "MAX_ENEMIES": 21,
  "SAFETY_OWN_PIECES": 2,
  "STEP_RADIUS_MULT": 1.445427014326307,
  "SPLIT_REACH_RELIABILITY": 0.7427108732579927,
  "ESCAPE_DIRECT_RANGE_MULT": 6.214921665477224,
  "ESCAPE_SPLIT_REACH_BUFFER": 1.0217241316016412,
  "ESCAPE_MOVE_WEIGHT": 114.43556350812324,
  "ESCAPE_WALL_WEIGHT": 126.98208730850975,
  "ESCAPE_VIRUS_SHIELD_WEIGHT": 1262.3160994468344,
  "ESCAPE_HARD_MARGIN": 0.2605289960604039,
  "SPLIT_CAPTURE_WEIGHT": 14.06082081977885,
  "SPLIT_DEPTH_COST": 3.0402501468753327,
  "SPLIT_FRAGMENT_COST": 0.141356058467754,
  "SPLIT_EXTERNAL_RISK_WEIGHT": 0.4609933589217079,
  "SPLIT_MIN_UTILITY": 6.904965310665107,
  "SPLIT_LARGER_OWNER_RATIO": 0.9534382095810199,
  "SPLIT_PLAN_WAIT_TICKS": 2,
  "CHASE_ACQUIRE_RANGE_MULT": 9.99400281959483,
  "CHASE_DIRECT_RANGE_MULT": 4.756181509487564,
  "CHASE_MAX_INTERCEPT_TICKS": 15.135189371097173,
  "CHASE_LOCK_TICKS": 158,
  "CHASE_WALL_HORIZON": 15.354782928688863,
  "CHASE_BLOCK_OFFSET_MULT": 1.0470730720302217,
  "CHASE_DISTANCE_WEIGHT": 0.6867113829741526,
  "CHASE_ETA_WEIGHT": 0.39196168399133186,
  "CHASE_LOCK_BONUS": 13.33000013408596,
  "CHASE_VELOCITY_NEW_WEIGHT": 0.5818871413114985,
  "VIRUS_ENEMY_RANGE_MULT": 7.017331702204019,
  "VIRUS_MANUAL_SPLIT_TIME_BONUS": 3.529645776194044,
  "VIRUS_MANUAL_SPLIT_RISK_COST": 1.5097297999784256,
  "VIRUS_MAX_FARM_MASS": 280.9040159931013,
  "FOOD_CLUSTER_RADIUS": 3.005718993512232,
  "FOOD_CLUSTER_WEIGHT": 2.9437574482262696,
  "FOOD_DISTANCE_POWER": 1.8049510615563926,
  "FOOD_LOCK_TICKS": 23,
  "ROAM_CENTER_WEIGHT": 0.8078581690314551,
  "ROAM_MOMENTUM_WEIGHT": 0.8937177168820457
}