{
  "OVERRIDE_ORDER": [
    "escape",
    "unstuck",
    "split",
    "chase",
    "virus",
    "food"
  ],
  "NUM_DIRECTIONS": 16,
  "MAX_ENEMIES": 21,
  "SAFETY_OWN_PIECES": 2,
  "STEP_RADIUS_MULT": 1.5984611586817916,
  "SPLIT_REACH_RELIABILITY": 0.7031364006783558,
  "ESCAPE_DIRECT_RANGE_MULT": 7.35760967075798,
  "ESCAPE_SPLIT_REACH_BUFFER": 1.1412884490747983,
  "ESCAPE_MOVE_WEIGHT": 137.50258661153316,
  "ESCAPE_WALL_WEIGHT": 103.86419790143694,
  "ESCAPE_VIRUS_SHIELD_WEIGHT": 608.7465531796495,
  "ESCAPE_HARD_MARGIN": 0.19718494364674288,
  "SPLIT_CAPTURE_WEIGHT": 10.000672382643923,
  "SPLIT_DEPTH_COST": 6.791507025900887,
  "SPLIT_FRAGMENT_COST": 0.17999746847588288,
  "SPLIT_EXTERNAL_RISK_WEIGHT": 0.7997434950266181,
  "SPLIT_MIN_UTILITY": 3.4512764339501034,
  "SPLIT_LARGER_OWNER_RATIO": 1.1300875658799414,
  "SPLIT_PLAN_WAIT_TICKS": 7,
  "CHASE_ACQUIRE_RANGE_MULT": 5.062436394540061,
  "CHASE_DIRECT_RANGE_MULT": 3.073311678663586,
  "CHASE_MAX_INTERCEPT_TICKS": 13.177039856959368,
  "CHASE_LOCK_TICKS": 31,
  "CHASE_WALL_HORIZON": 27.732045645132697,
  "CHASE_BLOCK_OFFSET_MULT": 1.3553550682773934,
  "CHASE_DISTANCE_WEIGHT": 0.14211083388989337,
  "CHASE_ETA_WEIGHT": 1.2988335485184266,
  "CHASE_LOCK_BONUS": 28.283892272572654,
  "CHASE_VELOCITY_NEW_WEIGHT": 0.3073899612351975,
  "VIRUS_ENEMY_RANGE_MULT": 8.22888980923929,
  "VIRUS_MANUAL_SPLIT_TIME_BONUS": 1.3233210564854219,
  "VIRUS_MANUAL_SPLIT_RISK_COST": 0.7917604353564095,
  "VIRUS_MAX_FARM_MASS": 135.16505325456387,
  "FOOD_CLUSTER_RADIUS": 6.681674648065479,
  "FOOD_CLUSTER_WEIGHT": 1.1851721488762654,
  "FOOD_DISTANCE_POWER": 1.496652655970596,
  "FOOD_LOCK_TICKS": 13,
  "ROAM_CENTER_WEIGHT": 0.403293060294085,
  "ROAM_MOMENTUM_WEIGHT": 0.16516058425357033
}