{
  "OVERRIDE_ORDER": [
    "escape",
    "unstuck",
    "split",
    "virus",
    "chase",
    "food"
  ],
  "NUM_DIRECTIONS": 16,
  "MAX_ENEMIES": 24,
  "SAFETY_OWN_PIECES": 2,
  "STEP_RADIUS_MULT": 1.3607118641109581,
  "SPLIT_REACH_RELIABILITY": 0.7237098785013655,
  "ESCAPE_DIRECT_RANGE_MULT": 5.353644185750739,
  "ESCAPE_SPLIT_REACH_BUFFER": 1.15759048269853,
  "ESCAPE_MOVE_WEIGHT": 107.71382825836322,
  "ESCAPE_WALL_WEIGHT": 128.4646772537838,
  "ESCAPE_VIRUS_SHIELD_WEIGHT": 1376.0615726900523,
  "ESCAPE_HARD_MARGIN": 0.24583982363621526,
  "SPLIT_CAPTURE_WEIGHT": 12.615502367853892,
  "SPLIT_DEPTH_COST": 1.8395133664874024,
  "SPLIT_FRAGMENT_COST": 0.5259471618623407,
  "SPLIT_EXTERNAL_RISK_WEIGHT": 0.5760288579434762,
  "SPLIT_MIN_UTILITY": 8.11478905443427,
  "SPLIT_LARGER_OWNER_RATIO": 1.065908660816862,
  "SPLIT_PLAN_WAIT_TICKS": 3,
  "CHASE_ACQUIRE_RANGE_MULT": 8.394483712364181,
  "CHASE_DIRECT_RANGE_MULT": 3.330403940161285,
  "CHASE_MAX_INTERCEPT_TICKS": 17.0291378348541,
  "CHASE_LOCK_TICKS": 67,
  "CHASE_WALL_HORIZON": 19.059631475523293,
  "CHASE_BLOCK_OFFSET_MULT": 1.4943530006593253,
  "CHASE_DISTANCE_WEIGHT": 0.2469306817953578,
  "CHASE_ETA_WEIGHT": 0.26855518868246536,
  "CHASE_LOCK_BONUS": 22.310854403304187,
  "CHASE_VELOCITY_NEW_WEIGHT": 0.5382180302085912,
  "VIRUS_ENEMY_RANGE_MULT": 6.973272780270633,
  "VIRUS_MANUAL_SPLIT_TIME_BONUS": 0.9088782062005917,
  "VIRUS_MANUAL_SPLIT_RISK_COST": 2.6507160504144367,
  "VIRUS_MAX_FARM_MASS": 217.3449585816596,
  "FOOD_CLUSTER_RADIUS": 5.678763666274857,
  "FOOD_CLUSTER_WEIGHT": 0.7253666939111081,
  "FOOD_DISTANCE_POWER": 1.5288156995782145,
  "FOOD_LOCK_TICKS": 11,
  "ROAM_CENTER_WEIGHT": 1.587121928911026,
  "ROAM_MOMENTUM_WEIGHT": 0.8198016217183697
}