{
  "OVERRIDE_ORDER": [
    "escape",
    "unstuck",
    "split",
    "chase",
    "virus",
    "food"
  ],
  "NUM_DIRECTIONS": 12,
  "MAX_ENEMIES": 24,
  "SAFETY_OWN_PIECES": 2,
  "STEP_RADIUS_MULT": 1.3223632743933826,
  "SPLIT_REACH_RELIABILITY": 0.6967874347805308,
  "ESCAPE_DIRECT_RANGE_MULT": 7.214857653169204,
  "ESCAPE_SPLIT_REACH_BUFFER": 1.0216737531798616,
  "ESCAPE_MOVE_WEIGHT": 153.1517838927545,
  "ESCAPE_WALL_WEIGHT": 127.11234163739664,
  "ESCAPE_VIRUS_SHIELD_WEIGHT": 344.99191534830834,
  "ESCAPE_HARD_MARGIN": 0.027509671642651556,
  "SPLIT_CAPTURE_WEIGHT": 4.004323640085138,
  "SPLIT_DEPTH_COST": 5.038737390726877,
  "SPLIT_FRAGMENT_COST": 0.1027099351897747,
  "SPLIT_EXTERNAL_RISK_WEIGHT": 0.9489974887004264,
  "SPLIT_MIN_UTILITY": 2.7715609431088475,
  "SPLIT_LARGER_OWNER_RATIO": 1.0941865939858821,
  "SPLIT_PLAN_WAIT_TICKS": 3,
  "CHASE_ACQUIRE_RANGE_MULT": 6.856573807655074,
  "CHASE_DIRECT_RANGE_MULT": 4.793207235581893,
  "CHASE_MAX_INTERCEPT_TICKS": 17.9849972678714,
  "CHASE_LOCK_TICKS": 104,
  "CHASE_WALL_HORIZON": 20.53778456378071,
  "CHASE_BLOCK_OFFSET_MULT": 1.2488260713594328,
  "CHASE_DISTANCE_WEIGHT": 0.1773384920163287,
  "CHASE_ETA_WEIGHT": 0.795649800636117,
  "CHASE_LOCK_BONUS": 17.00934208706418,
  "CHASE_VELOCITY_NEW_WEIGHT": 0.35191578838663934,
  "VIRUS_ENEMY_RANGE_MULT": 6.3188499265641624,
  "VIRUS_MANUAL_SPLIT_TIME_BONUS": 0.6869858560444829,
  "VIRUS_MANUAL_SPLIT_RISK_COST": 6.257129854682867,
  "VIRUS_MAX_FARM_MASS": 145.9644596039788,
  "FOOD_CLUSTER_RADIUS": 5.710856714050998,
  "FOOD_CLUSTER_WEIGHT": 1.4744294956987007,
  "FOOD_DISTANCE_POWER": 1.7172562311176025,
  "FOOD_LOCK_TICKS": 4,
  "ROAM_CENTER_WEIGHT": 0.8955880535760662,
  "ROAM_MOMENTUM_WEIGHT": 0.7136370283271779
}