{
  "OVERRIDE_ORDER": [
    "escape",
    "split",
    "unstuck",
    "chase",
    "virus",
    "food"
  ],
  "NUM_DIRECTIONS": 16,
  "MAX_ENEMIES": 21,
  "SAFETY_OWN_PIECES": 2,
  "STEP_RADIUS_MULT": 1.664263522602842,
  "SPLIT_REACH_RELIABILITY": 0.8577764668094786,
  "ESCAPE_DIRECT_RANGE_MULT": 5.035612134531744,
  "ESCAPE_SPLIT_REACH_BUFFER": 1.0893673735422253,
  "ESCAPE_MOVE_WEIGHT": 183.72749244555806,
  "ESCAPE_WALL_WEIGHT": 310.38012029908134,
  "ESCAPE_VIRUS_SHIELD_WEIGHT": 727.4781244138827,
  "ESCAPE_HARD_MARGIN": 0.19890826401247358,
  "SPLIT_CAPTURE_WEIGHT": 3.0040924528778405,
  "SPLIT_DEPTH_COST": 5.1726676748839475,
  "SPLIT_FRAGMENT_COST": 0.63710249799634,
  "SPLIT_EXTERNAL_RISK_WEIGHT": 2.1070638018526777,
  "SPLIT_MIN_UTILITY": 5.075902109919159,
  "SPLIT_LARGER_OWNER_RATIO": 1.0570647701366354,
  "SPLIT_PLAN_WAIT_TICKS": 6,
  "CHASE_ACQUIRE_RANGE_MULT": 6.410115594701258,
  "CHASE_DIRECT_RANGE_MULT": 2.5343552206098936,
  "CHASE_MAX_INTERCEPT_TICKS": 7.211509726086207,
  "CHASE_LOCK_TICKS": 118,
  "CHASE_WALL_HORIZON": 21.11961137938085,
  "CHASE_BLOCK_OFFSET_MULT": 0.4937032857265514,
  "CHASE_DISTANCE_WEIGHT": 0.1610948936289685,
  "CHASE_ETA_WEIGHT": 0.5235183755571512,
  "CHASE_LOCK_BONUS": 29.263047391176993,
  "CHASE_VELOCITY_NEW_WEIGHT": 0.2508274850663005,
  "VIRUS_ENEMY_RANGE_MULT": 2.4529951528518614,
  "VIRUS_MANUAL_SPLIT_TIME_BONUS": 1.761286138213082,
  "VIRUS_MANUAL_SPLIT_RISK_COST": 0.41708947081352576,
  "VIRUS_MAX_FARM_MASS": 140.3352162594341,
  "FOOD_CLUSTER_RADIUS": 4.089431741738206,
  "FOOD_CLUSTER_WEIGHT": 1.498371960997999,
  "FOOD_DISTANCE_POWER": 1.0565061554837456,
  "FOOD_LOCK_TICKS": 27,
  "ROAM_CENTER_WEIGHT": 0.8134375842241992,
  "ROAM_MOMENTUM_WEIGHT": 1.299038880988086
}