{
  "OVERRIDE_ORDER": [
    "escape",
    "unstuck",
    "split",
    "virus",
    "chase",
    "food"
  ],
  "NUM_DIRECTIONS": 16,
  "MAX_ENEMIES": 21,
  "SAFETY_OWN_PIECES": 2,
  "STEP_RADIUS_MULT": 1.3574321178936728,
  "SPLIT_REACH_RELIABILITY": 0.7676360477834514,
  "ESCAPE_DIRECT_RANGE_MULT": 5.821125026561072,
  "ESCAPE_SPLIT_REACH_BUFFER": 1.063930631052794,
  "ESCAPE_MOVE_WEIGHT": 106.13625191752183,
  "ESCAPE_WALL_WEIGHT": 130.40719531188577,
  "ESCAPE_VIRUS_SHIELD_WEIGHT": 999.1560578466117,
  "ESCAPE_HARD_MARGIN": 0.07334386729088423,
  "SPLIT_CAPTURE_WEIGHT": 11.651791063731919,
  "SPLIT_DEPTH_COST": 3.909512834375933,
  "SPLIT_FRAGMENT_COST": 0.5307135434449035,
  "SPLIT_EXTERNAL_RISK_WEIGHT": 0.869763213059434,
  "SPLIT_MIN_UTILITY": 6.767794511083778,
  "SPLIT_LARGER_OWNER_RATIO": 1.0307361654542346,
  "SPLIT_PLAN_WAIT_TICKS": 3,
  "CHASE_ACQUIRE_RANGE_MULT": 10.271167463786295,
  "CHASE_DIRECT_RANGE_MULT": 3.9570854389932415,
  "CHASE_MAX_INTERCEPT_TICKS": 12.778663281516817,
  "CHASE_LOCK_TICKS": 55,
  "CHASE_WALL_HORIZON": 19.143282316765788,
  "CHASE_BLOCK_OFFSET_MULT": 1.3250471432290187,
  "CHASE_DISTANCE_WEIGHT": 0.41675477305710484,
  "CHASE_ETA_WEIGHT": 1.3929634502948347,
  "CHASE_LOCK_BONUS": 46.07640790287983,
  "CHASE_VELOCITY_NEW_WEIGHT": 0.3449731704417376,
  "VIRUS_ENEMY_RANGE_MULT": 6.535097138349192,
  "VIRUS_MANUAL_SPLIT_TIME_BONUS": 2.155937066671626,
  "VIRUS_MANUAL_SPLIT_RISK_COST": 6.855351312400907,
  "VIRUS_MAX_FARM_MASS": 125.79974262050645,
  "FOOD_CLUSTER_RADIUS": 2.7565447817782456,
  "FOOD_CLUSTER_WEIGHT": 2.5127962546593827,
  "FOOD_DISTANCE_POWER": 1.749046567788295,
  "FOOD_LOCK_TICKS": 28,
  "ROAM_CENTER_WEIGHT": 1.9886527033425434,
  "ROAM_MOMENTUM_WEIGHT": 0.3800504217619105
}