{
  "OVERRIDE_ORDER": [
    "escape",
    "unstuck",
    "split",
    "chase",
    "virus",
    "food"
  ],
  "NUM_DIRECTIONS": 16,
  "MAX_ENEMIES": 21,
  "SAFETY_OWN_PIECES": 2,
  "STEP_RADIUS_MULT": 1.5397906207393837,
  "SPLIT_REACH_RELIABILITY": 0.6976250938621782,
  "ESCAPE_DIRECT_RANGE_MULT": 6.393139206449058,
  "ESCAPE_SPLIT_REACH_BUFFER": 1.1564905814836257,
  "ESCAPE_MOVE_WEIGHT": 86.72377027751996,
  "ESCAPE_WALL_WEIGHT": 179.3095972324904,
  "ESCAPE_VIRUS_SHIELD_WEIGHT": 1102.9105395706488,
  "ESCAPE_HARD_MARGIN": 0.0016066296376962483,
  "SPLIT_CAPTURE_WEIGHT": 14.323086377601689,
  "SPLIT_DEPTH_COST": 2.8181891506021803,
  "SPLIT_FRAGMENT_COST": 0.6197356531995639,
  "SPLIT_EXTERNAL_RISK_WEIGHT": 1.476913764358467,
  "SPLIT_MIN_UTILITY": 9.825250090309144,
  "SPLIT_LARGER_OWNER_RATIO": 0.9705742722228897,
  "SPLIT_PLAN_WAIT_TICKS": 5,
  "CHASE_ACQUIRE_RANGE_MULT": 8.496035521466528,
  "CHASE_DIRECT_RANGE_MULT": 4.858737230817841,
  "CHASE_MAX_INTERCEPT_TICKS": 8.18043551430992,
  "CHASE_LOCK_TICKS": 76,
  "CHASE_WALL_HORIZON": 20.4208604458978,
  "CHASE_BLOCK_OFFSET_MULT": 1.2373721588133602,
  "CHASE_DISTANCE_WEIGHT": 0.9503217947761791,
  "CHASE_ETA_WEIGHT": 1.311149935554566,
  "CHASE_LOCK_BONUS": 46.88283359908639,
  "CHASE_VELOCITY_NEW_WEIGHT": 0.5075580172598665,
  "VIRUS_ENEMY_RANGE_MULT": 8.13253245399421,
  "VIRUS_MANUAL_SPLIT_TIME_BONUS": 1.3056592648365508,
  "VIRUS_MANUAL_SPLIT_RISK_COST": 5.6379261771677385,
  "VIRUS_MAX_FARM_MASS": 111.74960324091822,
  "FOOD_CLUSTER_RADIUS": 3.9414070471890272,
  "FOOD_CLUSTER_WEIGHT": 2.480712057819341,
  "FOOD_DISTANCE_POWER": 1.5046432113557084,
  "FOOD_LOCK_TICKS": 22,
  "ROAM_CENTER_WEIGHT": 0.8823874422144814,
  "ROAM_MOMENTUM_WEIGHT": 0.17989032550685197
}