{
  "OVERRIDE_ORDER": [
    "escape",
    "unstuck",
    "split",
    "chase",
    "virus",
    "food"
  ],
  "NUM_DIRECTIONS": 12,
  "MAX_ENEMIES": 24,
  "SAFETY_OWN_PIECES": 2,
  "STEP_RADIUS_MULT": 1.2736221954074347,
  "SPLIT_REACH_RELIABILITY": 0.7219939704955282,
  "ESCAPE_DIRECT_RANGE_MULT": 6.013457317494271,
  "ESCAPE_SPLIT_REACH_BUFFER": 1.047570168077584,
  "ESCAPE_MOVE_WEIGHT": 149.38672374612008,
  "ESCAPE_WALL_WEIGHT": 107.63368360916462,
  "ESCAPE_VIRUS_SHIELD_WEIGHT": 916.1210622704658,
  "ESCAPE_HARD_MARGIN": 0.2617058513349116,
  "SPLIT_CAPTURE_WEIGHT": 4.112501838355915,
  "SPLIT_DEPTH_COST": 4.623140235620383,
  "SPLIT_FRAGMENT_COST": 0.10902771684913674,
  "SPLIT_EXTERNAL_RISK_WEIGHT": 1.127120462950961,
  "SPLIT_MIN_UTILITY": 4.07413945933878,
  "SPLIT_LARGER_OWNER_RATIO": 1.0573960665828372,
  "SPLIT_PLAN_WAIT_TICKS": 2,
  "CHASE_ACQUIRE_RANGE_MULT": 11.678037743444943,
  "CHASE_DIRECT_RANGE_MULT": 4.985943486564605,
  "CHASE_MAX_INTERCEPT_TICKS": 12.264496295041562,
  "CHASE_LOCK_TICKS": 45,
  "CHASE_WALL_HORIZON": 21.56633142410732,
  "CHASE_BLOCK_OFFSET_MULT": 1.3526702406645297,
  "CHASE_DISTANCE_WEIGHT": 0.5978146831999027,
  "CHASE_ETA_WEIGHT": 1.1622309240157163,
  "CHASE_LOCK_BONUS": 7.468237101684866,
  "CHASE_VELOCITY_NEW_WEIGHT": 0.4359107976709045,
  "VIRUS_ENEMY_RANGE_MULT": 3.9142629668504885,
  "VIRUS_MANUAL_SPLIT_TIME_BONUS": 0.5692109763779143,
  "VIRUS_MANUAL_SPLIT_RISK_COST": 5.457693516671686,
  "VIRUS_MAX_FARM_MASS": 98.42459944496468,
  "FOOD_CLUSTER_RADIUS": 6.254613103220946,
  "FOOD_CLUSTER_WEIGHT": 0.40511157209142534,
  "FOOD_DISTANCE_POWER": 2.216208066346557,
  "FOOD_LOCK_TICKS": 5,
  "ROAM_CENTER_WEIGHT": 1.3107946877944798,
  "ROAM_MOMENTUM_WEIGHT": 0.9837259982331444
}