{
  "OVERRIDE_ORDER": [
    "escape",
    "unstuck",
    "split",
    "chase",
    "virus",
    "food"
  ],
  "NUM_DIRECTIONS": 16,
  "MAX_ENEMIES": 24,
  "SAFETY_OWN_PIECES": 2,
  "STEP_RADIUS_MULT": 1.2722643619612315,
  "SPLIT_REACH_RELIABILITY": 0.768251085663628,
  "ESCAPE_DIRECT_RANGE_MULT": 5.547867294357905,
  "ESCAPE_SPLIT_REACH_BUFFER": 1.0399547422525752,
  "ESCAPE_MOVE_WEIGHT": 174.94621454157107,
  "ESCAPE_WALL_WEIGHT": 179.46410235794156,
  "ESCAPE_VIRUS_SHIELD_WEIGHT": 1170.5376804671316,
  "ESCAPE_HARD_MARGIN": 0.057592089796270673,
  "SPLIT_CAPTURE_WEIGHT": 14.803233705036357,
  "SPLIT_DEPTH_COST": 1.5610025801088006,
  "SPLIT_FRAGMENT_COST": 0.10354008990421795,
  "SPLIT_EXTERNAL_RISK_WEIGHT": 3.0967654950401573,
  "SPLIT_MIN_UTILITY": 9.612792055038785,
  "SPLIT_LARGER_OWNER_RATIO": 1.0141970406869412,
  "SPLIT_PLAN_WAIT_TICKS": 4,
  "CHASE_ACQUIRE_RANGE_MULT": 12.746795977584553,
  "CHASE_DIRECT_RANGE_MULT": 4.8216665143971476,
  "CHASE_MAX_INTERCEPT_TICKS": 10.424204468319894,
  "CHASE_LOCK_TICKS": 230,
  "CHASE_WALL_HORIZON": 16.21296225844202,
  "CHASE_BLOCK_OFFSET_MULT": 1.3764937331718803,
  "CHASE_DISTANCE_WEIGHT": 0.10801046699672442,
  "CHASE_ETA_WEIGHT": 3.453809759438333,
  "CHASE_LOCK_BONUS": 38.21703214946402,
  "CHASE_VELOCITY_NEW_WEIGHT": 0.3547999371879794,
  "VIRUS_ENEMY_RANGE_MULT": 2.401805299545755,
  "VIRUS_MANUAL_SPLIT_TIME_BONUS": 1.0900706407231073,
  "VIRUS_MANUAL_SPLIT_RISK_COST": 3.6762404805567304,
  "VIRUS_MAX_FARM_MASS": 194.0373066433041,
  "FOOD_CLUSTER_RADIUS": 4.853977543853002,
  "FOOD_CLUSTER_WEIGHT": 2.8963227435916115,
  "FOOD_DISTANCE_POWER": 1.1649249135480295,
  "FOOD_LOCK_TICKS": 11,
  "ROAM_CENTER_WEIGHT": 0.9776438518316887,
  "ROAM_MOMENTUM_WEIGHT": 0.2402042314436675
}