{
  "OVERRIDE_ORDER": [
    "escape",
    "unstuck",
    "split",
    "chase",
    "virus",
    "food"
  ],
  "NUM_DIRECTIONS": 16,
  "MAX_ENEMIES": 21,
  "SAFETY_OWN_PIECES": 2,
  "STEP_RADIUS_MULT": 1.6079150801655677,
  "SPLIT_REACH_RELIABILITY": 0.7755866615224593,
  "ESCAPE_DIRECT_RANGE_MULT": 6.12695382697371,
  "ESCAPE_SPLIT_REACH_BUFFER": 1.043592482104155,
  "ESCAPE_MOVE_WEIGHT": 141.99266213495417,
  "ESCAPE_WALL_WEIGHT": 167.3202122552221,
  "ESCAPE_VIRUS_SHIELD_WEIGHT": 851.1042356123315,
  "ESCAPE_HARD_MARGIN": 0.1581841588013494,
  "SPLIT_CAPTURE_WEIGHT": 9.666125890562688,
  "SPLIT_DEPTH_COST": 1.5488875192230724,
  "SPLIT_FRAGMENT_COST": 0.34850604293693915,
  "SPLIT_EXTERNAL_RISK_WEIGHT": 2.878278167813994,
  "SPLIT_MIN_UTILITY": 8.589200783268943,
  "SPLIT_LARGER_OWNER_RATIO": 0.9877711015804382,
  "SPLIT_PLAN_WAIT_TICKS": 5,
  "CHASE_ACQUIRE_RANGE_MULT": 12.149330658478922,
  "CHASE_DIRECT_RANGE_MULT": 4.267663704215797,
  "CHASE_MAX_INTERCEPT_TICKS": 14.758713036586274,
  "CHASE_LOCK_TICKS": 64,
  "CHASE_WALL_HORIZON": 14.125141286010715,
  "CHASE_BLOCK_OFFSET_MULT": 1.0645860110974654,
  "CHASE_DISTANCE_WEIGHT": 0.12208040801506077,
  "CHASE_ETA_WEIGHT": 0.6858752572103542,
  "CHASE_LOCK_BONUS": 33.919438092898076,
  "CHASE_VELOCITY_NEW_WEIGHT": 0.3952291955315954,
  "VIRUS_ENEMY_RANGE_MULT": 6.455536648306532,
  "VIRUS_MANUAL_SPLIT_TIME_BONUS": 4.458082873453174,
  "VIRUS_MANUAL_SPLIT_RISK_COST": 5.760034893384328,
  "VIRUS_MAX_FARM_MASS": 134.0959144088494,
  "FOOD_CLUSTER_RADIUS": 3.5135589018893194,
  "FOOD_CLUSTER_WEIGHT": 2.121329890503062,
  "FOOD_DISTANCE_POWER": 2.0603952528825507,
  "FOOD_LOCK_TICKS": 7,
  "ROAM_CENTER_WEIGHT": 0.8452028081308585,
  "ROAM_MOMENTUM_WEIGHT": 0.48920799877225773
}