{
  "OVERRIDE_ORDER": [
    "split",
    "escape",
    "unstuck",
    "chase",
    "virus",
    "food"
  ],
  "NUM_DIRECTIONS": 16,
  "MAX_ENEMIES": 24,
  "SAFETY_OWN_PIECES": 3,
  "STEP_RADIUS_MULT": 1.2709584837668977,
  "SPLIT_REACH_RELIABILITY": 0.6329552572863172,
  "ESCAPE_DIRECT_RANGE_MULT": 6.3587779152499815,
  "ESCAPE_SPLIT_REACH_BUFFER": 1.0011092588199175,
  "ESCAPE_MOVE_WEIGHT": 319.0655990184404,
  "ESCAPE_WALL_WEIGHT": 204.92385322692118,
  "ESCAPE_VIRUS_SHIELD_WEIGHT": 553.6090065263589,
  "ESCAPE_HARD_MARGIN": 0.2028493845181834,
  "SPLIT_CAPTURE_WEIGHT": 5.440525788053051,
  "SPLIT_DEPTH_COST": 1.2930357691909784,
  "SPLIT_FRAGMENT_COST": 0.48561867692594235,
  "SPLIT_EXTERNAL_RISK_WEIGHT": 0.5056867037076123,
  "SPLIT_MIN_UTILITY": -1.0406811114332413,
  "SPLIT_LARGER_OWNER_RATIO": 1.1432017975480577,
  "SPLIT_PLAN_WAIT_TICKS": 3,
  "CHASE_ACQUIRE_RANGE_MULT": 11.382491916823005,
  "CHASE_DIRECT_RANGE_MULT": 3.200782307610791,
  "CHASE_MAX_INTERCEPT_TICKS": 17.10598380456066,
  "CHASE_LOCK_TICKS": 118,
  "CHASE_WALL_HORIZON": 18.83484575426949,
  "CHASE_BLOCK_OFFSET_MULT": 0.3633744719261256,
  "CHASE_DISTANCE_WEIGHT": 0.20458093317501677,
  "CHASE_ETA_WEIGHT": 0.5499235270830135,
  "CHASE_LOCK_BONUS": 10.321427052165822,
  "CHASE_VELOCITY_NEW_WEIGHT": 0.2962783439100461,
  "VIRUS_ENEMY_RANGE_MULT": 3.959636157396878,
  "VIRUS_MANUAL_SPLIT_TIME_BONUS": 1.3417650667490562,
  "VIRUS_MANUAL_SPLIT_RISK_COST": 5.978547515885946,
  "VIRUS_MAX_FARM_MASS": 107.76959390227576,
  "FOOD_CLUSTER_RADIUS": 6.427999601041679,
  "FOOD_CLUSTER_WEIGHT": 0.4449346238736056,
  "FOOD_DISTANCE_POWER": 1.7088858673502942,
  "FOOD_LOCK_TICKS": 16,
  "ROAM_CENTER_WEIGHT": 0.9551050391967985,
  "ROAM_MOMENTUM_WEIGHT": 0.4837770263922922
}