{
  "OVERRIDE_ORDER": [
    "escape",
    "unstuck",
    "split",
    "virus",
    "chase",
    "food"
  ],
  "NUM_DIRECTIONS": 16,
  "MAX_ENEMIES": 21,
  "SAFETY_OWN_PIECES": 3,
  "STEP_RADIUS_MULT": 1.6432165474729976,
  "SPLIT_REACH_RELIABILITY": 0.697683750535267,
  "ESCAPE_DIRECT_RANGE_MULT": 5.687363570772746,
  "ESCAPE_SPLIT_REACH_BUFFER": 1.1103774902466403,
  "ESCAPE_MOVE_WEIGHT": 148.61670972991828,
  "ESCAPE_WALL_WEIGHT": 156.8374952686574,
  "ESCAPE_VIRUS_SHIELD_WEIGHT": 722.2323451600796,
  "ESCAPE_HARD_MARGIN": 0.30495259746529974,
  "SPLIT_CAPTURE_WEIGHT": 7.838220690809199,
  "SPLIT_DEPTH_COST": 0.5026652718042693,
  "SPLIT_FRAGMENT_COST": 0.08258778596185509,
  "SPLIT_EXTERNAL_RISK_WEIGHT": 0.40754450573230244,
  "SPLIT_MIN_UTILITY": 8.273535263968586,
  "SPLIT_LARGER_OWNER_RATIO": 0.9509340449222573,
  "SPLIT_PLAN_WAIT_TICKS": 4,
  "CHASE_ACQUIRE_RANGE_MULT": 9.523281227778888,
  "CHASE_DIRECT_RANGE_MULT": 2.0823777362602756,
  "CHASE_MAX_INTERCEPT_TICKS": 15.794080073445054,
  "CHASE_LOCK_TICKS": 74,
  "CHASE_WALL_HORIZON": 37.10187326162105,
  "CHASE_BLOCK_OFFSET_MULT": 1.3686483556644469,
  "CHASE_DISTANCE_WEIGHT": 0.18331899165912827,
  "CHASE_ETA_WEIGHT": 0.972055616328772,
  "CHASE_LOCK_BONUS": 14.502604247931458,
  "CHASE_VELOCITY_NEW_WEIGHT": 0.5501458620607954,
  "VIRUS_ENEMY_RANGE_MULT": 6.490135355751113,
  "VIRUS_MANUAL_SPLIT_TIME_BONUS": 2.802167379104333,
  "VIRUS_MANUAL_SPLIT_RISK_COST": 4.496789563564204,
  "VIRUS_MAX_FARM_MASS": 53.21948843588136,
  "FOOD_CLUSTER_RADIUS": 2.711264411564111,
  "FOOD_CLUSTER_WEIGHT": 0.33072066541092204,
  "FOOD_DISTANCE_POWER": 1.2502948864607046,
  "FOOD_LOCK_TICKS": 12,
  "ROAM_CENTER_WEIGHT": 0.4413667016721846,
  "ROAM_MOMENTUM_WEIGHT": 0.05236752212997938
}