{
  "OVERRIDE_ORDER": [
    "escape",
    "unstuck",
    "split",
    "chase",
    "virus",
    "food"
  ],
  "NUM_DIRECTIONS": 12,
  "MAX_ENEMIES": 24,
  "SAFETY_OWN_PIECES": 2,
  "STEP_RADIUS_MULT": 1.3217215709311634,
  "SPLIT_REACH_RELIABILITY": 0.7474672651778184,
  "ESCAPE_DIRECT_RANGE_MULT": 6.696446509744718,
  "ESCAPE_SPLIT_REACH_BUFFER": 1.0318087418202695,
  "ESCAPE_MOVE_WEIGHT": 143.8176642312979,
  "ESCAPE_WALL_WEIGHT": 271.057233164824,
  "ESCAPE_VIRUS_SHIELD_WEIGHT": 1012.3261114702456,
  "ESCAPE_HARD_MARGIN": 0.05782995066273591,
  "SPLIT_CAPTURE_WEIGHT": 4.111000162888411,
  "SPLIT_DEPTH_COST": 4.713905006012459,
  "SPLIT_FRAGMENT_COST": 0.3115351177508835,
  "SPLIT_EXTERNAL_RISK_WEIGHT": 0.883261589606166,
  "SPLIT_MIN_UTILITY": 3.0611742969041638,
  "SPLIT_LARGER_OWNER_RATIO": 1.0858941705935108,
  "SPLIT_PLAN_WAIT_TICKS": 3,
  "CHASE_ACQUIRE_RANGE_MULT": 10.869626316652857,
  "CHASE_DIRECT_RANGE_MULT": 3.659625518615225,
  "CHASE_MAX_INTERCEPT_TICKS": 13.532719747497044,
  "CHASE_LOCK_TICKS": 53,
  "CHASE_WALL_HORIZON": 18.815274447298314,
  "CHASE_BLOCK_OFFSET_MULT": 0.9490045659437861,
  "CHASE_DISTANCE_WEIGHT": 0.3441290202379396,
  "CHASE_ETA_WEIGHT": 4.97816331399581,
  "CHASE_LOCK_BONUS": 20.848508924916676,
  "CHASE_VELOCITY_NEW_WEIGHT": 0.40446061045220416,
  "VIRUS_ENEMY_RANGE_MULT": 5.278160970101859,
  "VIRUS_MANUAL_SPLIT_TIME_BONUS": 0.6119073633812704,
  "VIRUS_MANUAL_SPLIT_RISK_COST": 2.590003191030795,
  "VIRUS_MAX_FARM_MASS": 80.11923158857182,
  "FOOD_CLUSTER_RADIUS": 6.839387352095531,
  "FOOD_CLUSTER_WEIGHT": 0.3425308203097121,
  "FOOD_DISTANCE_POWER": 2.078217447729873,
  "FOOD_LOCK_TICKS": 16,
  "ROAM_CENTER_WEIGHT": 1.2766627327027829,
  "ROAM_MOMENTUM_WEIGHT": 0.7839044146226193
}