{
  "OVERRIDE_ORDER": [
    "split",
    "escape",
    "unstuck",
    "chase",
    "virus",
    "food"
  ],
  "NUM_DIRECTIONS": 16,
  "MAX_ENEMIES": 24,
  "SAFETY_OWN_PIECES": 2,
  "STEP_RADIUS_MULT": 1.3911376021348016,
  "SPLIT_REACH_RELIABILITY": 0.6801236722608428,
  "ESCAPE_DIRECT_RANGE_MULT": 7.344556326266207,
  "ESCAPE_SPLIT_REACH_BUFFER": 1.0173181139358836,
  "ESCAPE_MOVE_WEIGHT": 159.9802944994739,
  "ESCAPE_WALL_WEIGHT": 334.0311480026968,
  "ESCAPE_VIRUS_SHIELD_WEIGHT": 720.6038216662466,
  "ESCAPE_HARD_MARGIN": 0.17446168521210054,
  "SPLIT_CAPTURE_WEIGHT": 10.808753396242421,
  "SPLIT_DEPTH_COST": 3.4653694479593535,
  "SPLIT_FRAGMENT_COST": 0.34598518161607633,
  "SPLIT_EXTERNAL_RISK_WEIGHT": 0.7931401667359009,
  "SPLIT_MIN_UTILITY": 4.352330475987625,
  "SPLIT_LARGER_OWNER_RATIO": 1.0271269672086154,
  "SPLIT_PLAN_WAIT_TICKS": 8,
  "CHASE_ACQUIRE_RANGE_MULT": 8.569711105265622,
  "CHASE_DIRECT_RANGE_MULT": 4.9538598218611805,
  "CHASE_MAX_INTERCEPT_TICKS": 12.070833440281367,
  "CHASE_LOCK_TICKS": 77,
  "CHASE_WALL_HORIZON": 14.204762921043674,
  "CHASE_BLOCK_OFFSET_MULT": 1.3742614308390324,
  "CHASE_DISTANCE_WEIGHT": 0.6335132220235938,
  "CHASE_ETA_WEIGHT": 2.19838725843107,
  "CHASE_LOCK_BONUS": 48.90910039922313,
  "CHASE_VELOCITY_NEW_WEIGHT": 0.5458287122012018,
  "VIRUS_ENEMY_RANGE_MULT": 6.591072762001442,
  "VIRUS_MANUAL_SPLIT_TIME_BONUS": 0.536986048215492,
  "VIRUS_MANUAL_SPLIT_RISK_COST": 0.25725156445480885,
  "VIRUS_MAX_FARM_MASS": 54.988513701087356,
  "FOOD_CLUSTER_RADIUS": 2.6689931179119637,
  "FOOD_CLUSTER_WEIGHT": 1.3415411077714046,
  "FOOD_DISTANCE_POWER": 2.157724054456223,
  "FOOD_LOCK_TICKS": 3,
  "ROAM_CENTER_WEIGHT": 2.717227231172509,
  "ROAM_MOMENTUM_WEIGHT": 0.615617675376386
}