{
  "OVERRIDE_ORDER": [
    "split",
    "escape",
    "unstuck",
    "chase",
    "virus",
    "food"
  ],
  "NUM_DIRECTIONS": 16,
  "MAX_ENEMIES": 21,
  "SAFETY_OWN_PIECES": 3,
  "STEP_RADIUS_MULT": 1.280770672120096,
  "SPLIT_REACH_RELIABILITY": 0.6678822148021646,
  "ESCAPE_DIRECT_RANGE_MULT": 6.542904068198172,
  "ESCAPE_SPLIT_REACH_BUFFER": 0.9985055341840846,
  "ESCAPE_MOVE_WEIGHT": 132.47552313670744,
  "ESCAPE_WALL_WEIGHT": 250.66303614554224,
  "ESCAPE_VIRUS_SHIELD_WEIGHT": 313.1781076675015,
  "ESCAPE_HARD_MARGIN": 0.01943056007055382,
  "SPLIT_CAPTURE_WEIGHT": 4.287475197851291,
  "SPLIT_DEPTH_COST": 2.9135283431160883,
  "SPLIT_FRAGMENT_COST": 0.025187742856820593,
  "SPLIT_EXTERNAL_RISK_WEIGHT": 2.319130110700477,
  "SPLIT_MIN_UTILITY": 1.6827777139922167,
  "SPLIT_LARGER_OWNER_RATIO": 1.0192177678391843,
  "SPLIT_PLAN_WAIT_TICKS": 8,
  "CHASE_ACQUIRE_RANGE_MULT": 8.607510554189645,
  "CHASE_DIRECT_RANGE_MULT": 3.8996699202212377,
  "CHASE_MAX_INTERCEPT_TICKS": 12.064886014640578,
  "CHASE_LOCK_TICKS": 34,
  "CHASE_WALL_HORIZON": 36.975975125443526,
  "CHASE_BLOCK_OFFSET_MULT": 1.0586754699323895,
  "CHASE_DISTANCE_WEIGHT": 0.14023637195726896,
  "CHASE_ETA_WEIGHT": 2.285016970539308,
  "CHASE_LOCK_BONUS": 4.388864575088887,
  "CHASE_VELOCITY_NEW_WEIGHT": 0.3431167402461553,
  "VIRUS_ENEMY_RANGE_MULT": 6.599849542624248,
  "VIRUS_MANUAL_SPLIT_TIME_BONUS": 0.540431077403289,
  "VIRUS_MANUAL_SPLIT_RISK_COST": 0.43210948253270287,
  "VIRUS_MAX_FARM_MASS": 311.0443537376464,
  "FOOD_CLUSTER_RADIUS": 5.2580995631465965,
  "FOOD_CLUSTER_WEIGHT": 1.7783344347170413,
  "FOOD_DISTANCE_POWER": 2.0402364216615356,
  "FOOD_LOCK_TICKS": 27,
  "ROAM_CENTER_WEIGHT": 0.15557332364326806,
  "ROAM_MOMENTUM_WEIGHT": 0.47483274294620237
}