{
  "OVERRIDE_ORDER": [
    "escape",
    "unstuck",
    "split",
    "chase",
    "virus",
    "food"
  ],
  "NUM_DIRECTIONS": 16,
  "MAX_ENEMIES": 21,
  "SAFETY_OWN_PIECES": 2,
  "STEP_RADIUS_MULT": 1.4247237817013487,
  "SPLIT_REACH_RELIABILITY": 0.6311370708508942,
  "ESCAPE_DIRECT_RANGE_MULT": 7.249977782874765,
  "ESCAPE_SPLIT_REACH_BUFFER": 1.0351812787711088,
  "ESCAPE_MOVE_WEIGHT": 96.14527860178829,
  "ESCAPE_WALL_WEIGHT": 122.75284800378832,
  "ESCAPE_VIRUS_SHIELD_WEIGHT": 402.3967724186741,
  "ESCAPE_HARD_MARGIN": 0.06054168997394138,
  "SPLIT_CAPTURE_WEIGHT": 11.48592353982201,
  "SPLIT_DEPTH_COST": 3.19389065033677,
  "SPLIT_FRAGMENT_COST": 0.357658884356571,
  "SPLIT_EXTERNAL_RISK_WEIGHT": 0.8396117182954352,
  "SPLIT_MIN_UTILITY": 4.086302717053119,
  "SPLIT_LARGER_OWNER_RATIO": 1.0414502497422649,
  "SPLIT_PLAN_WAIT_TICKS": 2,
  "CHASE_ACQUIRE_RANGE_MULT": 11.084162093940428,
  "CHASE_DIRECT_RANGE_MULT": 4.252359762307262,
  "CHASE_MAX_INTERCEPT_TICKS": 15.817748698282672,
  "CHASE_LOCK_TICKS": 58,
  "CHASE_WALL_HORIZON": 24.825794091665095,
  "CHASE_BLOCK_OFFSET_MULT": 1.3458685973265132,
  "CHASE_DISTANCE_WEIGHT": 0.8536952071227416,
  "CHASE_ETA_WEIGHT": 0.968223878992513,
  "CHASE_LOCK_BONUS": 8.59412077067239,
  "CHASE_VELOCITY_NEW_WEIGHT": 0.22140554534121476,
  "VIRUS_ENEMY_RANGE_MULT": 5.901608890397575,
  "VIRUS_MANUAL_SPLIT_TIME_BONUS": 1.531251461948098,
  "VIRUS_MANUAL_SPLIT_RISK_COST": 2.3503835904353205,
  "VIRUS_MAX_FARM_MASS": 159.50422435224542,
  "FOOD_CLUSTER_RADIUS": 4.45722526622099,
  "FOOD_CLUSTER_WEIGHT": 0.8023289714264543,
  "FOOD_DISTANCE_POWER": 2.2172150615420034,
  "FOOD_LOCK_TICKS": 3,
  "ROAM_CENTER_WEIGHT": 0.8787003624686678,
  "ROAM_MOMENTUM_WEIGHT": 0.5089932624762106
}