{
  "OVERRIDE_ORDER": [
    "escape",
    "split",
    "unstuck",
    "chase",
    "virus",
    "food"
  ],
  "NUM_DIRECTIONS": 16,
  "MAX_ENEMIES": 21,
  "SAFETY_OWN_PIECES": 3,
  "STEP_RADIUS_MULT": 1.4879753464507564,
  "SPLIT_REACH_RELIABILITY": 0.7096642938299234,
  "ESCAPE_DIRECT_RANGE_MULT": 7.476754599062017,
  "ESCAPE_SPLIT_REACH_BUFFER": 1.1162647684222047,
  "ESCAPE_MOVE_WEIGHT": 84.26021512252646,
  "ESCAPE_WALL_WEIGHT": 172.70528650161268,
  "ESCAPE_VIRUS_SHIELD_WEIGHT": 948.9585396340029,
  "ESCAPE_HARD_MARGIN": 0.1404485858582023,
  "SPLIT_CAPTURE_WEIGHT": 10.863247056134995,
  "SPLIT_DEPTH_COST": 4.795379058204435,
  "SPLIT_FRAGMENT_COST": 0.17474237408883808,
  "SPLIT_EXTERNAL_RISK_WEIGHT": 0.7330947609072626,
  "SPLIT_MIN_UTILITY": 9.768868267795838,
  "SPLIT_LARGER_OWNER_RATIO": 1.1755203765823674,
  "SPLIT_PLAN_WAIT_TICKS": 5,
  "CHASE_ACQUIRE_RANGE_MULT": 11.286358553152674,
  "CHASE_DIRECT_RANGE_MULT": 4.42490411998176,
  "CHASE_MAX_INTERCEPT_TICKS": 9.237475566188197,
  "CHASE_LOCK_TICKS": 123,
  "CHASE_WALL_HORIZON": 22.637887716476246,
  "CHASE_BLOCK_OFFSET_MULT": 1.0374997467500369,
  "CHASE_DISTANCE_WEIGHT": 0.9858610957593779,
  "CHASE_ETA_WEIGHT": 1.1569427807231394,
  "CHASE_LOCK_BONUS": 45.112015837887135,
  "CHASE_VELOCITY_NEW_WEIGHT": 0.6308350839361226,
  "VIRUS_ENEMY_RANGE_MULT": 8.396089187090809,
  "VIRUS_MANUAL_SPLIT_TIME_BONUS": 1.8927999372443969,
  "VIRUS_MANUAL_SPLIT_RISK_COST": 1.9393793851667689,
  "VIRUS_MAX_FARM_MASS": 109.25846175037931,
  "FOOD_CLUSTER_RADIUS": 3.7051013014076406,
  "FOOD_CLUSTER_WEIGHT": 1.2177002091538636,
  "FOOD_DISTANCE_POWER": 2.181407433170948,
  "FOOD_LOCK_TICKS": 16,
  "ROAM_CENTER_WEIGHT": 2.347116523626312,
  "ROAM_MOMENTUM_WEIGHT": 0.1320300704830994
}