{
  "OVERRIDE_ORDER": [
    "escape",
    "unstuck",
    "split",
    "chase",
    "virus",
    "food"
  ],
  "NUM_DIRECTIONS": 16,
  "MAX_ENEMIES": 24,
  "SAFETY_OWN_PIECES": 3,
  "STEP_RADIUS_MULT": 1.2609595105095257,
  "SPLIT_REACH_RELIABILITY": 0.6634624619945436,
  "ESCAPE_DIRECT_RANGE_MULT": 4.31020035975722,
  "ESCAPE_SPLIT_REACH_BUFFER": 0.9814300666366473,
  "ESCAPE_MOVE_WEIGHT": 155.5435673036832,
  "ESCAPE_WALL_WEIGHT": 136.46808735909292,
  "ESCAPE_VIRUS_SHIELD_WEIGHT": 1267.509487353851,
  "ESCAPE_HARD_MARGIN": 0.1263063373157814,
  "SPLIT_CAPTURE_WEIGHT": 5.022714499320841,
  "SPLIT_DEPTH_COST": 2.4026991212016218,
  "SPLIT_FRAGMENT_COST": 0.2993420060703841,
  "SPLIT_EXTERNAL_RISK_WEIGHT": 0.6688874061986407,
  "SPLIT_MIN_UTILITY": -1.3970295230828103,
  "SPLIT_LARGER_OWNER_RATIO": 1.0815262660541924,
  "SPLIT_PLAN_WAIT_TICKS": 3,
  "CHASE_ACQUIRE_RANGE_MULT": 8.07030452485581,
  "CHASE_DIRECT_RANGE_MULT": 2.189277861404357,
  "CHASE_MAX_INTERCEPT_TICKS": 16.373894779969326,
  "CHASE_LOCK_TICKS": 191,
  "CHASE_WALL_HORIZON": 15.169643926575127,
  "CHASE_BLOCK_OFFSET_MULT": 0.8857300807418359,
  "CHASE_DISTANCE_WEIGHT": 0.3365063805115594,
  "CHASE_ETA_WEIGHT": 2.052540504852504,
  "CHASE_LOCK_BONUS": 13.003928237760647,
  "CHASE_VELOCITY_NEW_WEIGHT": 0.47010682566842865,
  "VIRUS_ENEMY_RANGE_MULT": 3.7942266101233275,
  "VIRUS_MANUAL_SPLIT_TIME_BONUS": 1.1045250072975001,
  "VIRUS_MANUAL_SPLIT_RISK_COST": 6.141078361720443,
  "VIRUS_MAX_FARM_MASS": 45.51643914047643,
  "FOOD_CLUSTER_RADIUS": 4.771871519259991,
  "FOOD_CLUSTER_WEIGHT": 0.43271470877109186,
  "FOOD_DISTANCE_POWER": 1.1107979489143163,
  "FOOD_LOCK_TICKS": 13,
  "ROAM_CENTER_WEIGHT": 2.649546484716267,
  "ROAM_MOMENTUM_WEIGHT": 0.5472021982449985
}