{
  "OVERRIDE_ORDER": [
    "escape",
    "unstuck",
    "split",
    "chase",
    "virus",
    "food"
  ],
  "NUM_DIRECTIONS": 16,
  "MAX_ENEMIES": 24,
  "SAFETY_OWN_PIECES": 2,
  "STEP_RADIUS_MULT": 1.3798989762904705,
  "SPLIT_REACH_RELIABILITY": 0.6722014778611758,
  "ESCAPE_DIRECT_RANGE_MULT": 5.579008926916474,
  "ESCAPE_SPLIT_REACH_BUFFER": 1.1570133497223032,
  "ESCAPE_MOVE_WEIGHT": 102.90114538152044,
  "ESCAPE_WALL_WEIGHT": 120.30704755848467,
  "ESCAPE_VIRUS_SHIELD_WEIGHT": 1297.903090032475,
  "ESCAPE_HARD_MARGIN": 0.13017556202994351,
  "SPLIT_CAPTURE_WEIGHT": 14.816707806923104,
  "SPLIT_DEPTH_COST": 5.513360936600069,
  "SPLIT_FRAGMENT_COST": 0.6367421429934063,
  "SPLIT_EXTERNAL_RISK_WEIGHT": 0.6770809115000033,
  "SPLIT_MIN_UTILITY": 7.209717669675692,
  "SPLIT_LARGER_OWNER_RATIO": 1.0204439972828376,
  "SPLIT_PLAN_WAIT_TICKS": 3,
  "CHASE_ACQUIRE_RANGE_MULT": 5.065292819005127,
  "CHASE_DIRECT_RANGE_MULT": 3.968803225692005,
  "CHASE_MAX_INTERCEPT_TICKS": 13.90006168437995,
  "CHASE_LOCK_TICKS": 94,
  "CHASE_WALL_HORIZON": 18.934241134461814,
  "CHASE_BLOCK_OFFSET_MULT": 1.317963389784644,
  "CHASE_DISTANCE_WEIGHT": 0.2172777560170731,
  "CHASE_ETA_WEIGHT": 0.955077530502572,
  "CHASE_LOCK_BONUS": 29.831899475777742,
  "CHASE_VELOCITY_NEW_WEIGHT": 0.34328128922031503,
  "VIRUS_ENEMY_RANGE_MULT": 4.918537515961016,
  "VIRUS_MANUAL_SPLIT_TIME_BONUS": 1.1354741653883003,
  "VIRUS_MANUAL_SPLIT_RISK_COST": 5.956283600204779,
  "VIRUS_MAX_FARM_MASS": 63.395176054359695,
  "FOOD_CLUSTER_RADIUS": 3.8754257583152145,
  "FOOD_CLUSTER_WEIGHT": 0.3024337657640855,
  "FOOD_DISTANCE_POWER": 1.5402396514528862,
  "FOOD_LOCK_TICKS": 19,
  "ROAM_CENTER_WEIGHT": 1.7814915790073373,
  "ROAM_MOMENTUM_WEIGHT": 0.2579462198971463
}