{
  "OVERRIDE_ORDER": [
    "escape",
    "unstuck",
    "split",
    "chase",
    "virus",
    "food"
  ],
  "NUM_DIRECTIONS": 16,
  "MAX_ENEMIES": 24,
  "SAFETY_OWN_PIECES": 2,
  "STEP_RADIUS_MULT": 1.3365991472209544,
  "SPLIT_REACH_RELIABILITY": 0.6736161896848835,
  "ESCAPE_DIRECT_RANGE_MULT": 6.726326401826906,
  "ESCAPE_SPLIT_REACH_BUFFER": 1.0722828431811753,
  "ESCAPE_MOVE_WEIGHT": 94.91659950029174,
  "ESCAPE_WALL_WEIGHT": 138.401214591085,
  "ESCAPE_VIRUS_SHIELD_WEIGHT": 1310.7671242706451,
  "ESCAPE_HARD_MARGIN": 0.028294454194649196,
  "SPLIT_CAPTURE_WEIGHT": 9.788993426184295,
  "SPLIT_DEPTH_COST": 4.8027827925780455,
  "SPLIT_FRAGMENT_COST": 0.5179365194622753,
  "SPLIT_EXTERNAL_RISK_WEIGHT": 0.4282410834176452,
  "SPLIT_MIN_UTILITY": 7.296171493689838,
  "SPLIT_LARGER_OWNER_RATIO": 1.0290046898507783,
  "SPLIT_PLAN_WAIT_TICKS": 4,
  "CHASE_ACQUIRE_RANGE_MULT": 7.75375300404257,
  "CHASE_DIRECT_RANGE_MULT": 3.852402990555869,
  "CHASE_MAX_INTERCEPT_TICKS": 14.849014185708606,
  "CHASE_LOCK_TICKS": 36,
  "CHASE_WALL_HORIZON": 24.478615092375918,
  "CHASE_BLOCK_OFFSET_MULT": 1.4090248195939827,
  "CHASE_DISTANCE_WEIGHT": 0.38966713255268337,
  "CHASE_ETA_WEIGHT": 0.6566017183386988,
  "CHASE_LOCK_BONUS": 36.00259841791465,
  "CHASE_VELOCITY_NEW_WEIGHT": 0.25803094849266944,
  "VIRUS_ENEMY_RANGE_MULT": 5.814885862334532,
  "VIRUS_MANUAL_SPLIT_TIME_BONUS": 1.7950579511230746,
  "VIRUS_MANUAL_SPLIT_RISK_COST": 1.0043530531253915,
  "VIRUS_MAX_FARM_MASS": 249.2079929301958,
  "FOOD_CLUSTER_RADIUS": 5.711516391541656,
  "FOOD_CLUSTER_WEIGHT": 0.5379898334103533,
  "FOOD_DISTANCE_POWER": 1.4848500050359525,
  "FOOD_LOCK_TICKS": 23,
  "ROAM_CENTER_WEIGHT": 0.5073099431225666,
  "ROAM_MOMENTUM_WEIGHT": 0.4987100052195812
}