{
  "OVERRIDE_ORDER": [
    "escape",
    "unstuck",
    "split",
    "chase",
    "virus",
    "food"
  ],
  "NUM_DIRECTIONS": 16,
  "MAX_ENEMIES": 24,
  "SAFETY_OWN_PIECES": 2,
  "STEP_RADIUS_MULT": 1.288959476893809,
  "SPLIT_REACH_RELIABILITY": 0.6723487631304388,
  "ESCAPE_DIRECT_RANGE_MULT": 5.883881662135018,
  "ESCAPE_SPLIT_REACH_BUFFER": 1.124414375244015,
  "ESCAPE_MOVE_WEIGHT": 100.27103462422599,
  "ESCAPE_WALL_WEIGHT": 134.00380009806628,
  "ESCAPE_VIRUS_SHIELD_WEIGHT": 1194.8814845919023,
  "ESCAPE_HARD_MARGIN": 0.1024483424135313,
  "SPLIT_CAPTURE_WEIGHT": 6.395752116688411,
  "SPLIT_DEPTH_COST": 6.020021276631961,
  "SPLIT_FRAGMENT_COST": 0.6223865799215689,
  "SPLIT_EXTERNAL_RISK_WEIGHT": 1.792305663580148,
  "SPLIT_MIN_UTILITY": 8.085682093922639,
  "SPLIT_LARGER_OWNER_RATIO": 1.046337594016623,
  "SPLIT_PLAN_WAIT_TICKS": 3,
  "CHASE_ACQUIRE_RANGE_MULT": 7.92025020005826,
  "CHASE_DIRECT_RANGE_MULT": 2.405158286271197,
  "CHASE_MAX_INTERCEPT_TICKS": 17.852240742914113,
  "CHASE_LOCK_TICKS": 142,
  "CHASE_WALL_HORIZON": 17.302333858603202,
  "CHASE_BLOCK_OFFSET_MULT": 1.4592269418405583,
  "CHASE_DISTANCE_WEIGHT": 0.1793255940592246,
  "CHASE_ETA_WEIGHT": 0.7020340815453504,
  "CHASE_LOCK_BONUS": 43.49359131093852,
  "CHASE_VELOCITY_NEW_WEIGHT": 0.3264331641644536,
  "VIRUS_ENEMY_RANGE_MULT": 7.356437460577121,
  "VIRUS_MANUAL_SPLIT_TIME_BONUS": 0.5144086969164615,
  "VIRUS_MANUAL_SPLIT_RISK_COST": 1.9558035102965912,
  "VIRUS_MAX_FARM_MASS": 143.70190597995222,
  "FOOD_CLUSTER_RADIUS": 4.234264569350248,
  "FOOD_CLUSTER_WEIGHT": 0.7907404644995031,
  "FOOD_DISTANCE_POWER": 1.2478983629173717,
  "FOOD_LOCK_TICKS": 6,
  "ROAM_CENTER_WEIGHT": 0.6050756717264746,
  "ROAM_MOMENTUM_WEIGHT": 0.3391423664872313
}