{
  "OVERRIDE_ORDER": [
    "escape",
    "unstuck",
    "split",
    "chase",
    "virus",
    "food"
  ],
  "NUM_DIRECTIONS": 16,
  "MAX_ENEMIES": 21,
  "SAFETY_OWN_PIECES": 3,
  "STEP_RADIUS_MULT": 1.2744324949130925,
  "SPLIT_REACH_RELIABILITY": 0.632731719538304,
  "ESCAPE_DIRECT_RANGE_MULT": 4.703338716608299,
  "ESCAPE_SPLIT_REACH_BUFFER": 1.1168646021764619,
  "ESCAPE_MOVE_WEIGHT": 168.49497515218474,
  "ESCAPE_WALL_WEIGHT": 145.00489443606827,
  "ESCAPE_VIRUS_SHIELD_WEIGHT": 832.2259314149894,
  "ESCAPE_HARD_MARGIN": 0.22701652074976053,
  "SPLIT_CAPTURE_WEIGHT": 5.288139493819359,
  "SPLIT_DEPTH_COST": 3.7708972109291747,
  "SPLIT_FRAGMENT_COST": 0.43746755302524176,
  "SPLIT_EXTERNAL_RISK_WEIGHT": 0.542757847508105,
  "SPLIT_MIN_UTILITY": 0.44112423840263504,
  "SPLIT_LARGER_OWNER_RATIO": 0.9993609951603718,
  "SPLIT_PLAN_WAIT_TICKS": 3,
  "CHASE_ACQUIRE_RANGE_MULT": 9.419002651325936,
  "CHASE_DIRECT_RANGE_MULT": 4.28081356251878,
  "CHASE_MAX_INTERCEPT_TICKS": 16.51185812067385,
  "CHASE_LOCK_TICKS": 102,
  "CHASE_WALL_HORIZON": 17.354385675446675,
  "CHASE_BLOCK_OFFSET_MULT": 1.1124451565584073,
  "CHASE_DISTANCE_WEIGHT": 0.1372568413845651,
  "CHASE_ETA_WEIGHT": 1.0219195601600328,
  "CHASE_LOCK_BONUS": 7.367424564159816,
  "CHASE_VELOCITY_NEW_WEIGHT": 0.514649353199459,
  "VIRUS_ENEMY_RANGE_MULT": 4.990908845667221,
  "VIRUS_MANUAL_SPLIT_TIME_BONUS": 1.657685415832256,
  "VIRUS_MANUAL_SPLIT_RISK_COST": 7.834832814212202,
  "VIRUS_MAX_FARM_MASS": 207.82000372725022,
  "FOOD_CLUSTER_RADIUS": 5.671754076542952,
  "FOOD_CLUSTER_WEIGHT": 0.544167957501672,
  "FOOD_DISTANCE_POWER": 1.7168791649737596,
  "FOOD_LOCK_TICKS": 4,
  "ROAM_CENTER_WEIGHT": 0.9128476523354129,
  "ROAM_MOMENTUM_WEIGHT": 0.9885438369737958
}