{
  "OVERRIDE_ORDER": [
    "escape",
    "split",
    "unstuck",
    "chase",
    "virus",
    "food"
  ],
  "NUM_DIRECTIONS": 16,
  "MAX_ENEMIES": 18,
  "SAFETY_OWN_PIECES": 2,
  "STEP_RADIUS_MULT": 1.3801094182817986,
  "SPLIT_REACH_RELIABILITY": 0.701522533517547,
  "ESCAPE_DIRECT_RANGE_MULT": 5.163138406254612,
  "ESCAPE_SPLIT_REACH_BUFFER": 1.1531282173526747,
  "ESCAPE_MOVE_WEIGHT": 118.44225031794345,
  "ESCAPE_WALL_WEIGHT": 130.26685988294145,
  "ESCAPE_VIRUS_SHIELD_WEIGHT": 1235.5929350116899,
  "ESCAPE_HARD_MARGIN": 0.1994147628937587,
  "SPLIT_CAPTURE_WEIGHT": 8.517478680270491,
  "SPLIT_DEPTH_COST": 1.8138876895620295,
  "SPLIT_FRAGMENT_COST": 0.3582836104848085,
  "SPLIT_EXTERNAL_RISK_WEIGHT": 2.328818017675114,
  "SPLIT_MIN_UTILITY": 8.194356325942309,
  "SPLIT_LARGER_OWNER_RATIO": 1.1020423068841847,
  "SPLIT_PLAN_WAIT_TICKS": 7,
  "CHASE_ACQUIRE_RANGE_MULT": 8.156627821060473,
  "CHASE_DIRECT_RANGE_MULT": 3.1972428830463944,
  "CHASE_MAX_INTERCEPT_TICKS": 8.528407471263124,
  "CHASE_LOCK_TICKS": 160,
  "CHASE_WALL_HORIZON": 21.686317137468983,
  "CHASE_BLOCK_OFFSET_MULT": 1.2857171571896253,
  "CHASE_DISTANCE_WEIGHT": 0.8352654851816023,
  "CHASE_ETA_WEIGHT": 0.6375720680216052,
  "CHASE_LOCK_BONUS": 20.267353836581428,
  "CHASE_VELOCITY_NEW_WEIGHT": 0.7781516647007504,
  "VIRUS_ENEMY_RANGE_MULT": 7.8587414222461955,
  "VIRUS_MANUAL_SPLIT_TIME_BONUS": 0.8046993226755802,
  "VIRUS_MANUAL_SPLIT_RISK_COST": 3.191118717985834,
  "VIRUS_MAX_FARM_MASS": 125.83436133497166,
  "FOOD_CLUSTER_RADIUS": 5.068435096071935,
  "FOOD_CLUSTER_WEIGHT": 2.0086036129777085,
  "FOOD_DISTANCE_POWER": 2.181398811859384,
  "FOOD_LOCK_TICKS": 10,
  "ROAM_CENTER_WEIGHT": 0.626649985853795,
  "ROAM_MOMENTUM_WEIGHT": 0.83419905609969
}