{
  "OVERRIDE_ORDER": [
    "escape",
    "unstuck",
    "split",
    "chase",
    "virus",
    "food"
  ],
  "NUM_DIRECTIONS": 12,
  "MAX_ENEMIES": 21,
  "SAFETY_OWN_PIECES": 2,
  "STEP_RADIUS_MULT": 1.3677962687092649,
  "SPLIT_REACH_RELIABILITY": 0.7917509204290031,
  "ESCAPE_DIRECT_RANGE_MULT": 7.7907817537493385,
  "ESCAPE_SPLIT_REACH_BUFFER": 1.1254586614264621,
  "ESCAPE_MOVE_WEIGHT": 107.94451296711456,
  "ESCAPE_WALL_WEIGHT": 182.29922753681976,
  "ESCAPE_VIRUS_SHIELD_WEIGHT": 1250.2327837363182,
  "ESCAPE_HARD_MARGIN": 0.042612111613343245,
  "SPLIT_CAPTURE_WEIGHT": 9.230613247252956,
  "SPLIT_DEPTH_COST": 6.022257939175378,
  "SPLIT_FRAGMENT_COST": 0.27555812502036275,
  "SPLIT_EXTERNAL_RISK_WEIGHT": 2.672068974015486,
  "SPLIT_MIN_UTILITY": 8.570929110094523,
  "SPLIT_LARGER_OWNER_RATIO": 0.9536920657417255,
  "SPLIT_PLAN_WAIT_TICKS": 9,
  "CHASE_ACQUIRE_RANGE_MULT": 12.58734664006242,
  "CHASE_DIRECT_RANGE_MULT": 4.447324600409518,
  "CHASE_MAX_INTERCEPT_TICKS": 7.766459071799893,
  "CHASE_LOCK_TICKS": 75,
  "CHASE_WALL_HORIZON": 17.031618346325743,
  "CHASE_BLOCK_OFFSET_MULT": 1.2571699383340218,
  "CHASE_DISTANCE_WEIGHT": 0.9780448889218356,
  "CHASE_ETA_WEIGHT": 1.6135656760087762,
  "CHASE_LOCK_BONUS": 25.028467524800575,
  "CHASE_VELOCITY_NEW_WEIGHT": 0.7260397859775799,
  "VIRUS_ENEMY_RANGE_MULT": 5.154984910894626,
  "VIRUS_MANUAL_SPLIT_TIME_BONUS": 0.7565814050287362,
  "VIRUS_MANUAL_SPLIT_RISK_COST": 1.5821960533886523,
  "VIRUS_MAX_FARM_MASS": 63.3669186798393,
  "FOOD_CLUSTER_RADIUS": 3.4136422532465627,
  "FOOD_CLUSTER_WEIGHT": 0.8022308244029448,
  "FOOD_DISTANCE_POWER": 1.8976184113545593,
  "FOOD_LOCK_TICKS": 7,
  "ROAM_CENTER_WEIGHT": 2.6507591590213293,
  "ROAM_MOMENTUM_WEIGHT": 0.326784898085351
}