{
  "OVERRIDE_ORDER": [
    "escape",
    "split",
    "unstuck",
    "chase",
    "virus",
    "food"
  ],
  "NUM_DIRECTIONS": 16,
  "MAX_ENEMIES": 24,
  "SAFETY_OWN_PIECES": 3,
  "STEP_RADIUS_MULT": 1.3862731471555374,
  "SPLIT_REACH_RELIABILITY": 0.7214312682867899,
  "ESCAPE_DIRECT_RANGE_MULT": 5.100758073642931,
  "ESCAPE_SPLIT_REACH_BUFFER": 1.1461873063758188,
  "ESCAPE_MOVE_WEIGHT": 160.62025726259398,
  "ESCAPE_WALL_WEIGHT": 128.3011082544088,
  "ESCAPE_VIRUS_SHIELD_WEIGHT": 1266.374913175274,
  "ESCAPE_HARD_MARGIN": 0.11930924226494213,
  "SPLIT_CAPTURE_WEIGHT": 8.40623923539632,
  "SPLIT_DEPTH_COST": 2.718261913066457,
  "SPLIT_FRAGMENT_COST": 0.12016120264882996,
  "SPLIT_EXTERNAL_RISK_WEIGHT": 0.22095875810469218,
  "SPLIT_MIN_UTILITY": 7.982689737188022,
  "SPLIT_LARGER_OWNER_RATIO": 0.9786290487754257,
  "SPLIT_PLAN_WAIT_TICKS": 2,
  "CHASE_ACQUIRE_RANGE_MULT": 4.613043328512481,
  "CHASE_DIRECT_RANGE_MULT": 3.373212993976756,
  "CHASE_MAX_INTERCEPT_TICKS": 14.162529530937814,
  "CHASE_LOCK_TICKS": 31,
  "CHASE_WALL_HORIZON": 23.76127107645447,
  "CHASE_BLOCK_OFFSET_MULT": 1.116874021579754,
  "CHASE_DISTANCE_WEIGHT": 0.32936465113352437,
  "CHASE_ETA_WEIGHT": 1.5632167339953458,
  "CHASE_LOCK_BONUS": 18.04357138733121,
  "CHASE_VELOCITY_NEW_WEIGHT": 0.29044315873323834,
  "VIRUS_ENEMY_RANGE_MULT": 6.497158820223282,
  "VIRUS_MANUAL_SPLIT_TIME_BONUS": 0.9489352552969746,
  "VIRUS_MANUAL_SPLIT_RISK_COST": 2.526266422328429,
  "VIRUS_MAX_FARM_MASS": 174.92966889222566,
  "FOOD_CLUSTER_RADIUS": 4.873804749542244,
  "FOOD_CLUSTER_WEIGHT": 0.3542039070864814,
  "FOOD_DISTANCE_POWER": 1.875703855872771,
  "FOOD_LOCK_TICKS": 8,
  "ROAM_CENTER_WEIGHT": 0.5543413233040451,
  "ROAM_MOMENTUM_WEIGHT": 0.3550425486161975
}