{
  "OVERRIDE_ORDER": [
    "split",
    "escape",
    "unstuck",
    "chase",
    "virus",
    "food"
  ],
  "NUM_DIRECTIONS": 16,
  "MAX_ENEMIES": 21,
  "SAFETY_OWN_PIECES": 3,
  "STEP_RADIUS_MULT": 1.3437102678117676,
  "SPLIT_REACH_RELIABILITY": 0.6269844947566496,
  "ESCAPE_DIRECT_RANGE_MULT": 5.768878719915682,
  "ESCAPE_SPLIT_REACH_BUFFER": 0.9566600024135485,
  "ESCAPE_MOVE_WEIGHT": 164.19988508622924,
  "ESCAPE_WALL_WEIGHT": 160.81947851413108,
  "ESCAPE_VIRUS_SHIELD_WEIGHT": 176.32897072865796,
  "ESCAPE_HARD_MARGIN": 0.10646841470278892,
  "SPLIT_CAPTURE_WEIGHT": 6.630403636353634,
  "SPLIT_DEPTH_COST": 4.8453428798829465,
  "SPLIT_FRAGMENT_COST": 0.07417795972621351,
  "SPLIT_EXTERNAL_RISK_WEIGHT": 2.3120892280157137,
  "SPLIT_MIN_UTILITY": 1.9859643996088527,
  "SPLIT_LARGER_OWNER_RATIO": 1.0381957977498824,
  "SPLIT_PLAN_WAIT_TICKS": 9,
  "CHASE_ACQUIRE_RANGE_MULT": 10.76685894076615,
  "CHASE_DIRECT_RANGE_MULT": 2.818489868791609,
  "CHASE_MAX_INTERCEPT_TICKS": 14.12117821587291,
  "CHASE_LOCK_TICKS": 44,
  "CHASE_WALL_HORIZON": 39.050743194861205,
  "CHASE_BLOCK_OFFSET_MULT": 1.0144492423763105,
  "CHASE_DISTANCE_WEIGHT": 0.3710912150736093,
  "CHASE_ETA_WEIGHT": 1.2401205419780321,
  "CHASE_LOCK_BONUS": 8.056818943491853,
  "CHASE_VELOCITY_NEW_WEIGHT": 0.3894444306757166,
  "VIRUS_ENEMY_RANGE_MULT": 6.067384168754447,
  "VIRUS_MANUAL_SPLIT_TIME_BONUS": 0.7807671636328232,
  "VIRUS_MANUAL_SPLIT_RISK_COST": 1.1267980875863117,
  "VIRUS_MAX_FARM_MASS": 322.9421869320163,
  "FOOD_CLUSTER_RADIUS": 5.777062286041833,
  "FOOD_CLUSTER_WEIGHT": 1.1168386255854437,
  "FOOD_DISTANCE_POWER": 1.999173340829782,
  "FOOD_LOCK_TICKS": 21,
  "ROAM_CENTER_WEIGHT": 0.2079407951006081,
  "ROAM_MOMENTUM_WEIGHT": 0.433825473591768
}