{
  "OVERRIDE_ORDER": [
    "escape",
    "unstuck",
    "split",
    "chase",
    "virus",
    "food"
  ],
  "NUM_DIRECTIONS": 16,
  "MAX_ENEMIES": 21,
  "SAFETY_OWN_PIECES": 2,
  "STEP_RADIUS_MULT": 1.4069069250961603,
  "SPLIT_REACH_RELIABILITY": 0.7584380282252733,
  "ESCAPE_DIRECT_RANGE_MULT": 4.452688494360378,
  "ESCAPE_SPLIT_REACH_BUFFER": 1.133130149086882,
  "ESCAPE_MOVE_WEIGHT": 98.17717244592363,
  "ESCAPE_WALL_WEIGHT": 191.58094605975927,
  "ESCAPE_VIRUS_SHIELD_WEIGHT": 922.0109029234495,
  "ESCAPE_HARD_MARGIN": 0.021119425255968965,
  "SPLIT_CAPTURE_WEIGHT": 6.9125731533976165,
  "SPLIT_DEPTH_COST": 3.3501270956972884,
  "SPLIT_FRAGMENT_COST": 0.37009565249236376,
  "SPLIT_EXTERNAL_RISK_WEIGHT": 1.7367786767224997,
  "SPLIT_MIN_UTILITY": 9.594582016437284,
  "SPLIT_LARGER_OWNER_RATIO": 0.9660755187536064,
  "SPLIT_PLAN_WAIT_TICKS": 3,
  "CHASE_ACQUIRE_RANGE_MULT": 8.142136503192926,
  "CHASE_DIRECT_RANGE_MULT": 4.140515414103104,
  "CHASE_MAX_INTERCEPT_TICKS": 13.038355198417673,
  "CHASE_LOCK_TICKS": 92,
  "CHASE_WALL_HORIZON": 14.1480701082828,
  "CHASE_BLOCK_OFFSET_MULT": 1.3784044404791016,
  "CHASE_DISTANCE_WEIGHT": 0.803174720534323,
  "CHASE_ETA_WEIGHT": 0.9894094404327637,
  "CHASE_LOCK_BONUS": 42.331924393809956,
  "CHASE_VELOCITY_NEW_WEIGHT": 0.34398496515760735,
  "VIRUS_ENEMY_RANGE_MULT": 7.286702691983491,
  "VIRUS_MANUAL_SPLIT_TIME_BONUS": 1.574388022206666,
  "VIRUS_MANUAL_SPLIT_RISK_COST": 0.946712323519665,
  "VIRUS_MAX_FARM_MASS": 111.06677778659893,
  "FOOD_CLUSTER_RADIUS": 2.555845488270437,
  "FOOD_CLUSTER_WEIGHT": 2.607511625342795,
  "FOOD_DISTANCE_POWER": 1.8566425297354996,
  "FOOD_LOCK_TICKS": 26,
  "ROAM_CENTER_WEIGHT": 1.746093014720855,
  "ROAM_MOMENTUM_WEIGHT": 0.23536248211425106
}