{
  "OVERRIDE_ORDER": [
    "escape",
    "unstuck",
    "split",
    "chase",
    "virus",
    "food"
  ],
  "NUM_DIRECTIONS": 16,
  "MAX_ENEMIES": 24,
  "SAFETY_OWN_PIECES": 2,
  "STEP_RADIUS_MULT": 1.4068662534722742,
  "SPLIT_REACH_RELIABILITY": 0.8384248939190462,
  "ESCAPE_DIRECT_RANGE_MULT": 4.835703270491014,
  "ESCAPE_SPLIT_REACH_BUFFER": 1.0105357511641748,
  "ESCAPE_MOVE_WEIGHT": 127.01957006199548,
  "ESCAPE_WALL_WEIGHT": 125.60385947539909,
  "ESCAPE_VIRUS_SHIELD_WEIGHT": 1181.5701283720152,
  "ESCAPE_HARD_MARGIN": 0.017322240655798286,
  "SPLIT_CAPTURE_WEIGHT": 12.12442117144527,
  "SPLIT_DEPTH_COST": 5.335364566891436,
  "SPLIT_FRAGMENT_COST": 0.1743808636970182,
  "SPLIT_EXTERNAL_RISK_WEIGHT": 1.7941966462220815,
  "SPLIT_MIN_UTILITY": 6.290771520289011,
  "SPLIT_LARGER_OWNER_RATIO": 0.9978331079354735,
  "SPLIT_PLAN_WAIT_TICKS": 2,
  "CHASE_ACQUIRE_RANGE_MULT": 13.632894734130357,
  "CHASE_DIRECT_RANGE_MULT": 4.568810668493524,
  "CHASE_MAX_INTERCEPT_TICKS": 5.128060561219467,
  "CHASE_LOCK_TICKS": 188,
  "CHASE_WALL_HORIZON": 15.071332181988502,
  "CHASE_BLOCK_OFFSET_MULT": 1.220811581601667,
  "CHASE_DISTANCE_WEIGHT": 0.27264042788131715,
  "CHASE_ETA_WEIGHT": 0.7230330857573393,
  "CHASE_LOCK_BONUS": 10.81275690138763,
  "CHASE_VELOCITY_NEW_WEIGHT": 0.4550673604340405,
  "VIRUS_ENEMY_RANGE_MULT": 3.4813693603459424,
  "VIRUS_MANUAL_SPLIT_TIME_BONUS": 0.8136825849386022,
  "VIRUS_MANUAL_SPLIT_RISK_COST": 7.012680853561031,
  "VIRUS_MAX_FARM_MASS": 107.2312495163758,
  "FOOD_CLUSTER_RADIUS": 2.8305742152252225,
  "FOOD_CLUSTER_WEIGHT": 2.7071702412102905,
  "FOOD_DISTANCE_POWER": 1.675950287729766,
  "FOOD_LOCK_TICKS": 21,
  "ROAM_CENTER_WEIGHT": 0.5007267624972503,
  "ROAM_MOMENTUM_WEIGHT": 0.13573502599939993
}