{
  "OVERRIDE_ORDER": [
    "escape",
    "unstuck",
    "split",
    "chase",
    "virus",
    "food"
  ],
  "NUM_DIRECTIONS": 12,
  "MAX_ENEMIES": 21,
  "SAFETY_OWN_PIECES": 2,
  "STEP_RADIUS_MULT": 1.4002567119919627,
  "SPLIT_REACH_RELIABILITY": 0.7585760455773548,
  "ESCAPE_DIRECT_RANGE_MULT": 5.817897632752375,
  "ESCAPE_SPLIT_REACH_BUFFER": 1.0498312052688399,
  "ESCAPE_MOVE_WEIGHT": 186.14979316737072,
  "ESCAPE_WALL_WEIGHT": 210.41078149359217,
  "ESCAPE_VIRUS_SHIELD_WEIGHT": 1004.600022067076,
  "ESCAPE_HARD_MARGIN": 0.20427757441787137,
  "SPLIT_CAPTURE_WEIGHT": 3.529136027417045,
  "SPLIT_DEPTH_COST": 4.52578766662452,
  "SPLIT_FRAGMENT_COST": 0.17329038843242203,
  "SPLIT_EXTERNAL_RISK_WEIGHT": 0.6659265730505867,
  "SPLIT_MIN_UTILITY": 5.70868007997168,
  "SPLIT_LARGER_OWNER_RATIO": 1.0657334717960076,
  "SPLIT_PLAN_WAIT_TICKS": 6,
  "CHASE_ACQUIRE_RANGE_MULT": 9.980139923535218,
  "CHASE_DIRECT_RANGE_MULT": 3.9776800038744926,
  "CHASE_MAX_INTERCEPT_TICKS": 14.557771221965773,
  "CHASE_LOCK_TICKS": 85,
  "CHASE_WALL_HORIZON": 22.728419599454924,
  "CHASE_BLOCK_OFFSET_MULT": 1.4934318178265558,
  "CHASE_DISTANCE_WEIGHT": 0.47654707861728707,
  "CHASE_ETA_WEIGHT": 1.3850952755747086,
  "CHASE_LOCK_BONUS": 20.335462882003572,
  "CHASE_VELOCITY_NEW_WEIGHT": 0.3345305509643006,
  "VIRUS_ENEMY_RANGE_MULT": 7.804171964671865,
  "VIRUS_MANUAL_SPLIT_TIME_BONUS": 0.5764334929803206,
  "VIRUS_MANUAL_SPLIT_RISK_COST": 5.39482391764621,
  "VIRUS_MAX_FARM_MASS": 95.45925912753381,
  "FOOD_CLUSTER_RADIUS": 6.155250141308016,
  "FOOD_CLUSTER_WEIGHT": 0.48424005441567447,
  "FOOD_DISTANCE_POWER": 1.8378489224388246,
  "FOOD_LOCK_TICKS": 11,
  "ROAM_CENTER_WEIGHT": 1.5006361137076114,
  "ROAM_MOMENTUM_WEIGHT": 1.0277792735367661
}