{
  "OVERRIDE_ORDER": [
    "escape",
    "unstuck",
    "split",
    "virus",
    "chase",
    "food"
  ],
  "NUM_DIRECTIONS": 16,
  "MAX_ENEMIES": 24,
  "SAFETY_OWN_PIECES": 2,
  "STEP_RADIUS_MULT": 1.4806325842440096,
  "SPLIT_REACH_RELIABILITY": 0.8927379535710506,
  "ESCAPE_DIRECT_RANGE_MULT": 6.500299174533397,
  "ESCAPE_SPLIT_REACH_BUFFER": 1.1229098091808911,
  "ESCAPE_MOVE_WEIGHT": 113.04427555394648,
  "ESCAPE_WALL_WEIGHT": 246.53687445472767,
  "ESCAPE_VIRUS_SHIELD_WEIGHT": 362.80155361457156,
  "ESCAPE_HARD_MARGIN": 0.21679170194905162,
  "SPLIT_CAPTURE_WEIGHT": 3.6093995860714947,
  "SPLIT_DEPTH_COST": 2.4556902761776986,
  "SPLIT_FRAGMENT_COST": 0.051943778796276256,
  "SPLIT_EXTERNAL_RISK_WEIGHT": 0.7864890322162907,
  "SPLIT_MIN_UTILITY": 5.83998630905779,
  "SPLIT_LARGER_OWNER_RATIO": 1.1367992495169597,
  "SPLIT_PLAN_WAIT_TICKS": 7,
  "CHASE_ACQUIRE_RANGE_MULT": 10.18620150830082,
  "CHASE_DIRECT_RANGE_MULT": 2.7170951297808603,
  "CHASE_MAX_INTERCEPT_TICKS": 8.75779644499758,
  "CHASE_LOCK_TICKS": 119,
  "CHASE_WALL_HORIZON": 27.232553561475367,
  "CHASE_BLOCK_OFFSET_MULT": 1.3377411538116157,
  "CHASE_DISTANCE_WEIGHT": 0.10888430900351005,
  "CHASE_ETA_WEIGHT": 0.9245209416485503,
  "CHASE_LOCK_BONUS": 16.332243654148442,
  "CHASE_VELOCITY_NEW_WEIGHT": 0.398785250228976,
  "VIRUS_ENEMY_RANGE_MULT": 5.73771392588423,
  "VIRUS_MANUAL_SPLIT_TIME_BONUS": 3.6134378811143533,
  "VIRUS_MANUAL_SPLIT_RISK_COST": 0.2896365524011426,
  "VIRUS_MAX_FARM_MASS": 179.77049711546493,
  "FOOD_CLUSTER_RADIUS": 3.3280706390493,
  "FOOD_CLUSTER_WEIGHT": 0.8544639924236267,
  "FOOD_DISTANCE_POWER": 1.4875975274515982,
  "FOOD_LOCK_TICKS": 20,
  "ROAM_CENTER_WEIGHT": 1.7872174482367105,
  "ROAM_MOMENTUM_WEIGHT": 0.40469810434515585
}