{
  "OVERRIDE_ORDER": [
    "escape",
    "unstuck",
    "split",
    "chase",
    "virus",
    "food"
  ],
  "NUM_DIRECTIONS": 16,
  "MAX_ENEMIES": 24,
  "SAFETY_OWN_PIECES": 2,
  "STEP_RADIUS_MULT": 1.2826155244103985,
  "SPLIT_REACH_RELIABILITY": 0.6463680960458763,
  "ESCAPE_DIRECT_RANGE_MULT": 6.41988912724457,
  "ESCAPE_SPLIT_REACH_BUFFER": 1.0919428048979558,
  "ESCAPE_MOVE_WEIGHT": 103.69967742275934,
  "ESCAPE_WALL_WEIGHT": 101.4643728047273,
  "ESCAPE_VIRUS_SHIELD_WEIGHT": 426.076065791796,
  "ESCAPE_HARD_MARGIN": 0.20192266860468838,
  "SPLIT_CAPTURE_WEIGHT": 4.148207710503178,
  "SPLIT_DEPTH_COST": 6.344609716960352,
  "SPLIT_FRAGMENT_COST": 0.08571854749052062,
  "SPLIT_EXTERNAL_RISK_WEIGHT": 0.4486839520684157,
  "SPLIT_MIN_UTILITY": 3.5370501588684067,
  "SPLIT_LARGER_OWNER_RATIO": 0.9740904611504538,
  "SPLIT_PLAN_WAIT_TICKS": 4,
  "CHASE_ACQUIRE_RANGE_MULT": 7.788211291529542,
  "CHASE_DIRECT_RANGE_MULT": 4.3648995226196705,
  "CHASE_MAX_INTERCEPT_TICKS": 15.76995189913587,
  "CHASE_LOCK_TICKS": 119,
  "CHASE_WALL_HORIZON": 27.49139990545442,
  "CHASE_BLOCK_OFFSET_MULT": 1.279772587986219,
  "CHASE_DISTANCE_WEIGHT": 0.2230074662306272,
  "CHASE_ETA_WEIGHT": 1.0710754397909097,
  "CHASE_LOCK_BONUS": 23.891073632756612,
  "CHASE_VELOCITY_NEW_WEIGHT": 0.3217711913611862,
  "VIRUS_ENEMY_RANGE_MULT": 6.926095282030292,
  "VIRUS_MANUAL_SPLIT_TIME_BONUS": 0.6500697412756228,
  "VIRUS_MANUAL_SPLIT_RISK_COST": 1.5055066758830398,
  "VIRUS_MAX_FARM_MASS": 127.9617510810981,
  "FOOD_CLUSTER_RADIUS": 5.493887350303061,
  "FOOD_CLUSTER_WEIGHT": 0.7187285327467033,
  "FOOD_DISTANCE_POWER": 2.2142786850461205,
  "FOOD_LOCK_TICKS": 8,
  "ROAM_CENTER_WEIGHT": 0.7454597343743449,
  "ROAM_MOMENTUM_WEIGHT": 0.29213664864242084
}