{
  "OVERRIDE_ORDER": [
    "escape",
    "unstuck",
    "split",
    "chase",
    "virus",
    "food"
  ],
  "NUM_DIRECTIONS": 12,
  "MAX_ENEMIES": 21,
  "SAFETY_OWN_PIECES": 2,
  "STEP_RADIUS_MULT": 1.2836746672573038,
  "SPLIT_REACH_RELIABILITY": 0.7165078365696952,
  "ESCAPE_DIRECT_RANGE_MULT": 7.305021164377376,
  "ESCAPE_SPLIT_REACH_BUFFER": 1.0298870933708706,
  "ESCAPE_MOVE_WEIGHT": 158.6687531712997,
  "ESCAPE_WALL_WEIGHT": 214.34825816848502,
  "ESCAPE_VIRUS_SHIELD_WEIGHT": 963.1630839469115,
  "ESCAPE_HARD_MARGIN": 0.2162919570370885,
  "SPLIT_CAPTURE_WEIGHT": 5.0672710048981395,
  "SPLIT_DEPTH_COST": 5.751717450575699,
  "SPLIT_FRAGMENT_COST": 0.14063962720490839,
  "SPLIT_EXTERNAL_RISK_WEIGHT": 0.2054432834930897,
  "SPLIT_MIN_UTILITY": 4.614460986354183,
  "SPLIT_LARGER_OWNER_RATIO": 0.9601784329746978,
  "SPLIT_PLAN_WAIT_TICKS": 1,
  "CHASE_ACQUIRE_RANGE_MULT": 6.714917530664551,
  "CHASE_DIRECT_RANGE_MULT": 4.388838849544804,
  "CHASE_MAX_INTERCEPT_TICKS": 17.514133474005018,
  "CHASE_LOCK_TICKS": 69,
  "CHASE_WALL_HORIZON": 24.423769237163558,
  "CHASE_BLOCK_OFFSET_MULT": 1.374828059922901,
  "CHASE_DISTANCE_WEIGHT": 0.6286178861891955,
  "CHASE_ETA_WEIGHT": 0.5206922907416719,
  "CHASE_LOCK_BONUS": 32.646742280431575,
  "CHASE_VELOCITY_NEW_WEIGHT": 0.25146685775668876,
  "VIRUS_ENEMY_RANGE_MULT": 5.004613542121945,
  "VIRUS_MANUAL_SPLIT_TIME_BONUS": 0.520188099492657,
  "VIRUS_MANUAL_SPLIT_RISK_COST": 1.3152336871066812,
  "VIRUS_MAX_FARM_MASS": 52.879971627899664,
  "FOOD_CLUSTER_RADIUS": 6.689920020881106,
  "FOOD_CLUSTER_WEIGHT": 0.32537896003537803,
  "FOOD_DISTANCE_POWER": 2.247865178053873,
  "FOOD_LOCK_TICKS": 21,
  "ROAM_CENTER_WEIGHT": 2.750853915828313,
  "ROAM_MOMENTUM_WEIGHT": 0.8304533846288392
}