{
  "OVERRIDE_ORDER": [
    "escape",
    "unstuck",
    "split",
    "chase",
    "virus",
    "food"
  ],
  "NUM_DIRECTIONS": 16,
  "MAX_ENEMIES": 24,
  "SAFETY_OWN_PIECES": 3,
  "STEP_RADIUS_MULT": 1.355515087569219,
  "SPLIT_REACH_RELIABILITY": 0.6714443281968971,
  "ESCAPE_DIRECT_RANGE_MULT": 5.990456208308886,
  "ESCAPE_SPLIT_REACH_BUFFER": 1.158872067325147,
  "ESCAPE_MOVE_WEIGHT": 111.75079357033876,
  "ESCAPE_WALL_WEIGHT": 172.49811024985505,
  "ESCAPE_VIRUS_SHIELD_WEIGHT": 1194.1599449859834,
  "ESCAPE_HARD_MARGIN": 0.01868112502810909,
  "SPLIT_CAPTURE_WEIGHT": 13.72421644622533,
  "SPLIT_DEPTH_COST": 3.6649635613814997,
  "SPLIT_FRAGMENT_COST": 0.09812798494252588,
  "SPLIT_EXTERNAL_RISK_WEIGHT": 1.1816445608780015,
  "SPLIT_MIN_UTILITY": 5.112517710079304,
  "SPLIT_LARGER_OWNER_RATIO": 1.0396814081647203,
  "SPLIT_PLAN_WAIT_TICKS": 4,
  "CHASE_ACQUIRE_RANGE_MULT": 9.59779193025423,
  "CHASE_DIRECT_RANGE_MULT": 4.317374849281652,
  "CHASE_MAX_INTERCEPT_TICKS": 11.197257811834223,
  "CHASE_LOCK_TICKS": 85,
  "CHASE_WALL_HORIZON": 17.794136178287026,
  "CHASE_BLOCK_OFFSET_MULT": 1.354781964168072,
  "CHASE_DISTANCE_WEIGHT": 0.31060444515940533,
  "CHASE_ETA_WEIGHT": 2.430518118007602,
  "CHASE_LOCK_BONUS": 22.347710459344288,
  "CHASE_VELOCITY_NEW_WEIGHT": 0.3098809507044227,
  "VIRUS_ENEMY_RANGE_MULT": 5.876243133337657,
  "VIRUS_MANUAL_SPLIT_TIME_BONUS": 0.5870311545980549,
  "VIRUS_MANUAL_SPLIT_RISK_COST": 2.147177627826857,
  "VIRUS_MAX_FARM_MASS": 150.20198382339265,
  "FOOD_CLUSTER_RADIUS": 5.540507318989334,
  "FOOD_CLUSTER_WEIGHT": 0.44848543845387956,
  "FOOD_DISTANCE_POWER": 1.3910391888541358,
  "FOOD_LOCK_TICKS": 24,
  "ROAM_CENTER_WEIGHT": 1.0790054346887161,
  "ROAM_MOMENTUM_WEIGHT": 0.10871589987631815
}