{
  "OVERRIDE_ORDER": [
    "escape",
    "unstuck",
    "split",
    "virus",
    "chase",
    "food"
  ],
  "NUM_DIRECTIONS": 16,
  "MAX_ENEMIES": 24,
  "SAFETY_OWN_PIECES": 2,
  "STEP_RADIUS_MULT": 1.5862199301606346,
  "SPLIT_REACH_RELIABILITY": 0.7392915542619759,
  "ESCAPE_DIRECT_RANGE_MULT": 6.922609683141967,
  "ESCAPE_SPLIT_REACH_BUFFER": 1.0397307806133294,
  "ESCAPE_MOVE_WEIGHT": 111.77661199366676,
  "ESCAPE_WALL_WEIGHT": 422.70698343081654,
  "ESCAPE_VIRUS_SHIELD_WEIGHT": 393.4902883460017,
  "ESCAPE_HARD_MARGIN": 0.09035033188226944,
  "SPLIT_CAPTURE_WEIGHT": 5.60313724673217,
  "SPLIT_DEPTH_COST": 6.9999570313886075,
  "SPLIT_FRAGMENT_COST": 0.27424214792906865,
  "SPLIT_EXTERNAL_RISK_WEIGHT": 2.2177219430130766,
  "SPLIT_MIN_UTILITY": 7.467642460381729,
  "SPLIT_LARGER_OWNER_RATIO": 1.179346813600295,
  "SPLIT_PLAN_WAIT_TICKS": 3,
  "CHASE_ACQUIRE_RANGE_MULT": 12.260322883344292,
  "CHASE_DIRECT_RANGE_MULT": 2.7189239456762806,
  "CHASE_MAX_INTERCEPT_TICKS": 10.68478881147871,
  "CHASE_LOCK_TICKS": 223,
  "CHASE_WALL_HORIZON": 15.953241746572214,
  "CHASE_BLOCK_OFFSET_MULT": 1.0077386422231984,
  "CHASE_DISTANCE_WEIGHT": 0.060252714390807635,
  "CHASE_ETA_WEIGHT": 0.43870053901975814,
  "CHASE_LOCK_BONUS": 29.709853303507884,
  "CHASE_VELOCITY_NEW_WEIGHT": 0.40809108300673574,
  "VIRUS_ENEMY_RANGE_MULT": 4.036939641784626,
  "VIRUS_MANUAL_SPLIT_TIME_BONUS": 3.903797650451911,
  "VIRUS_MANUAL_SPLIT_RISK_COST": 0.2551274980459814,
  "VIRUS_MAX_FARM_MASS": 190.5320807999065,
  "FOOD_CLUSTER_RADIUS": 4.753757977616859,
  "FOOD_CLUSTER_WEIGHT": 0.6409962343321884,
  "FOOD_DISTANCE_POWER": 1.8995152766904184,
  "FOOD_LOCK_TICKS": 12,
  "ROAM_CENTER_WEIGHT": 0.33886752675443954,
  "ROAM_MOMENTUM_WEIGHT": 0.26055162456698
}