{
  "OVERRIDE_ORDER": [
    "escape",
    "unstuck",
    "split",
    "chase",
    "virus",
    "food"
  ],
  "NUM_DIRECTIONS": 16,
  "MAX_ENEMIES": 24,
  "SAFETY_OWN_PIECES": 2,
  "STEP_RADIUS_MULT": 1.49713023171099,
  "SPLIT_REACH_RELIABILITY": 0.6908988879159452,
  "ESCAPE_DIRECT_RANGE_MULT": 7.372466279622991,
  "ESCAPE_SPLIT_REACH_BUFFER": 1.0574810741742646,
  "ESCAPE_MOVE_WEIGHT": 110.13695461303851,
  "ESCAPE_WALL_WEIGHT": 159.99006181329676,
  "ESCAPE_VIRUS_SHIELD_WEIGHT": 764.472462286896,
  "ESCAPE_HARD_MARGIN": 0.13860625383866315,
  "SPLIT_CAPTURE_WEIGHT": 4.967606053175442,
  "SPLIT_DEPTH_COST": 5.486241170681244,
  "SPLIT_FRAGMENT_COST": 0.2538963998528169,
  "SPLIT_EXTERNAL_RISK_WEIGHT": 0.660011455372092,
  "SPLIT_MIN_UTILITY": 6.776514196344206,
  "SPLIT_LARGER_OWNER_RATIO": 1.0356528369408113,
  "SPLIT_PLAN_WAIT_TICKS": 6,
  "CHASE_ACQUIRE_RANGE_MULT": 10.382671266981877,
  "CHASE_DIRECT_RANGE_MULT": 4.1930195336360505,
  "CHASE_MAX_INTERCEPT_TICKS": 16.06612675855879,
  "CHASE_LOCK_TICKS": 101,
  "CHASE_WALL_HORIZON": 25.06863848286573,
  "CHASE_BLOCK_OFFSET_MULT": 1.3883751759032152,
  "CHASE_DISTANCE_WEIGHT": 0.6058982630626523,
  "CHASE_ETA_WEIGHT": 2.0457220507557174,
  "CHASE_LOCK_BONUS": 45.04797698429036,
  "CHASE_VELOCITY_NEW_WEIGHT": 0.4001103791427473,
  "VIRUS_ENEMY_RANGE_MULT": 4.023901542295707,
  "VIRUS_MANUAL_SPLIT_TIME_BONUS": 2.0802531284208703,
  "VIRUS_MANUAL_SPLIT_RISK_COST": 5.2640710209939785,
  "VIRUS_MAX_FARM_MASS": 221.62918225619816,
  "FOOD_CLUSTER_RADIUS": 6.800607597122706,
  "FOOD_CLUSTER_WEIGHT": 0.2856257008710499,
  "FOOD_DISTANCE_POWER": 1.9631461331744307,
  "FOOD_LOCK_TICKS": 3,
  "ROAM_CENTER_WEIGHT": 1.1121964687675265,
  "ROAM_MOMENTUM_WEIGHT": 0.15450284472457984
}