{
  "OVERRIDE_ORDER": [
    "escape",
    "split",
    "unstuck",
    "chase",
    "virus",
    "food"
  ],
  "NUM_DIRECTIONS": 16,
  "MAX_ENEMIES": 21,
  "SAFETY_OWN_PIECES": 2,
  "STEP_RADIUS_MULT": 1.258995648725927,
  "SPLIT_REACH_RELIABILITY": 0.7686938151881613,
  "ESCAPE_DIRECT_RANGE_MULT": 6.625141029589989,
  "ESCAPE_SPLIT_REACH_BUFFER": 1.0982163896273451,
  "ESCAPE_MOVE_WEIGHT": 81.65228157348277,
  "ESCAPE_WALL_WEIGHT": 119.5374897748682,
  "ESCAPE_VIRUS_SHIELD_WEIGHT": 710.2771355322861,
  "ESCAPE_HARD_MARGIN": 0.23191808694622984,
  "SPLIT_CAPTURE_WEIGHT": 13.994644330532989,
  "SPLIT_DEPTH_COST": 5.287812954981111,
  "SPLIT_FRAGMENT_COST": 0.5058098819939723,
  "SPLIT_EXTERNAL_RISK_WEIGHT": 1.1883345946515178,
  "SPLIT_MIN_UTILITY": 7.564955384114953,
  "SPLIT_LARGER_OWNER_RATIO": 0.9594826329285625,
  "SPLIT_PLAN_WAIT_TICKS": 6,
  "CHASE_ACQUIRE_RANGE_MULT": 8.086588547573099,
  "CHASE_DIRECT_RANGE_MULT": 3.901487217147744,
  "CHASE_MAX_INTERCEPT_TICKS": 16.566774457497534,
  "CHASE_LOCK_TICKS": 71,
  "CHASE_WALL_HORIZON": 22.031739323191296,
  "CHASE_BLOCK_OFFSET_MULT": 1.4431443085118325,
  "CHASE_DISTANCE_WEIGHT": 0.23075318099782194,
  "CHASE_ETA_WEIGHT": 0.2996954871358491,
  "CHASE_LOCK_BONUS": 23.52918392335275,
  "CHASE_VELOCITY_NEW_WEIGHT": 0.791014015213814,
  "VIRUS_ENEMY_RANGE_MULT": 7.1649576814595095,
  "VIRUS_MANUAL_SPLIT_TIME_BONUS": 1.4171002166614466,
  "VIRUS_MANUAL_SPLIT_RISK_COST": 4.405769236853348,
  "VIRUS_MAX_FARM_MASS": 58.219940134023346,
  "FOOD_CLUSTER_RADIUS": 3.693247412790197,
  "FOOD_CLUSTER_WEIGHT": 2.972154387052959,
  "FOOD_DISTANCE_POWER": 1.9213497515794724,
  "FOOD_LOCK_TICKS": 16,
  "ROAM_CENTER_WEIGHT": 1.0778862522107626,
  "ROAM_MOMENTUM_WEIGHT": 0.5488898732709775
}