{
  "OVERRIDE_ORDER": [
    "split",
    "escape",
    "unstuck",
    "chase",
    "virus",
    "food"
  ],
  "NUM_DIRECTIONS": 16,
  "MAX_ENEMIES": 24,
  "SAFETY_OWN_PIECES": 3,
  "STEP_RADIUS_MULT": 1.253704947419747,
  "SPLIT_REACH_RELIABILITY": 0.6237521697893386,
  "ESCAPE_DIRECT_RANGE_MULT": 7.436502819268085,
  "ESCAPE_SPLIT_REACH_BUFFER": 1.0262186182942163,
  "ESCAPE_MOVE_WEIGHT": 177.29855197019887,
  "ESCAPE_WALL_WEIGHT": 233.65965332472464,
  "ESCAPE_VIRUS_SHIELD_WEIGHT": 536.7521052519343,
  "ESCAPE_HARD_MARGIN": 0.04000005478841775,
  "SPLIT_CAPTURE_WEIGHT": 4.779981302034535,
  "SPLIT_DEPTH_COST": 4.130803629541435,
  "SPLIT_FRAGMENT_COST": 0.07234328369432655,
  "SPLIT_EXTERNAL_RISK_WEIGHT": 1.1762990630990156,
  "SPLIT_MIN_UTILITY": 0.6266875681095019,
  "SPLIT_LARGER_OWNER_RATIO": 1.0132042134749875,
  "SPLIT_PLAN_WAIT_TICKS": 8,
  "CHASE_ACQUIRE_RANGE_MULT": 8.849091995997785,
  "CHASE_DIRECT_RANGE_MULT": 2.804373680362381,
  "CHASE_MAX_INTERCEPT_TICKS": 11.714302937635766,
  "CHASE_LOCK_TICKS": 30,
  "CHASE_WALL_HORIZON": 33.69449280278979,
  "CHASE_BLOCK_OFFSET_MULT": 0.9593294317561382,
  "CHASE_DISTANCE_WEIGHT": 0.08262139520826935,
  "CHASE_ETA_WEIGHT": 0.43843150380601126,
  "CHASE_LOCK_BONUS": 8.87380143119111,
  "CHASE_VELOCITY_NEW_WEIGHT": 0.5570975245993977,
  "VIRUS_ENEMY_RANGE_MULT": 4.899458926217557,
  "VIRUS_MANUAL_SPLIT_TIME_BONUS": 0.5778447527820538,
  "VIRUS_MANUAL_SPLIT_RISK_COST": 0.4716399086085319,
  "VIRUS_MAX_FARM_MASS": 309.99677320704984,
  "FOOD_CLUSTER_RADIUS": 2.7134553692149628,
  "FOOD_CLUSTER_WEIGHT": 1.5047830699936036,
  "FOOD_DISTANCE_POWER": 2.2026315862160324,
  "FOOD_LOCK_TICKS": 27,
  "ROAM_CENTER_WEIGHT": 0.22773164987230235,
  "ROAM_MOMENTUM_WEIGHT": 0.25231827245946986
}