{
  "OVERRIDE_ORDER": [
    "escape",
    "unstuck",
    "split",
    "chase",
    "virus",
    "food"
  ],
  "NUM_DIRECTIONS": 12,
  "MAX_ENEMIES": 24,
  "SAFETY_OWN_PIECES": 2,
  "STEP_RADIUS_MULT": 1.321894481307359,
  "SPLIT_REACH_RELIABILITY": 0.6872574831929241,
  "ESCAPE_DIRECT_RANGE_MULT": 5.484175556962634,
  "ESCAPE_SPLIT_REACH_BUFFER": 1.0428242472348144,
  "ESCAPE_MOVE_WEIGHT": 133.562193649234,
  "ESCAPE_WALL_WEIGHT": 222.0763558817598,
  "ESCAPE_VIRUS_SHIELD_WEIGHT": 1057.6783801768368,
  "ESCAPE_HARD_MARGIN": 0.19895190287400188,
  "SPLIT_CAPTURE_WEIGHT": 8.647093436779883,
  "SPLIT_DEPTH_COST": 6.032641856185929,
  "SPLIT_FRAGMENT_COST": 0.24772382191295145,
  "SPLIT_EXTERNAL_RISK_WEIGHT": 1.359397632658795,
  "SPLIT_MIN_UTILITY": 4.449282308847414,
  "SPLIT_LARGER_OWNER_RATIO": 0.9857543755203128,
  "SPLIT_PLAN_WAIT_TICKS": 3,
  "CHASE_ACQUIRE_RANGE_MULT": 8.911175097561019,
  "CHASE_DIRECT_RANGE_MULT": 4.0474675335219805,
  "CHASE_MAX_INTERCEPT_TICKS": 17.213949065945854,
  "CHASE_LOCK_TICKS": 203,
  "CHASE_WALL_HORIZON": 27.91916071385171,
  "CHASE_BLOCK_OFFSET_MULT": 1.1355525910967625,
  "CHASE_DISTANCE_WEIGHT": 0.5828052930617074,
  "CHASE_ETA_WEIGHT": 1.3332866028159742,
  "CHASE_LOCK_BONUS": 14.026099066980052,
  "CHASE_VELOCITY_NEW_WEIGHT": 0.23535825224333867,
  "VIRUS_ENEMY_RANGE_MULT": 6.649715185983706,
  "VIRUS_MANUAL_SPLIT_TIME_BONUS": 1.6488777945803317,
  "VIRUS_MANUAL_SPLIT_RISK_COST": 2.171240883951115,
  "VIRUS_MAX_FARM_MASS": 70.94404968399269,
  "FOOD_CLUSTER_RADIUS": 5.4188271242337525,
  "FOOD_CLUSTER_WEIGHT": 1.60357985963896,
  "FOOD_DISTANCE_POWER": 1.8678561910826559,
  "FOOD_LOCK_TICKS": 12,
  "ROAM_CENTER_WEIGHT": 1.2504246323123864,
  "ROAM_MOMENTUM_WEIGHT": 0.7470150925971719
}