{
  "OVERRIDE_ORDER": [
    "escape",
    "unstuck",
    "split",
    "chase",
    "virus",
    "food"
  ],
  "NUM_DIRECTIONS": 16,
  "MAX_ENEMIES": 18,
  "SAFETY_OWN_PIECES": 3,
  "STEP_RADIUS_MULT": 1.329048961164407,
  "SPLIT_REACH_RELIABILITY": 0.8537303046083562,
  "ESCAPE_DIRECT_RANGE_MULT": 5.633682608577863,
  "ESCAPE_SPLIT_REACH_BUFFER": 1.0686757484838674,
  "ESCAPE_MOVE_WEIGHT": 189.98997558253953,
  "ESCAPE_WALL_WEIGHT": 185.4590328791714,
  "ESCAPE_VIRUS_SHIELD_WEIGHT": 877.0400775215169,
  "ESCAPE_HARD_MARGIN": 0.07174836752596282,
  "SPLIT_CAPTURE_WEIGHT": 8.094891909259983,
  "SPLIT_DEPTH_COST": 3.6411397123829436,
  "SPLIT_FRAGMENT_COST": 0.23171931973241663,
  "SPLIT_EXTERNAL_RISK_WEIGHT": 1.702864265304472,
  "SPLIT_MIN_UTILITY": 8.079132439332684,
  "SPLIT_LARGER_OWNER_RATIO": 0.9832003259553342,
  "SPLIT_PLAN_WAIT_TICKS": 9,
  "CHASE_ACQUIRE_RANGE_MULT": 7.413028214142502,
  "CHASE_DIRECT_RANGE_MULT": 4.670020084463658,
  "CHASE_MAX_INTERCEPT_TICKS": 8.614642993605585,
  "CHASE_LOCK_TICKS": 167,
  "CHASE_WALL_HORIZON": 32.046223644641515,
  "CHASE_BLOCK_OFFSET_MULT": 1.0601235432490064,
  "CHASE_DISTANCE_WEIGHT": 0.668907441131256,
  "CHASE_ETA_WEIGHT": 2.401696390285803,
  "CHASE_LOCK_BONUS": 18.67990439156145,
  "CHASE_VELOCITY_NEW_WEIGHT": 0.6736455871526763,
  "VIRUS_ENEMY_RANGE_MULT": 8.74677944518221,
  "VIRUS_MANUAL_SPLIT_TIME_BONUS": 0.5688236013835779,
  "VIRUS_MANUAL_SPLIT_RISK_COST": 3.2906323386018146,
  "VIRUS_MAX_FARM_MASS": 116.8692303607079,
  "FOOD_CLUSTER_RADIUS": 5.362135310207082,
  "FOOD_CLUSTER_WEIGHT": 1.7288220690293865,
  "FOOD_DISTANCE_POWER": 1.8867402152287753,
  "FOOD_LOCK_TICKS": 12,
  "ROAM_CENTER_WEIGHT": 1.1558531419853573,
  "ROAM_MOMENTUM_WEIGHT": 0.2530705178787276
}