{
  "OVERRIDE_ORDER": [
    "escape",
    "unstuck",
    "split",
    "virus",
    "chase",
    "food"
  ],
  "NUM_DIRECTIONS": 16,
  "MAX_ENEMIES": 21,
  "SAFETY_OWN_PIECES": 2,
  "STEP_RADIUS_MULT": 1.471953370314828,
  "SPLIT_REACH_RELIABILITY": 0.7285455897074685,
  "ESCAPE_DIRECT_RANGE_MULT": 5.971849779472952,
  "ESCAPE_SPLIT_REACH_BUFFER": 0.9660989746641917,
  "ESCAPE_MOVE_WEIGHT": 116.95220866338782,
  "ESCAPE_WALL_WEIGHT": 121.7078218273136,
  "ESCAPE_VIRUS_SHIELD_WEIGHT": 1222.810529131787,
  "ESCAPE_HARD_MARGIN": 0.032712533149489964,
  "SPLIT_CAPTURE_WEIGHT": 12.230939706580818,
  "SPLIT_DEPTH_COST": 4.006114368019998,
  "SPLIT_FRAGMENT_COST": 0.5333187301500235,
  "SPLIT_EXTERNAL_RISK_WEIGHT": 1.3468508377704997,
  "SPLIT_MIN_UTILITY": 9.376150706649268,
  "SPLIT_LARGER_OWNER_RATIO": 1.0038518839591668,
  "SPLIT_PLAN_WAIT_TICKS": 8,
  "CHASE_ACQUIRE_RANGE_MULT": 13.969283765334984,
  "CHASE_DIRECT_RANGE_MULT": 4.609621734237222,
  "CHASE_MAX_INTERCEPT_TICKS": 14.655592657024517,
  "CHASE_LOCK_TICKS": 108,
  "CHASE_WALL_HORIZON": 31.892386482848906,
  "CHASE_BLOCK_OFFSET_MULT": 1.2535129552504494,
  "CHASE_DISTANCE_WEIGHT": 0.29356855646606755,
  "CHASE_ETA_WEIGHT": 0.45287724101430293,
  "CHASE_LOCK_BONUS": 39.89519191178658,
  "CHASE_VELOCITY_NEW_WEIGHT": 0.223385935039912,
  "VIRUS_ENEMY_RANGE_MULT": 4.741607797270604,
  "VIRUS_MANUAL_SPLIT_TIME_BONUS": 2.30685106899769,
  "VIRUS_MANUAL_SPLIT_RISK_COST": 4.149191393953199,
  "VIRUS_MAX_FARM_MASS": 145.13233060244576,
  "FOOD_CLUSTER_RADIUS": 2.8395638340559253,
  "FOOD_CLUSTER_WEIGHT": 2.2317286881909966,
  "FOOD_DISTANCE_POWER": 1.777608745563501,
  "FOOD_LOCK_TICKS": 17,
  "ROAM_CENTER_WEIGHT": 1.0259249039783445,
  "ROAM_MOMENTUM_WEIGHT": 0.479728753920244
}