{
  "OVERRIDE_ORDER": [
    "escape",
    "unstuck",
    "split",
    "chase",
    "virus",
    "food"
  ],
  "NUM_DIRECTIONS": 16,
  "MAX_ENEMIES": 21,
  "SAFETY_OWN_PIECES": 2,
  "STEP_RADIUS_MULT": 1.6391330678046887,
  "SPLIT_REACH_RELIABILITY": 0.6868600697456496,
  "ESCAPE_DIRECT_RANGE_MULT": 6.163704535518962,
  "ESCAPE_SPLIT_REACH_BUFFER": 1.069776907895014,
  "ESCAPE_MOVE_WEIGHT": 94.62927123001724,
  "ESCAPE_WALL_WEIGHT": 111.1421902241149,
  "ESCAPE_VIRUS_SHIELD_WEIGHT": 1288.9673025120453,
  "ESCAPE_HARD_MARGIN": 0.11864854018280631,
  "SPLIT_CAPTURE_WEIGHT": 9.506230887674144,
  "SPLIT_DEPTH_COST": 6.70094427538793,
  "SPLIT_FRAGMENT_COST": 0.5543161374363592,
  "SPLIT_EXTERNAL_RISK_WEIGHT": 2.945705140672148,
  "SPLIT_MIN_UTILITY": 9.120628873754903,
  "SPLIT_LARGER_OWNER_RATIO": 1.1081626677360739,
  "SPLIT_PLAN_WAIT_TICKS": 5,
  "CHASE_ACQUIRE_RANGE_MULT": 9.860616552662057,
  "CHASE_DIRECT_RANGE_MULT": 4.63607785836068,
  "CHASE_MAX_INTERCEPT_TICKS": 9.438343847272717,
  "CHASE_LOCK_TICKS": 107,
  "CHASE_WALL_HORIZON": 15.055758109947531,
  "CHASE_BLOCK_OFFSET_MULT": 1.2895449533571597,
  "CHASE_DISTANCE_WEIGHT": 0.48436097609491313,
  "CHASE_ETA_WEIGHT": 2.579543014081657,
  "CHASE_LOCK_BONUS": 24.864940331425117,
  "CHASE_VELOCITY_NEW_WEIGHT": 0.42636964790496035,
  "VIRUS_ENEMY_RANGE_MULT": 7.04076741111145,
  "VIRUS_MANUAL_SPLIT_TIME_BONUS": 0.8825004127087464,
  "VIRUS_MANUAL_SPLIT_RISK_COST": 3.6773474155662895,
  "VIRUS_MAX_FARM_MASS": 82.29251168245725,
  "FOOD_CLUSTER_RADIUS": 2.7776794186221303,
  "FOOD_CLUSTER_WEIGHT": 1.1188195177567828,
  "FOOD_DISTANCE_POWER": 1.5450720445103365,
  "FOOD_LOCK_TICKS": 26,
  "ROAM_CENTER_WEIGHT": 1.319835118020404,
  "ROAM_MOMENTUM_WEIGHT": 0.16975879036790878
}