{
  "OVERRIDE_ORDER": [
    "escape",
    "unstuck",
    "split",
    "chase",
    "virus",
    "food"
  ],
  "NUM_DIRECTIONS": 12,
  "MAX_ENEMIES": 21,
  "SAFETY_OWN_PIECES": 2,
  "STEP_RADIUS_MULT": 1.5151853878996306,
  "SPLIT_REACH_RELIABILITY": 0.6378465720035594,
  "ESCAPE_DIRECT_RANGE_MULT": 5.956553107177904,
  "ESCAPE_SPLIT_REACH_BUFFER": 1.0771869567189771,
  "ESCAPE_MOVE_WEIGHT": 114.42312125124599,
  "ESCAPE_WALL_WEIGHT": 193.43570105721793,
  "ESCAPE_VIRUS_SHIELD_WEIGHT": 1231.9162564036776,
  "ESCAPE_HARD_MARGIN": 0.077141712667997,
  "SPLIT_CAPTURE_WEIGHT": 11.79354413680902,
  "SPLIT_DEPTH_COST": 3.4534023386194224,
  "SPLIT_FRAGMENT_COST": 0.635660983099793,
  "SPLIT_EXTERNAL_RISK_WEIGHT": 1.4343009753893865,
  "SPLIT_MIN_UTILITY": 9.739565147960727,
  "SPLIT_LARGER_OWNER_RATIO": 1.1519529425349284,
  "SPLIT_PLAN_WAIT_TICKS": 6,
  "CHASE_ACQUIRE_RANGE_MULT": 9.901785426439407,
  "CHASE_DIRECT_RANGE_MULT": 4.298712825113677,
  "CHASE_MAX_INTERCEPT_TICKS": 8.908374160147464,
  "CHASE_LOCK_TICKS": 93,
  "CHASE_WALL_HORIZON": 24.635550166897282,
  "CHASE_BLOCK_OFFSET_MULT": 1.0837577529503406,
  "CHASE_DISTANCE_WEIGHT": 0.7693014931241146,
  "CHASE_ETA_WEIGHT": 1.2651238997960115,
  "CHASE_LOCK_BONUS": 33.18760106396014,
  "CHASE_VELOCITY_NEW_WEIGHT": 0.7853615661236109,
  "VIRUS_ENEMY_RANGE_MULT": 8.678961130431144,
  "VIRUS_MANUAL_SPLIT_TIME_BONUS": 1.0289125912125219,
  "VIRUS_MANUAL_SPLIT_RISK_COST": 3.8950697211313714,
  "VIRUS_MAX_FARM_MASS": 74.12209572789196,
  "FOOD_CLUSTER_RADIUS": 2.9662874031705737,
  "FOOD_CLUSTER_WEIGHT": 2.1509876245652246,
  "FOOD_DISTANCE_POWER": 1.7685371565740637,
  "FOOD_LOCK_TICKS": 15,
  "ROAM_CENTER_WEIGHT": 0.5172778781066166,
  "ROAM_MOMENTUM_WEIGHT": 0.1045071130960135
}