{
  "OVERRIDE_ORDER": [
    "escape",
    "unstuck",
    "split",
    "chase",
    "virus",
    "food"
  ],
  "NUM_DIRECTIONS": 12,
  "MAX_ENEMIES": 21,
  "SAFETY_OWN_PIECES": 2,
  "STEP_RADIUS_MULT": 1.3236025146587933,
  "SPLIT_REACH_RELIABILITY": 0.7289583042032926,
  "ESCAPE_DIRECT_RANGE_MULT": 6.251208952051644,
  "ESCAPE_SPLIT_REACH_BUFFER": 1.1442847291065463,
  "ESCAPE_MOVE_WEIGHT": 85.07825083987517,
  "ESCAPE_WALL_WEIGHT": 121.59945393859572,
  "ESCAPE_VIRUS_SHIELD_WEIGHT": 1297.8386579612516,
  "ESCAPE_HARD_MARGIN": 0.07679748997899453,
  "SPLIT_CAPTURE_WEIGHT": 9.862025051784855,
  "SPLIT_DEPTH_COST": 4.023571595278603,
  "SPLIT_FRAGMENT_COST": 0.36377474981708213,
  "SPLIT_EXTERNAL_RISK_WEIGHT": 0.4860077627073469,
  "SPLIT_MIN_UTILITY": 8.875054587921001,
  "SPLIT_LARGER_OWNER_RATIO": 1.055470253703776,
  "SPLIT_PLAN_WAIT_TICKS": 5,
  "CHASE_ACQUIRE_RANGE_MULT": 6.903437245891233,
  "CHASE_DIRECT_RANGE_MULT": 3.480613450537981,
  "CHASE_MAX_INTERCEPT_TICKS": 15.589733709172474,
  "CHASE_LOCK_TICKS": 58,
  "CHASE_WALL_HORIZON": 16.119058736058744,
  "CHASE_BLOCK_OFFSET_MULT": 1.4683897676850797,
  "CHASE_DISTANCE_WEIGHT": 0.2538512526032108,
  "CHASE_ETA_WEIGHT": 0.36194828989746974,
  "CHASE_LOCK_BONUS": 29.335868269722273,
  "CHASE_VELOCITY_NEW_WEIGHT": 0.4592605724571043,
  "VIRUS_ENEMY_RANGE_MULT": 4.840254977123493,
  "VIRUS_MANUAL_SPLIT_TIME_BONUS": 0.9191050177581213,
  "VIRUS_MANUAL_SPLIT_RISK_COST": 3.695204284453393,
  "VIRUS_MAX_FARM_MASS": 246.7222868990603,
  "FOOD_CLUSTER_RADIUS": 4.5900614790401875,
  "FOOD_CLUSTER_WEIGHT": 0.39405142223963296,
  "FOOD_DISTANCE_POWER": 2.040540872108867,
  "FOOD_LOCK_TICKS": 14,
  "ROAM_CENTER_WEIGHT": 0.38406143721470903,
  "ROAM_MOMENTUM_WEIGHT": 0.2710155393684473
}