{
  "OVERRIDE_ORDER": [
    "escape",
    "unstuck",
    "split",
    "chase",
    "virus",
    "food"
  ],
  "NUM_DIRECTIONS": 16,
  "MAX_ENEMIES": 24,
  "SAFETY_OWN_PIECES": 2,
  "STEP_RADIUS_MULT": 1.427664516657447,
  "SPLIT_REACH_RELIABILITY": 0.7079888447660594,
  "ESCAPE_DIRECT_RANGE_MULT": 4.710954775414347,
  "ESCAPE_SPLIT_REACH_BUFFER": 1.151805424914813,
  "ESCAPE_MOVE_WEIGHT": 102.19693323482984,
  "ESCAPE_WALL_WEIGHT": 141.43023411127507,
  "ESCAPE_VIRUS_SHIELD_WEIGHT": 1033.9235732394893,
  "ESCAPE_HARD_MARGIN": 0.011382958144125134,
  "SPLIT_CAPTURE_WEIGHT": 13.029427856691553,
  "SPLIT_DEPTH_COST": 4.2462870670323065,
  "SPLIT_FRAGMENT_COST": 0.46557169558404526,
  "SPLIT_EXTERNAL_RISK_WEIGHT": 1.1206777612667036,
  "SPLIT_MIN_UTILITY": 9.485139205010107,
  "SPLIT_LARGER_OWNER_RATIO": 0.9667256173788639,
  "SPLIT_PLAN_WAIT_TICKS": 5,
  "CHASE_ACQUIRE_RANGE_MULT": 10.628962639724953,
  "CHASE_DIRECT_RANGE_MULT": 4.30796814682546,
  "CHASE_MAX_INTERCEPT_TICKS": 9.834654320439148,
  "CHASE_LOCK_TICKS": 87,
  "CHASE_WALL_HORIZON": 16.62640784656599,
  "CHASE_BLOCK_OFFSET_MULT": 1.3709410478538433,
  "CHASE_DISTANCE_WEIGHT": 0.29862792237278724,
  "CHASE_ETA_WEIGHT": 1.2855310568255,
  "CHASE_LOCK_BONUS": 30.585966461444755,
  "CHASE_VELOCITY_NEW_WEIGHT": 0.5413082520127428,
  "VIRUS_ENEMY_RANGE_MULT": 6.942342655500353,
  "VIRUS_MANUAL_SPLIT_TIME_BONUS": 0.5590248024193641,
  "VIRUS_MANUAL_SPLIT_RISK_COST": 1.5549936111497282,
  "VIRUS_MAX_FARM_MASS": 112.06130985725336,
  "FOOD_CLUSTER_RADIUS": 2.605844831283245,
  "FOOD_CLUSTER_WEIGHT": 1.3818774768656719,
  "FOOD_DISTANCE_POWER": 1.7654202292675012,
  "FOOD_LOCK_TICKS": 17,
  "ROAM_CENTER_WEIGHT": 1.287986131330909,
  "ROAM_MOMENTUM_WEIGHT": 0.17414950859898343
}