{
  "OVERRIDE_ORDER": [
    "escape",
    "unstuck",
    "split",
    "chase",
    "virus",
    "food"
  ],
  "NUM_DIRECTIONS": 12,
  "MAX_ENEMIES": 24,
  "SAFETY_OWN_PIECES": 2,
  "STEP_RADIUS_MULT": 1.2815114640689638,
  "SPLIT_REACH_RELIABILITY": 0.6959831846002613,
  "ESCAPE_DIRECT_RANGE_MULT": 5.175546985346787,
  "ESCAPE_SPLIT_REACH_BUFFER": 1.1521523812193781,
  "ESCAPE_MOVE_WEIGHT": 172.57616200791875,
  "ESCAPE_WALL_WEIGHT": 111.73946791262298,
  "ESCAPE_VIRUS_SHIELD_WEIGHT": 722.3745456580068,
  "ESCAPE_HARD_MARGIN": 0.18599536482564266,
  "SPLIT_CAPTURE_WEIGHT": 6.624603990049067,
  "SPLIT_DEPTH_COST": 4.437470213937797,
  "SPLIT_FRAGMENT_COST": 0.38872023858003113,
  "SPLIT_EXTERNAL_RISK_WEIGHT": 1.6012298984932793,
  "SPLIT_MIN_UTILITY": 2.9538922507323337,
  "SPLIT_LARGER_OWNER_RATIO": 1.0195110766462792,
  "SPLIT_PLAN_WAIT_TICKS": 1,
  "CHASE_ACQUIRE_RANGE_MULT": 5.3272905520184874,
  "CHASE_DIRECT_RANGE_MULT": 4.631752677234402,
  "CHASE_MAX_INTERCEPT_TICKS": 15.606347839260856,
  "CHASE_LOCK_TICKS": 74,
  "CHASE_WALL_HORIZON": 23.747685112969677,
  "CHASE_BLOCK_OFFSET_MULT": 1.30011677877312,
  "CHASE_DISTANCE_WEIGHT": 0.23654050559839823,
  "CHASE_ETA_WEIGHT": 2.663873746919108,
  "CHASE_LOCK_BONUS": 13.849576243977182,
  "CHASE_VELOCITY_NEW_WEIGHT": 0.31157751252526605,
  "VIRUS_ENEMY_RANGE_MULT": 6.063610139265377,
  "VIRUS_MANUAL_SPLIT_TIME_BONUS": 0.8245207019762532,
  "VIRUS_MANUAL_SPLIT_RISK_COST": 1.874534853096491,
  "VIRUS_MAX_FARM_MASS": 83.37040391412438,
  "FOOD_CLUSTER_RADIUS": 5.940518375698127,
  "FOOD_CLUSTER_WEIGHT": 0.7850082454395994,
  "FOOD_DISTANCE_POWER": 2.2108195864766924,
  "FOOD_LOCK_TICKS": 11,
  "ROAM_CENTER_WEIGHT": 2.271371987970544,
  "ROAM_MOMENTUM_WEIGHT": 0.2993209272620034
}