{
  "OVERRIDE_ORDER": [
    "escape",
    "unstuck",
    "split",
    "chase",
    "virus",
    "food"
  ],
  "NUM_DIRECTIONS": 16,
  "MAX_ENEMIES": 24,
  "SAFETY_OWN_PIECES": 2,
  "STEP_RADIUS_MULT": 1.2797126265660754,
  "SPLIT_REACH_RELIABILITY": 0.7623995667385228,
  "ESCAPE_DIRECT_RANGE_MULT": 5.365712365767228,
  "ESCAPE_SPLIT_REACH_BUFFER": 1.1356273802588186,
  "ESCAPE_MOVE_WEIGHT": 90.66249052704339,
  "ESCAPE_WALL_WEIGHT": 177.39074134271115,
  "ESCAPE_VIRUS_SHIELD_WEIGHT": 1137.0931042926914,
  "ESCAPE_HARD_MARGIN": 0.17879969947809332,
  "SPLIT_CAPTURE_WEIGHT": 7.998269657067135,
  "SPLIT_DEPTH_COST": 3.358356942493061,
  "SPLIT_FRAGMENT_COST": 0.382471131723378,
  "SPLIT_EXTERNAL_RISK_WEIGHT": 1.6074569579799332,
  "SPLIT_MIN_UTILITY": 8.243652671519891,
  "SPLIT_LARGER_OWNER_RATIO": 0.9574504628604144,
  "SPLIT_PLAN_WAIT_TICKS": 5,
  "CHASE_ACQUIRE_RANGE_MULT": 12.036991059891347,
  "CHASE_DIRECT_RANGE_MULT": 3.6329802332325376,
  "CHASE_MAX_INTERCEPT_TICKS": 12.242878194804879,
  "CHASE_LOCK_TICKS": 70,
  "CHASE_WALL_HORIZON": 15.02229903826159,
  "CHASE_BLOCK_OFFSET_MULT": 1.497905232220857,
  "CHASE_DISTANCE_WEIGHT": 0.26398149133925763,
  "CHASE_ETA_WEIGHT": 3.539645310856222,
  "CHASE_LOCK_BONUS": 14.887505337059814,
  "CHASE_VELOCITY_NEW_WEIGHT": 0.5295602424554473,
  "VIRUS_ENEMY_RANGE_MULT": 4.640907453975115,
  "VIRUS_MANUAL_SPLIT_TIME_BONUS": 0.5160359275514544,
  "VIRUS_MANUAL_SPLIT_RISK_COST": 3.6368277210048934,
  "VIRUS_MAX_FARM_MASS": 108.19700553576679,
  "FOOD_CLUSTER_RADIUS": 3.7044509280161324,
  "FOOD_CLUSTER_WEIGHT": 0.6083587652122099,
  "FOOD_DISTANCE_POWER": 2.020354827433738,
  "FOOD_LOCK_TICKS": 30,
  "ROAM_CENTER_WEIGHT": 1.1038080950601536,
  "ROAM_MOMENTUM_WEIGHT": 0.5443741101936685
}