{
  "OVERRIDE_ORDER": [
    "split",
    "escape",
    "unstuck",
    "chase",
    "virus",
    "food"
  ],
  "NUM_DIRECTIONS": 12,
  "MAX_ENEMIES": 21,
  "SAFETY_OWN_PIECES": 2,
  "STEP_RADIUS_MULT": 1.715701284005494,
  "SPLIT_REACH_RELIABILITY": 0.8999592801738808,
  "ESCAPE_DIRECT_RANGE_MULT": 7.972735711310837,
  "ESCAPE_SPLIT_REACH_BUFFER": 1.0559035996270876,
  "ESCAPE_MOVE_WEIGHT": 170.2117917702685,
  "ESCAPE_WALL_WEIGHT": 348.8454019505843,
  "ESCAPE_VIRUS_SHIELD_WEIGHT": 864.7479792632234,
  "ESCAPE_HARD_MARGIN": 0.11665045788695502,
  "SPLIT_CAPTURE_WEIGHT": 3.1938027016346644,
  "SPLIT_DEPTH_COST": 4.823402007784868,
  "SPLIT_FRAGMENT_COST": 0.349860084107854,
  "SPLIT_EXTERNAL_RISK_WEIGHT": 3.2424895138934198,
  "SPLIT_MIN_UTILITY": 6.59683696819215,
  "SPLIT_LARGER_OWNER_RATIO": 1.2016111783610839,
  "SPLIT_PLAN_WAIT_TICKS": 5,
  "CHASE_ACQUIRE_RANGE_MULT": 5.519368350045924,
  "CHASE_DIRECT_RANGE_MULT": 2.0057319894234387,
  "CHASE_MAX_INTERCEPT_TICKS": 7.151171637776395,
  "CHASE_LOCK_TICKS": 199,
  "CHASE_WALL_HORIZON": 25.89165822211136,
  "CHASE_BLOCK_OFFSET_MULT": 0.7655362344117865,
  "CHASE_DISTANCE_WEIGHT": 0.062283771157511124,
  "CHASE_ETA_WEIGHT": 0.4982072302269986,
  "CHASE_LOCK_BONUS": 13.07248579078212,
  "CHASE_VELOCITY_NEW_WEIGHT": 0.5679486052279525,
  "VIRUS_ENEMY_RANGE_MULT": 2.334649524478458,
  "VIRUS_MANUAL_SPLIT_TIME_BONUS": 4.932655046514352,
  "VIRUS_MANUAL_SPLIT_RISK_COST": 0.27894992160392346,
  "VIRUS_MAX_FARM_MASS": 269.83793841817544,
  "FOOD_CLUSTER_RADIUS": 4.496112434024799,
  "FOOD_CLUSTER_WEIGHT": 0.8789722609284654,
  "FOOD_DISTANCE_POWER": 1.2993558454283027,
  "FOOD_LOCK_TICKS": 11,
  "ROAM_CENTER_WEIGHT": 2.564469419625538,
  "ROAM_MOMENTUM_WEIGHT": 0.32474039915157343
}