{
  "OVERRIDE_ORDER": [
    "escape",
    "split",
    "unstuck",
    "chase",
    "virus",
    "food"
  ],
  "NUM_DIRECTIONS": 16,
  "MAX_ENEMIES": 24,
  "SAFETY_OWN_PIECES": 2,
  "STEP_RADIUS_MULT": 1.5585676650560938,
  "SPLIT_REACH_RELIABILITY": 0.6950934305980447,
  "ESCAPE_DIRECT_RANGE_MULT": 6.303651997346941,
  "ESCAPE_SPLIT_REACH_BUFFER": 1.065286250483559,
  "ESCAPE_MOVE_WEIGHT": 132.4650746200249,
  "ESCAPE_WALL_WEIGHT": 125.29101688303031,
  "ESCAPE_VIRUS_SHIELD_WEIGHT": 882.4844194398027,
  "ESCAPE_HARD_MARGIN": 0.010296007222850227,
  "SPLIT_CAPTURE_WEIGHT": 9.040615311646018,
  "SPLIT_DEPTH_COST": 2.1211059118460587,
  "SPLIT_FRAGMENT_COST": 0.34643321577666925,
  "SPLIT_EXTERNAL_RISK_WEIGHT": 0.9395865437600072,
  "SPLIT_MIN_UTILITY": 8.299769676469062,
  "SPLIT_LARGER_OWNER_RATIO": 0.9725501017759217,
  "SPLIT_PLAN_WAIT_TICKS": 5,
  "CHASE_ACQUIRE_RANGE_MULT": 9.300209285889231,
  "CHASE_DIRECT_RANGE_MULT": 3.5626567765023562,
  "CHASE_MAX_INTERCEPT_TICKS": 9.532179336823887,
  "CHASE_LOCK_TICKS": 99,
  "CHASE_WALL_HORIZON": 14.768645024208727,
  "CHASE_BLOCK_OFFSET_MULT": 1.0144725784186006,
  "CHASE_DISTANCE_WEIGHT": 0.15611504301704612,
  "CHASE_ETA_WEIGHT": 0.660395750403699,
  "CHASE_LOCK_BONUS": 24.922376860891024,
  "CHASE_VELOCITY_NEW_WEIGHT": 0.6387558602839774,
  "VIRUS_ENEMY_RANGE_MULT": 8.323177826746095,
  "VIRUS_MANUAL_SPLIT_TIME_BONUS": 0.810910679259312,
  "VIRUS_MANUAL_SPLIT_RISK_COST": 3.3247190083504985,
  "VIRUS_MAX_FARM_MASS": 79.63530855880984,
  "FOOD_CLUSTER_RADIUS": 2.5310538341727318,
  "FOOD_CLUSTER_WEIGHT": 2.202940390522117,
  "FOOD_DISTANCE_POWER": 1.6275831889527277,
  "FOOD_LOCK_TICKS": 16,
  "ROAM_CENTER_WEIGHT": 0.6279894918666169,
  "ROAM_MOMENTUM_WEIGHT": 0.3007452002337319
}