{
  "OVERRIDE_ORDER": [
    "escape",
    "split",
    "unstuck",
    "chase",
    "virus",
    "food"
  ],
  "NUM_DIRECTIONS": 16,
  "MAX_ENEMIES": 24,
  "SAFETY_OWN_PIECES": 2,
  "STEP_RADIUS_MULT": 1.3875612226928966,
  "SPLIT_REACH_RELIABILITY": 0.7621660737208544,
  "ESCAPE_DIRECT_RANGE_MULT": 4.781556658732572,
  "ESCAPE_SPLIT_REACH_BUFFER": 1.112092389963093,
  "ESCAPE_MOVE_WEIGHT": 80.5512780325064,
  "ESCAPE_WALL_WEIGHT": 161.75592336642043,
  "ESCAPE_VIRUS_SHIELD_WEIGHT": 806.8604030125675,
  "ESCAPE_HARD_MARGIN": 0.13319198746433572,
  "SPLIT_CAPTURE_WEIGHT": 12.163569103440222,
  "SPLIT_DEPTH_COST": 5.749566700692993,
  "SPLIT_FRAGMENT_COST": 0.6021274275031285,
  "SPLIT_EXTERNAL_RISK_WEIGHT": 0.5923178546004546,
  "SPLIT_MIN_UTILITY": 7.9870817788924455,
  "SPLIT_LARGER_OWNER_RATIO": 1.0244079050731558,
  "SPLIT_PLAN_WAIT_TICKS": 5,
  "CHASE_ACQUIRE_RANGE_MULT": 6.961656388774946,
  "CHASE_DIRECT_RANGE_MULT": 4.144492733932313,
  "CHASE_MAX_INTERCEPT_TICKS": 12.439192101643869,
  "CHASE_LOCK_TICKS": 71,
  "CHASE_WALL_HORIZON": 17.485162150759937,
  "CHASE_BLOCK_OFFSET_MULT": 1.4409039404748312,
  "CHASE_DISTANCE_WEIGHT": 0.838200715077649,
  "CHASE_ETA_WEIGHT": 1.8212605730040436,
  "CHASE_LOCK_BONUS": 42.222905054917774,
  "CHASE_VELOCITY_NEW_WEIGHT": 0.3015082313615699,
  "VIRUS_ENEMY_RANGE_MULT": 6.935143457143414,
  "VIRUS_MANUAL_SPLIT_TIME_BONUS": 1.379075506403383,
  "VIRUS_MANUAL_SPLIT_RISK_COST": 1.4606597863445494,
  "VIRUS_MAX_FARM_MASS": 143.06218538970217,
  "FOOD_CLUSTER_RADIUS": 3.5366310308017637,
  "FOOD_CLUSTER_WEIGHT": 0.3280931558521645,
  "FOOD_DISTANCE_POWER": 2.1322216607191695,
  "FOOD_LOCK_TICKS": 21,
  "ROAM_CENTER_WEIGHT": 1.7483302119707451,
  "ROAM_MOMENTUM_WEIGHT": 1.1343173998121425
}