{
  "OVERRIDE_ORDER": [
    "escape",
    "split",
    "unstuck",
    "chase",
    "virus",
    "food"
  ],
  "NUM_DIRECTIONS": 16,
  "MAX_ENEMIES": 24,
  "SAFETY_OWN_PIECES": 3,
  "STEP_RADIUS_MULT": 1.2867243825227515,
  "SPLIT_REACH_RELIABILITY": 0.6716808660512587,
  "ESCAPE_DIRECT_RANGE_MULT": 4.645064674784798,
  "ESCAPE_SPLIT_REACH_BUFFER": 1.083440264302182,
  "ESCAPE_MOVE_WEIGHT": 170.22315144575984,
  "ESCAPE_WALL_WEIGHT": 193.03625858738064,
  "ESCAPE_VIRUS_SHIELD_WEIGHT": 1160.244837966526,
  "ESCAPE_HARD_MARGIN": 0.10830299181287249,
  "SPLIT_CAPTURE_WEIGHT": 9.704125083955619,
  "SPLIT_DEPTH_COST": 3.2705840399288553,
  "SPLIT_FRAGMENT_COST": 0.4512841139589817,
  "SPLIT_EXTERNAL_RISK_WEIGHT": 0.19437256042578932,
  "SPLIT_MIN_UTILITY": 5.231454462123235,
  "SPLIT_LARGER_OWNER_RATIO": 0.9544837799795296,
  "SPLIT_PLAN_WAIT_TICKS": 4,
  "CHASE_ACQUIRE_RANGE_MULT": 4.50548426206959,
  "CHASE_DIRECT_RANGE_MULT": 4.087452788255354,
  "CHASE_MAX_INTERCEPT_TICKS": 12.979848823003405,
  "CHASE_LOCK_TICKS": 53,
  "CHASE_WALL_HORIZON": 21.743542147197367,
  "CHASE_BLOCK_OFFSET_MULT": 1.448114575271046,
  "CHASE_DISTANCE_WEIGHT": 0.11914680009887872,
  "CHASE_ETA_WEIGHT": 0.3436313446560864,
  "CHASE_LOCK_BONUS": 20.251496277195834,
  "CHASE_VELOCITY_NEW_WEIGHT": 0.22407633072101146,
  "VIRUS_ENEMY_RANGE_MULT": 7.552512827267936,
  "VIRUS_MANUAL_SPLIT_TIME_BONUS": 5.414977991661333,
  "VIRUS_MANUAL_SPLIT_RISK_COST": 1.5461583403425743,
  "VIRUS_MAX_FARM_MASS": 183.95090912431965,
  "FOOD_CLUSTER_RADIUS": 5.316537059077298,
  "FOOD_CLUSTER_WEIGHT": 0.33725001952354455,
  "FOOD_DISTANCE_POWER": 1.8938013762152286,
  "FOOD_LOCK_TICKS": 10,
  "ROAM_CENTER_WEIGHT": 0.2809181684065555,
  "ROAM_MOMENTUM_WEIGHT": 0.5729415449433437
}