{
  "OVERRIDE_ORDER": [
    "escape",
    "unstuck",
    "split",
    "chase",
    "virus",
    "food"
  ],
  "NUM_DIRECTIONS": 16,
  "MAX_ENEMIES": 24,
  "SAFETY_OWN_PIECES": 2,
  "STEP_RADIUS_MULT": 1.304684245721823,
  "SPLIT_REACH_RELIABILITY": 0.6527679889445016,
  "ESCAPE_DIRECT_RANGE_MULT": 7.86029744712242,
  "ESCAPE_SPLIT_REACH_BUFFER": 1.0816164975990141,
  "ESCAPE_MOVE_WEIGHT": 90.63414848979586,
  "ESCAPE_WALL_WEIGHT": 112.27530790933031,
  "ESCAPE_VIRUS_SHIELD_WEIGHT": 440.8603313299471,
  "ESCAPE_HARD_MARGIN": 0.00023867605176434992,
  "SPLIT_CAPTURE_WEIGHT": 4.794004848246842,
  "SPLIT_DEPTH_COST": 3.045813557808047,
  "SPLIT_FRAGMENT_COST": 0.4393599592199763,
  "SPLIT_EXTERNAL_RISK_WEIGHT": 1.2899082504373323,
  "SPLIT_MIN_UTILITY": 6.128503065095684,
  "SPLIT_LARGER_OWNER_RATIO": 1.033366046313904,
  "SPLIT_PLAN_WAIT_TICKS": 3,
  "CHASE_ACQUIRE_RANGE_MULT": 9.705725108172901,
  "CHASE_DIRECT_RANGE_MULT": 3.5482364661979195,
  "CHASE_MAX_INTERCEPT_TICKS": 15.312192206263903,
  "CHASE_LOCK_TICKS": 52,
  "CHASE_WALL_HORIZON": 19.222568891980707,
  "CHASE_BLOCK_OFFSET_MULT": 0.7975520164270185,
  "CHASE_DISTANCE_WEIGHT": 0.8220067320866543,
  "CHASE_ETA_WEIGHT": 1.4282815111244533,
  "CHASE_LOCK_BONUS": 23.188230616490266,
  "CHASE_VELOCITY_NEW_WEIGHT": 0.275693980021844,
  "VIRUS_ENEMY_RANGE_MULT": 6.7956263956694585,
  "VIRUS_MANUAL_SPLIT_TIME_BONUS": 0.9391219562170755,
  "VIRUS_MANUAL_SPLIT_RISK_COST": 1.1502184797172899,
  "VIRUS_MAX_FARM_MASS": 206.37277771784147,
  "FOOD_CLUSTER_RADIUS": 5.940590379554246,
  "FOOD_CLUSTER_WEIGHT": 1.3566011498469577,
  "FOOD_DISTANCE_POWER": 1.6104780116688517,
  "FOOD_LOCK_TICKS": 6,
  "ROAM_CENTER_WEIGHT": 1.0201109243738529,
  "ROAM_MOMENTUM_WEIGHT": 0.2870440712471801
}