{
  "OVERRIDE_ORDER": [
    "escape",
    "unstuck",
    "split",
    "chase",
    "virus",
    "food"
  ],
  "NUM_DIRECTIONS": 16,
  "MAX_ENEMIES": 24,
  "SAFETY_OWN_PIECES": 2,
  "STEP_RADIUS_MULT": 1.7459295165894753,
  "SPLIT_REACH_RELIABILITY": 0.8890807458776416,
  "ESCAPE_DIRECT_RANGE_MULT": 7.420955289154088,
  "ESCAPE_SPLIT_REACH_BUFFER": 1.0155202941696333,
  "ESCAPE_MOVE_WEIGHT": 137.56338722392016,
  "ESCAPE_WALL_WEIGHT": 484.5338868312444,
  "ESCAPE_VIRUS_SHIELD_WEIGHT": 965.415054746191,
  "ESCAPE_HARD_MARGIN": 0.13096740306926685,
  "SPLIT_CAPTURE_WEIGHT": 3.1917185725845587,
  "SPLIT_DEPTH_COST": 2.437882635450951,
  "SPLIT_FRAGMENT_COST": 0.3313725935488445,
  "SPLIT_EXTERNAL_RISK_WEIGHT": 1.6057788146330438,
  "SPLIT_MIN_UTILITY": 8.180768543978436,
  "SPLIT_LARGER_OWNER_RATIO": 1.2477040036913793,
  "SPLIT_PLAN_WAIT_TICKS": 4,
  "CHASE_ACQUIRE_RANGE_MULT": 6.335608251110092,
  "CHASE_DIRECT_RANGE_MULT": 2.2731254329763484,
  "CHASE_MAX_INTERCEPT_TICKS": 5.3840836537796495,
  "CHASE_LOCK_TICKS": 166,
  "CHASE_WALL_HORIZON": 23.783803208222277,
  "CHASE_BLOCK_OFFSET_MULT": 0.7569716135597107,
  "CHASE_DISTANCE_WEIGHT": 0.060066795838859995,
  "CHASE_ETA_WEIGHT": 0.32417597798132164,
  "CHASE_LOCK_BONUS": 16.207717593324624,
  "CHASE_VELOCITY_NEW_WEIGHT": 0.39894060256589,
  "VIRUS_ENEMY_RANGE_MULT": 3.4292431872946274,
  "VIRUS_MANUAL_SPLIT_TIME_BONUS": 3.294863982823948,
  "VIRUS_MANUAL_SPLIT_RISK_COST": 1.5907566661646801,
  "VIRUS_MAX_FARM_MASS": 191.79835148332643,
  "FOOD_CLUSTER_RADIUS": 4.44486358032269,
  "FOOD_CLUSTER_WEIGHT": 0.3549906092142605,
  "FOOD_DISTANCE_POWER": 1.6880276778574415,
  "FOOD_LOCK_TICKS": 21,
  "ROAM_CENTER_WEIGHT": 0.30338169411492044,
  "ROAM_MOMENTUM_WEIGHT": 0.3948594211793323
}