{
  "OVERRIDE_ORDER": [
    "escape",
    "unstuck",
    "split",
    "chase",
    "virus",
    "food"
  ],
  "NUM_DIRECTIONS": 16,
  "MAX_ENEMIES": 18,
  "SAFETY_OWN_PIECES": 3,
  "STEP_RADIUS_MULT": 1.6895147150667982,
  "SPLIT_REACH_RELIABILITY": 0.8933427727609624,
  "ESCAPE_DIRECT_RANGE_MULT": 6.11519530042249,
  "ESCAPE_SPLIT_REACH_BUFFER": 1.1498787854626369,
  "ESCAPE_MOVE_WEIGHT": 131.10999797943376,
  "ESCAPE_WALL_WEIGHT": 497.99374243978406,
  "ESCAPE_VIRUS_SHIELD_WEIGHT": 335.5243576991798,
  "ESCAPE_HARD_MARGIN": 0.12874848420905943,
  "SPLIT_CAPTURE_WEIGHT": 4.70677910294257,
  "SPLIT_DEPTH_COST": 5.867806110784361,
  "SPLIT_FRAGMENT_COST": 0.517636238283938,
  "SPLIT_EXTERNAL_RISK_WEIGHT": 1.5226915264789627,
  "SPLIT_MIN_UTILITY": 5.531214296036491,
  "SPLIT_LARGER_OWNER_RATIO": 1.0481329903552985,
  "SPLIT_PLAN_WAIT_TICKS": 4,
  "CHASE_ACQUIRE_RANGE_MULT": 4.915635866247117,
  "CHASE_DIRECT_RANGE_MULT": 2.576371469894065,
  "CHASE_MAX_INTERCEPT_TICKS": 11.639072209759764,
  "CHASE_LOCK_TICKS": 150,
  "CHASE_WALL_HORIZON": 22.848191510326085,
  "CHASE_BLOCK_OFFSET_MULT": 0.9296325795854583,
  "CHASE_DISTANCE_WEIGHT": 0.05631600481637036,
  "CHASE_ETA_WEIGHT": 0.3800897639513236,
  "CHASE_LOCK_BONUS": 13.921021216717751,
  "CHASE_VELOCITY_NEW_WEIGHT": 0.3239246319972763,
  "VIRUS_ENEMY_RANGE_MULT": 2.8088432533016805,
  "VIRUS_MANUAL_SPLIT_TIME_BONUS": 5.804098597552335,
  "VIRUS_MANUAL_SPLIT_RISK_COST": 0.27199742197342497,
  "VIRUS_MAX_FARM_MASS": 348.6788054325125,
  "FOOD_CLUSTER_RADIUS": 4.039428884760152,
  "FOOD_CLUSTER_WEIGHT": 1.1194388806813642,
  "FOOD_DISTANCE_POWER": 1.1503520501862317,
  "FOOD_LOCK_TICKS": 21,
  "ROAM_CENTER_WEIGHT": 1.1856972306245546,
  "ROAM_MOMENTUM_WEIGHT": 0.6204338799766289
}