{
  "OVERRIDE_ORDER": [
    "split",
    "escape",
    "unstuck",
    "chase",
    "virus",
    "food"
  ],
  "NUM_DIRECTIONS": 16,
  "MAX_ENEMIES": 21,
  "SAFETY_OWN_PIECES": 3,
  "STEP_RADIUS_MULT": 1.3905857681476466,
  "SPLIT_REACH_RELIABILITY": 0.6774206038190544,
  "ESCAPE_DIRECT_RANGE_MULT": 4.956526956423862,
  "ESCAPE_SPLIT_REACH_BUFFER": 1.0995259910877415,
  "ESCAPE_MOVE_WEIGHT": 86.01150751877123,
  "ESCAPE_WALL_WEIGHT": 148.94002624988653,
  "ESCAPE_VIRUS_SHIELD_WEIGHT": 691.6381183059696,
  "ESCAPE_HARD_MARGIN": 0.01903366049491653,
  "SPLIT_CAPTURE_WEIGHT": 14.955480365370189,
  "SPLIT_DEPTH_COST": 5.325526483994508,
  "SPLIT_FRAGMENT_COST": 0.5333686062456482,
  "SPLIT_EXTERNAL_RISK_WEIGHT": 1.296138779620379,
  "SPLIT_MIN_UTILITY": 5.954579576530339,
  "SPLIT_LARGER_OWNER_RATIO": 0.9518930956476225,
  "SPLIT_PLAN_WAIT_TICKS": 2,
  "CHASE_ACQUIRE_RANGE_MULT": 6.19083283450188,
  "CHASE_DIRECT_RANGE_MULT": 4.963751620307026,
  "CHASE_MAX_INTERCEPT_TICKS": 13.01115232758032,
  "CHASE_LOCK_TICKS": 58,
  "CHASE_WALL_HORIZON": 19.35966142028546,
  "CHASE_BLOCK_OFFSET_MULT": 1.499366096645931,
  "CHASE_DISTANCE_WEIGHT": 0.8552330039889853,
  "CHASE_ETA_WEIGHT": 1.9056947027853723,
  "CHASE_LOCK_BONUS": 41.8197416117864,
  "CHASE_VELOCITY_NEW_WEIGHT": 0.6834889222233236,
  "VIRUS_ENEMY_RANGE_MULT": 8.489681465088546,
  "VIRUS_MANUAL_SPLIT_TIME_BONUS": 0.868965081484335,
  "VIRUS_MANUAL_SPLIT_RISK_COST": 3.223958910132614,
  "VIRUS_MAX_FARM_MASS": 121.97872583390419,
  "FOOD_CLUSTER_RADIUS": 2.99533754620457,
  "FOOD_CLUSTER_WEIGHT": 2.4479794819010565,
  "FOOD_DISTANCE_POWER": 2.1430102283768573,
  "FOOD_LOCK_TICKS": 22,
  "ROAM_CENTER_WEIGHT": 1.8964800392565822,
  "ROAM_MOMENTUM_WEIGHT": 0.18052841109005618
}