{
  "OVERRIDE_ORDER": [
    "escape",
    "unstuck",
    "split",
    "chase",
    "virus",
    "food"
  ],
  "NUM_DIRECTIONS": 16,
  "MAX_ENEMIES": 24,
  "SAFETY_OWN_PIECES": 2,
  "STEP_RADIUS_MULT": 1.5085086468383744,
  "SPLIT_REACH_RELIABILITY": 0.7707411420182585,
  "ESCAPE_DIRECT_RANGE_MULT": 4.896942787206107,
  "ESCAPE_SPLIT_REACH_BUFFER": 1.102385178723438,
  "ESCAPE_MOVE_WEIGHT": 194.90824952533984,
  "ESCAPE_WALL_WEIGHT": 255.9893340575786,
  "ESCAPE_VIRUS_SHIELD_WEIGHT": 1063.8965864778697,
  "ESCAPE_HARD_MARGIN": 0.045304029648105454,
  "SPLIT_CAPTURE_WEIGHT": 14.550784956863021,
  "SPLIT_DEPTH_COST": 1.987366824083392,
  "SPLIT_FRAGMENT_COST": 0.3529224665393644,
  "SPLIT_EXTERNAL_RISK_WEIGHT": 3.4372738190314465,
  "SPLIT_MIN_UTILITY": 8.18362079530714,
  "SPLIT_LARGER_OWNER_RATIO": 0.9766455564349524,
  "SPLIT_PLAN_WAIT_TICKS": 8,
  "CHASE_ACQUIRE_RANGE_MULT": 10.177447816496638,
  "CHASE_DIRECT_RANGE_MULT": 3.9052627268200775,
  "CHASE_MAX_INTERCEPT_TICKS": 10.479168179799332,
  "CHASE_LOCK_TICKS": 49,
  "CHASE_WALL_HORIZON": 17.19304319454931,
  "CHASE_BLOCK_OFFSET_MULT": 0.9928286724324604,
  "CHASE_DISTANCE_WEIGHT": 0.38866347050469924,
  "CHASE_ETA_WEIGHT": 4.300719619949572,
  "CHASE_LOCK_BONUS": 29.464222123073927,
  "CHASE_VELOCITY_NEW_WEIGHT": 0.40362862055730525,
  "VIRUS_ENEMY_RANGE_MULT": 6.609978086012044,
  "VIRUS_MANUAL_SPLIT_TIME_BONUS": 0.7323971442880483,
  "VIRUS_MANUAL_SPLIT_RISK_COST": 0.4860891422423043,
  "VIRUS_MAX_FARM_MASS": 56.229643297208376,
  "FOOD_CLUSTER_RADIUS": 3.140656582444748,
  "FOOD_CLUSTER_WEIGHT": 1.2165765283596346,
  "FOOD_DISTANCE_POWER": 1.9724239508821524,
  "FOOD_LOCK_TICKS": 8,
  "ROAM_CENTER_WEIGHT": 2.8774030190335287,
  "ROAM_MOMENTUM_WEIGHT": 0.23740915244628347
}