{
  "OVERRIDE_ORDER": [
    "escape",
    "unstuck",
    "split",
    "chase",
    "virus",
    "food"
  ],
  "NUM_DIRECTIONS": 16,
  "MAX_ENEMIES": 24,
  "SAFETY_OWN_PIECES": 2,
  "STEP_RADIUS_MULT": 1.507483933185762,
  "SPLIT_REACH_RELIABILITY": 0.8447666286423406,
  "ESCAPE_DIRECT_RANGE_MULT": 5.853691410542311,
  "ESCAPE_SPLIT_REACH_BUFFER": 1.1347290262184566,
  "ESCAPE_MOVE_WEIGHT": 101.22632225275633,
  "ESCAPE_WALL_WEIGHT": 106.19805780227392,
  "ESCAPE_VIRUS_SHIELD_WEIGHT": 511.6022470015335,
  "ESCAPE_HARD_MARGIN": 0.03987616920453195,
  "SPLIT_CAPTURE_WEIGHT": 8.06995388441472,
  "SPLIT_DEPTH_COST": 4.144687186932007,
  "SPLIT_FRAGMENT_COST": 0.5785034649556151,
  "SPLIT_EXTERNAL_RISK_WEIGHT": 0.8689384319914077,
  "SPLIT_MIN_UTILITY": 3.8988304508477594,
  "SPLIT_LARGER_OWNER_RATIO": 1.0021905874196329,
  "SPLIT_PLAN_WAIT_TICKS": 9,
  "CHASE_ACQUIRE_RANGE_MULT": 4.905024407257319,
  "CHASE_DIRECT_RANGE_MULT": 2.5024919604487486,
  "CHASE_MAX_INTERCEPT_TICKS": 14.360595266940363,
  "CHASE_LOCK_TICKS": 99,
  "CHASE_WALL_HORIZON": 23.799615872501064,
  "CHASE_BLOCK_OFFSET_MULT": 1.1939447511025765,
  "CHASE_DISTANCE_WEIGHT": 0.06622356490276925,
  "CHASE_ETA_WEIGHT": 1.2051673497343895,
  "CHASE_LOCK_BONUS": 28.985671488044197,
  "CHASE_VELOCITY_NEW_WEIGHT": 0.26632917954208485,
  "VIRUS_ENEMY_RANGE_MULT": 6.837300906850034,
  "VIRUS_MANUAL_SPLIT_TIME_BONUS": 0.8270383581760897,
  "VIRUS_MANUAL_SPLIT_RISK_COST": 0.9998052605087256,
  "VIRUS_MAX_FARM_MASS": 195.55282410375975,
  "FOOD_CLUSTER_RADIUS": 6.939962415031466,
  "FOOD_CLUSTER_WEIGHT": 1.8139761376575119,
  "FOOD_DISTANCE_POWER": 1.9745897752853323,
  "FOOD_LOCK_TICKS": 11,
  "ROAM_CENTER_WEIGHT": 0.17585918357725874,
  "ROAM_MOMENTUM_WEIGHT": 0.8765859505993602
}