{
  "OVERRIDE_ORDER": [
    "split",
    "escape",
    "unstuck",
    "chase",
    "virus",
    "food"
  ],
  "NUM_DIRECTIONS": 16,
  "MAX_ENEMIES": 24,
  "SAFETY_OWN_PIECES": 2,
  "STEP_RADIUS_MULT": 1.3347773316027993,
  "SPLIT_REACH_RELIABILITY": 0.6915698002680885,
  "ESCAPE_DIRECT_RANGE_MULT": 3.915503012738386,
  "ESCAPE_SPLIT_REACH_BUFFER": 1.127284279460963,
  "ESCAPE_MOVE_WEIGHT": 159.31030463073347,
  "ESCAPE_WALL_WEIGHT": 114.11515738643138,
  "ESCAPE_VIRUS_SHIELD_WEIGHT": 525.977594679924,
  "ESCAPE_HARD_MARGIN": 0.066679986377573,
  "SPLIT_CAPTURE_WEIGHT": 11.220528455432074,
  "SPLIT_DEPTH_COST": 3.338754656813155,
  "SPLIT_FRAGMENT_COST": 0.5805682922136027,
  "SPLIT_EXTERNAL_RISK_WEIGHT": 2.214316533451429,
  "SPLIT_MIN_UTILITY": 9.960259576876158,
  "SPLIT_LARGER_OWNER_RATIO": 1.0186073600668661,
  "SPLIT_PLAN_WAIT_TICKS": 6,
  "CHASE_ACQUIRE_RANGE_MULT": 12.3266171501803,
  "CHASE_DIRECT_RANGE_MULT": 3.1686507938074717,
  "CHASE_MAX_INTERCEPT_TICKS": 10.080511034880624,
  "CHASE_LOCK_TICKS": 93,
  "CHASE_WALL_HORIZON": 16.434219911556916,
  "CHASE_BLOCK_OFFSET_MULT": 1.4962805194971232,
  "CHASE_DISTANCE_WEIGHT": 0.3846971620477078,
  "CHASE_ETA_WEIGHT": 2.1325586984316285,
  "CHASE_LOCK_BONUS": 24.966915223856564,
  "CHASE_VELOCITY_NEW_WEIGHT": 0.5945745664611057,
  "VIRUS_ENEMY_RANGE_MULT": 8.548252259423993,
  "VIRUS_MANUAL_SPLIT_TIME_BONUS": 0.8160742027146124,
  "VIRUS_MANUAL_SPLIT_RISK_COST": 2.5753112109575196,
  "VIRUS_MAX_FARM_MASS": 60.3586749231414,
  "FOOD_CLUSTER_RADIUS": 3.5556464847018567,
  "FOOD_CLUSTER_WEIGHT": 1.3472140528196308,
  "FOOD_DISTANCE_POWER": 1.7378488779877306,
  "FOOD_LOCK_TICKS": 15,
  "ROAM_CENTER_WEIGHT": 1.5145875219732776,
  "ROAM_MOMENTUM_WEIGHT": 0.3921388323688177
}