{
  "OVERRIDE_ORDER": [
    "escape",
    "unstuck",
    "split",
    "chase",
    "virus",
    "food"
  ],
  "NUM_DIRECTIONS": 16,
  "MAX_ENEMIES": 24,
  "SAFETY_OWN_PIECES": 2,
  "STEP_RADIUS_MULT": 1.4310247343233906,
  "SPLIT_REACH_RELIABILITY": 0.7525013169918329,
  "ESCAPE_DIRECT_RANGE_MULT": 6.811723049068623,
  "ESCAPE_SPLIT_REACH_BUFFER": 1.0860677704648336,
  "ESCAPE_MOVE_WEIGHT": 94.47119335331634,
  "ESCAPE_WALL_WEIGHT": 102.60213329425237,
  "ESCAPE_VIRUS_SHIELD_WEIGHT": 636.2363241993861,
  "ESCAPE_HARD_MARGIN": 0.08621110596754443,
  "SPLIT_CAPTURE_WEIGHT": 4.203151390649314,
  "SPLIT_DEPTH_COST": 1.1702269609625124,
  "SPLIT_FRAGMENT_COST": 0.5835737517405245,
  "SPLIT_EXTERNAL_RISK_WEIGHT": 0.29203435223219043,
  "SPLIT_MIN_UTILITY": 9.585075274834452,
  "SPLIT_LARGER_OWNER_RATIO": 1.019701658342299,
  "SPLIT_PLAN_WAIT_TICKS": 5,
  "CHASE_ACQUIRE_RANGE_MULT": 6.072955775343372,
  "CHASE_DIRECT_RANGE_MULT": 1.5603875043455995,
  "CHASE_MAX_INTERCEPT_TICKS": 16.894024861139915,
  "CHASE_LOCK_TICKS": 40,
  "CHASE_WALL_HORIZON": 31.209355265217468,
  "CHASE_BLOCK_OFFSET_MULT": 1.3902996758206212,
  "CHASE_DISTANCE_WEIGHT": 0.15177371965440978,
  "CHASE_ETA_WEIGHT": 0.6860131702249208,
  "CHASE_LOCK_BONUS": 14.044040559365802,
  "CHASE_VELOCITY_NEW_WEIGHT": 0.3105886428030572,
  "VIRUS_ENEMY_RANGE_MULT": 8.82598679720026,
  "VIRUS_MANUAL_SPLIT_TIME_BONUS": 0.9336969610403966,
  "VIRUS_MANUAL_SPLIT_RISK_COST": 1.2052861406390012,
  "VIRUS_MAX_FARM_MASS": 187.74784509619917,
  "FOOD_CLUSTER_RADIUS": 6.024785980577572,
  "FOOD_CLUSTER_WEIGHT": 2.2065408921475136,
  "FOOD_DISTANCE_POWER": 1.3459074517144116,
  "FOOD_LOCK_TICKS": 6,
  "ROAM_CENTER_WEIGHT": 0.25252070751794825,
  "ROAM_MOMENTUM_WEIGHT": 0.3349053991902501
}