{
  "OVERRIDE_ORDER": [
    "escape",
    "unstuck",
    "split",
    "chase",
    "virus",
    "food"
  ],
  "NUM_DIRECTIONS": 16,
  "MAX_ENEMIES": 24,
  "SAFETY_OWN_PIECES": 3,
  "STEP_RADIUS_MULT": 1.267893565685016,
  "SPLIT_REACH_RELIABILITY": 0.7604828642535174,
  "ESCAPE_DIRECT_RANGE_MULT": 5.7071594008068995,
  "ESCAPE_SPLIT_REACH_BUFFER": 1.1021932690348313,
  "ESCAPE_MOVE_WEIGHT": 101.71208762566198,
  "ESCAPE_WALL_WEIGHT": 226.74102081724243,
  "ESCAPE_VIRUS_SHIELD_WEIGHT": 1306.7663357830363,
  "ESCAPE_HARD_MARGIN": 0.04706055282407268,
  "SPLIT_CAPTURE_WEIGHT": 14.472799854717065,
  "SPLIT_DEPTH_COST": 3.749290020960874,
  "SPLIT_FRAGMENT_COST": 0.5538698687950562,
  "SPLIT_EXTERNAL_RISK_WEIGHT": 3.4769097742356423,
  "SPLIT_MIN_UTILITY": 9.916092306198307,
  "SPLIT_LARGER_OWNER_RATIO": 1.1312716803582028,
  "SPLIT_PLAN_WAIT_TICKS": 7,
  "CHASE_ACQUIRE_RANGE_MULT": 8.741366478462927,
  "CHASE_DIRECT_RANGE_MULT": 4.136932406978377,
  "CHASE_MAX_INTERCEPT_TICKS": 6.904530494990793,
  "CHASE_LOCK_TICKS": 116,
  "CHASE_WALL_HORIZON": 18.70583831464145,
  "CHASE_BLOCK_OFFSET_MULT": 1.1109934696287942,
  "CHASE_DISTANCE_WEIGHT": 0.8906192313607108,
  "CHASE_ETA_WEIGHT": 5.562329022105576,
  "CHASE_LOCK_BONUS": 13.291314476816991,
  "CHASE_VELOCITY_NEW_WEIGHT": 0.6036194176140919,
  "VIRUS_ENEMY_RANGE_MULT": 7.82518604318321,
  "VIRUS_MANUAL_SPLIT_TIME_BONUS": 1.015549605953207,
  "VIRUS_MANUAL_SPLIT_RISK_COST": 1.7130078919964817,
  "VIRUS_MAX_FARM_MASS": 77.79378761322624,
  "FOOD_CLUSTER_RADIUS": 5.027729300292625,
  "FOOD_CLUSTER_WEIGHT": 1.4933218588933734,
  "FOOD_DISTANCE_POWER": 1.8178873382723626,
  "FOOD_LOCK_TICKS": 14,
  "ROAM_CENTER_WEIGHT": 1.30560141835878,
  "ROAM_MOMENTUM_WEIGHT": 0.9213486837913611
}