{
  "OVERRIDE_ORDER": [
    "escape",
    "unstuck",
    "split",
    "chase",
    "virus",
    "food"
  ],
  "NUM_DIRECTIONS": 16,
  "MAX_ENEMIES": 24,
  "SAFETY_OWN_PIECES": 2,
  "STEP_RADIUS_MULT": 1.2862463604358167,
  "SPLIT_REACH_RELIABILITY": 0.6995507497386069,
  "ESCAPE_DIRECT_RANGE_MULT": 7.837008730291885,
  "ESCAPE_SPLIT_REACH_BUFFER": 1.150154133396772,
  "ESCAPE_MOVE_WEIGHT": 120.50252660196587,
  "ESCAPE_WALL_WEIGHT": 133.6123741716869,
  "ESCAPE_VIRUS_SHIELD_WEIGHT": 650.2439039034454,
  "ESCAPE_HARD_MARGIN": 0.03031442225932612,
  "SPLIT_CAPTURE_WEIGHT": 8.600146738270094,
  "SPLIT_DEPTH_COST": 6.5837674271087305,
  "SPLIT_FRAGMENT_COST": 0.12197488676949157,
  "SPLIT_EXTERNAL_RISK_WEIGHT": 0.43647321881235646,
  "SPLIT_MIN_UTILITY": 2.936576333055114,
  "SPLIT_LARGER_OWNER_RATIO": 0.9612290577349433,
  "SPLIT_PLAN_WAIT_TICKS": 3,
  "CHASE_ACQUIRE_RANGE_MULT": 9.579422462498162,
  "CHASE_DIRECT_RANGE_MULT": 4.673083673325575,
  "CHASE_MAX_INTERCEPT_TICKS": 16.285400439076604,
  "CHASE_LOCK_TICKS": 105,
  "CHASE_WALL_HORIZON": 18.75664728606457,
  "CHASE_BLOCK_OFFSET_MULT": 1.3988003553713253,
  "CHASE_DISTANCE_WEIGHT": 0.48327823322308844,
  "CHASE_ETA_WEIGHT": 1.2744863028272009,
  "CHASE_LOCK_BONUS": 13.622446744385607,
  "CHASE_VELOCITY_NEW_WEIGHT": 0.3266344793298845,
  "VIRUS_ENEMY_RANGE_MULT": 3.7648001679599035,
  "VIRUS_MANUAL_SPLIT_TIME_BONUS": 2.5214953754913574,
  "VIRUS_MANUAL_SPLIT_RISK_COST": 3.557737051464885,
  "VIRUS_MAX_FARM_MASS": 215.6941059842109,
  "FOOD_CLUSTER_RADIUS": 5.399021877008493,
  "FOOD_CLUSTER_WEIGHT": 1.1389090663552228,
  "FOOD_DISTANCE_POWER": 2.033351266936838,
  "FOOD_LOCK_TICKS": 5,
  "ROAM_CENTER_WEIGHT": 0.8190051199093256,
  "ROAM_MOMENTUM_WEIGHT": 0.6252490512564985
}