{
  "OVERRIDE_ORDER": [
    "escape",
    "unstuck",
    "split",
    "chase",
    "virus",
    "food"
  ],
  "NUM_DIRECTIONS": 16,
  "MAX_ENEMIES": 18,
  "SAFETY_OWN_PIECES": 2,
  "STEP_RADIUS_MULT": 1.4283599838254057,
  "SPLIT_REACH_RELIABILITY": 0.7154291290953989,
  "ESCAPE_DIRECT_RANGE_MULT": 5.039635720473734,
  "ESCAPE_SPLIT_REACH_BUFFER": 1.1173356546625353,
  "ESCAPE_MOVE_WEIGHT": 116.65775233509898,
  "ESCAPE_WALL_WEIGHT": 196.59582395273785,
  "ESCAPE_VIRUS_SHIELD_WEIGHT": 962.6936525382916,
  "ESCAPE_HARD_MARGIN": 0.13506417927744302,
  "SPLIT_CAPTURE_WEIGHT": 10.94499097434741,
  "SPLIT_DEPTH_COST": 4.570690581690898,
  "SPLIT_FRAGMENT_COST": 0.5603529221683023,
  "SPLIT_EXTERNAL_RISK_WEIGHT": 2.3748895183076275,
  "SPLIT_MIN_UTILITY": 8.523713547384974,
  "SPLIT_LARGER_OWNER_RATIO": 1.0671049008188007,
  "SPLIT_PLAN_WAIT_TICKS": 6,
  "CHASE_ACQUIRE_RANGE_MULT": 10.58363496588876,
  "CHASE_DIRECT_RANGE_MULT": 3.7702772581557635,
  "CHASE_MAX_INTERCEPT_TICKS": 5.379672567415347,
  "CHASE_LOCK_TICKS": 237,
  "CHASE_WALL_HORIZON": 14.464366147331202,
  "CHASE_BLOCK_OFFSET_MULT": 1.375245898224566,
  "CHASE_DISTANCE_WEIGHT": 0.2651569776102476,
  "CHASE_ETA_WEIGHT": 4.1117474398529374,
  "CHASE_LOCK_BONUS": 25.25917989152926,
  "CHASE_VELOCITY_NEW_WEIGHT": 0.7407867431681324,
  "VIRUS_ENEMY_RANGE_MULT": 6.971706924637645,
  "VIRUS_MANUAL_SPLIT_TIME_BONUS": 0.7572144777524139,
  "VIRUS_MANUAL_SPLIT_RISK_COST": 4.353037796000044,
  "VIRUS_MAX_FARM_MASS": 124.55742497890132,
  "FOOD_CLUSTER_RADIUS": 5.298917024649857,
  "FOOD_CLUSTER_WEIGHT": 2.7182497960801038,
  "FOOD_DISTANCE_POWER": 1.9452281116671735,
  "FOOD_LOCK_TICKS": 15,
  "ROAM_CENTER_WEIGHT": 0.4582219193736725,
  "ROAM_MOMENTUM_WEIGHT": 0.6281584511083942
}