{
  "OVERRIDE_ORDER": [
    "escape",
    "unstuck",
    "split",
    "chase",
    "virus",
    "food"
  ],
  "NUM_DIRECTIONS": 16,
  "MAX_ENEMIES": 24,
  "SAFETY_OWN_PIECES": 3,
  "STEP_RADIUS_MULT": 1.2536304195570047,
  "SPLIT_REACH_RELIABILITY": 0.8294608157424834,
  "ESCAPE_DIRECT_RANGE_MULT": 7.002778042740901,
  "ESCAPE_SPLIT_REACH_BUFFER": 1.1375446870062336,
  "ESCAPE_MOVE_WEIGHT": 86.90815616049635,
  "ESCAPE_WALL_WEIGHT": 172.02437550137535,
  "ESCAPE_VIRUS_SHIELD_WEIGHT": 1216.8498150430878,
  "ESCAPE_HARD_MARGIN": 0.07059576488845909,
  "SPLIT_CAPTURE_WEIGHT": 12.270456314008122,
  "SPLIT_DEPTH_COST": 4.970425383352319,
  "SPLIT_FRAGMENT_COST": 0.21639737562854472,
  "SPLIT_EXTERNAL_RISK_WEIGHT": 1.0989873042584786,
  "SPLIT_MIN_UTILITY": 8.73435818400801,
  "SPLIT_LARGER_OWNER_RATIO": 1.0260508083853477,
  "SPLIT_PLAN_WAIT_TICKS": 6,
  "CHASE_ACQUIRE_RANGE_MULT": 7.1530275608695,
  "CHASE_DIRECT_RANGE_MULT": 3.372308958047034,
  "CHASE_MAX_INTERCEPT_TICKS": 13.879501990328817,
  "CHASE_LOCK_TICKS": 197,
  "CHASE_WALL_HORIZON": 17.1646737580042,
  "CHASE_BLOCK_OFFSET_MULT": 1.4879724757634503,
  "CHASE_DISTANCE_WEIGHT": 0.2139635525083758,
  "CHASE_ETA_WEIGHT": 0.9520406079682258,
  "CHASE_LOCK_BONUS": 39.719253010847744,
  "CHASE_VELOCITY_NEW_WEIGHT": 0.5585407668038347,
  "VIRUS_ENEMY_RANGE_MULT": 5.863459289881739,
  "VIRUS_MANUAL_SPLIT_TIME_BONUS": 0.8368334005623761,
  "VIRUS_MANUAL_SPLIT_RISK_COST": 7.502970683904361,
  "VIRUS_MAX_FARM_MASS": 147.80121435508545,
  "FOOD_CLUSTER_RADIUS": 2.7700295635812444,
  "FOOD_CLUSTER_WEIGHT": 0.35774974995972286,
  "FOOD_DISTANCE_POWER": 1.8533599676758443,
  "FOOD_LOCK_TICKS": 18,
  "ROAM_CENTER_WEIGHT": 1.536735993576635,
  "ROAM_MOMENTUM_WEIGHT": 0.8114693284622705
}