{
  "OVERRIDE_ORDER": [
    "escape",
    "split",
    "unstuck",
    "chase",
    "virus",
    "food"
  ],
  "NUM_DIRECTIONS": 16,
  "MAX_ENEMIES": 24,
  "SAFETY_OWN_PIECES": 2,
  "STEP_RADIUS_MULT": 1.3612350920634166,
  "SPLIT_REACH_RELIABILITY": 0.7325824998634378,
  "ESCAPE_DIRECT_RANGE_MULT": 4.123200920958171,
  "ESCAPE_SPLIT_REACH_BUFFER": 1.082999946235066,
  "ESCAPE_MOVE_WEIGHT": 121.77838203880454,
  "ESCAPE_WALL_WEIGHT": 153.55648276757844,
  "ESCAPE_VIRUS_SHIELD_WEIGHT": 972.6157909160672,
  "ESCAPE_HARD_MARGIN": 0.13713740925279533,
  "SPLIT_CAPTURE_WEIGHT": 7.8033319699259485,
  "SPLIT_DEPTH_COST": 4.143653763506924,
  "SPLIT_FRAGMENT_COST": 0.10906827483794074,
  "SPLIT_EXTERNAL_RISK_WEIGHT": 0.8002860384900662,
  "SPLIT_MIN_UTILITY": 8.677040399104685,
  "SPLIT_LARGER_OWNER_RATIO": 0.9739940724538724,
  "SPLIT_PLAN_WAIT_TICKS": 7,
  "CHASE_ACQUIRE_RANGE_MULT": 8.954811431977877,
  "CHASE_DIRECT_RANGE_MULT": 4.170994258295376,
  "CHASE_MAX_INTERCEPT_TICKS": 6.218139684237364,
  "CHASE_LOCK_TICKS": 229,
  "CHASE_WALL_HORIZON": 20.871385066385475,
  "CHASE_BLOCK_OFFSET_MULT": 1.0407025247977462,
  "CHASE_DISTANCE_WEIGHT": 0.473269633550092,
  "CHASE_ETA_WEIGHT": 2.3826730634841624,
  "CHASE_LOCK_BONUS": 47.8582927825922,
  "CHASE_VELOCITY_NEW_WEIGHT": 0.5398329889336435,
  "VIRUS_ENEMY_RANGE_MULT": 3.43365371621054,
  "VIRUS_MANUAL_SPLIT_TIME_BONUS": 0.6845796849954824,
  "VIRUS_MANUAL_SPLIT_RISK_COST": 2.645321084628689,
  "VIRUS_MAX_FARM_MASS": 144.03890048613871,
  "FOOD_CLUSTER_RADIUS": 3.9935223048666666,
  "FOOD_CLUSTER_WEIGHT": 1.3225131858807089,
  "FOOD_DISTANCE_POWER": 1.3340720298585023,
  "FOOD_LOCK_TICKS": 16,
  "ROAM_CENTER_WEIGHT": 0.9326081154479869,
  "ROAM_MOMENTUM_WEIGHT": 0.6374192149084535
}