{
  "OVERRIDE_ORDER": [
    "escape",
    "unstuck",
    "split",
    "chase",
    "virus",
    "food"
  ],
  "NUM_DIRECTIONS": 16,
  "MAX_ENEMIES": 24,
  "SAFETY_OWN_PIECES": 2,
  "STEP_RADIUS_MULT": 1.2809086359944215,
  "SPLIT_REACH_RELIABILITY": 0.6938862797929856,
  "ESCAPE_DIRECT_RANGE_MULT": 4.761580213147331,
  "ESCAPE_SPLIT_REACH_BUFFER": 1.1265321162849475,
  "ESCAPE_MOVE_WEIGHT": 82.41624228417137,
  "ESCAPE_WALL_WEIGHT": 117.59015566206118,
  "ESCAPE_VIRUS_SHIELD_WEIGHT": 1384.1359496617354,
  "ESCAPE_HARD_MARGIN": 0.2538971409510432,
  "SPLIT_CAPTURE_WEIGHT": 9.897003812115504,
  "SPLIT_DEPTH_COST": 2.667827378299898,
  "SPLIT_FRAGMENT_COST": 0.25854768281303453,
  "SPLIT_EXTERNAL_RISK_WEIGHT": 0.6624096973705654,
  "SPLIT_MIN_UTILITY": 8.465285272103054,
  "SPLIT_LARGER_OWNER_RATIO": 1.019464540937975,
  "SPLIT_PLAN_WAIT_TICKS": 4,
  "CHASE_ACQUIRE_RANGE_MULT": 7.780624889661217,
  "CHASE_DIRECT_RANGE_MULT": 4.682666670803455,
  "CHASE_MAX_INTERCEPT_TICKS": 15.261201830041212,
  "CHASE_LOCK_TICKS": 78,
  "CHASE_WALL_HORIZON": 16.31458350047409,
  "CHASE_BLOCK_OFFSET_MULT": 1.0052728804894682,
  "CHASE_DISTANCE_WEIGHT": 0.14546126658207126,
  "CHASE_ETA_WEIGHT": 1.8750778281935636,
  "CHASE_LOCK_BONUS": 18.77632589482178,
  "CHASE_VELOCITY_NEW_WEIGHT": 0.42424162832334306,
  "VIRUS_ENEMY_RANGE_MULT": 4.535674598597362,
  "VIRUS_MANUAL_SPLIT_TIME_BONUS": 1.4640458040116207,
  "VIRUS_MANUAL_SPLIT_RISK_COST": 1.9336839391455902,
  "VIRUS_MAX_FARM_MASS": 189.41826554329808,
  "FOOD_CLUSTER_RADIUS": 3.514836561689555,
  "FOOD_CLUSTER_WEIGHT": 0.6283916271062675,
  "FOOD_DISTANCE_POWER": 1.8034169325806664,
  "FOOD_LOCK_TICKS": 5,
  "ROAM_CENTER_WEIGHT": 0.6283409975073897,
  "ROAM_MOMENTUM_WEIGHT": 0.384440232576498
}