{
  "OVERRIDE_ORDER": [
    "escape",
    "unstuck",
    "split",
    "chase",
    "virus",
    "food"
  ],
  "NUM_DIRECTIONS": 16,
  "MAX_ENEMIES": 24,
  "SAFETY_OWN_PIECES": 2,
  "STEP_RADIUS_MULT": 1.3571528898609957,
  "SPLIT_REACH_RELIABILITY": 0.6668044995410228,
  "ESCAPE_DIRECT_RANGE_MULT": 6.199989591102874,
  "ESCAPE_SPLIT_REACH_BUFFER": 1.0378752646755989,
  "ESCAPE_MOVE_WEIGHT": 110.18256560697823,
  "ESCAPE_WALL_WEIGHT": 112.63632617046093,
  "ESCAPE_VIRUS_SHIELD_WEIGHT": 898.4826839265604,
  "ESCAPE_HARD_MARGIN": 0.10465112515161001,
  "SPLIT_CAPTURE_WEIGHT": 3.8628628921723087,
  "SPLIT_DEPTH_COST": 4.567216283683637,
  "SPLIT_FRAGMENT_COST": 0.31251787089995037,
  "SPLIT_EXTERNAL_RISK_WEIGHT": 3.133085261329583,
  "SPLIT_MIN_UTILITY": 4.131180084243574,
  "SPLIT_LARGER_OWNER_RATIO": 1.08176245457483,
  "SPLIT_PLAN_WAIT_TICKS": 4,
  "CHASE_ACQUIRE_RANGE_MULT": 8.57370919808405,
  "CHASE_DIRECT_RANGE_MULT": 3.9666991408726053,
  "CHASE_MAX_INTERCEPT_TICKS": 17.23453141157679,
  "CHASE_LOCK_TICKS": 77,
  "CHASE_WALL_HORIZON": 24.050391786862825,
  "CHASE_BLOCK_OFFSET_MULT": 1.4675728545980868,
  "CHASE_DISTANCE_WEIGHT": 0.26313926004040905,
  "CHASE_ETA_WEIGHT": 0.639922408861767,
  "CHASE_LOCK_BONUS": 35.44521770943346,
  "CHASE_VELOCITY_NEW_WEIGHT": 0.47970112678711896,
  "VIRUS_ENEMY_RANGE_MULT": 7.743877836899101,
  "VIRUS_MANUAL_SPLIT_TIME_BONUS": 2.0351815472298385,
  "VIRUS_MANUAL_SPLIT_RISK_COST": 1.4522296394160747,
  "VIRUS_MAX_FARM_MASS": 112.2574076863333,
  "FOOD_CLUSTER_RADIUS": 4.46800236425711,
  "FOOD_CLUSTER_WEIGHT": 0.8522767927808937,
  "FOOD_DISTANCE_POWER": 1.9289148385584314,
  "FOOD_LOCK_TICKS": 3,
  "ROAM_CENTER_WEIGHT": 0.5392121037054279,
  "ROAM_MOMENTUM_WEIGHT": 0.37040481538127357
}