{
  "OVERRIDE_ORDER": [
    "escape",
    "split",
    "unstuck",
    "chase",
    "virus",
    "food"
  ],
  "NUM_DIRECTIONS": 16,
  "MAX_ENEMIES": 24,
  "SAFETY_OWN_PIECES": 2,
  "STEP_RADIUS_MULT": 1.4207418367466165,
  "SPLIT_REACH_RELIABILITY": 0.6850155828576409,
  "ESCAPE_DIRECT_RANGE_MULT": 3.799680956353336,
  "ESCAPE_SPLIT_REACH_BUFFER": 1.1484970241185144,
  "ESCAPE_MOVE_WEIGHT": 152.0162760121606,
  "ESCAPE_WALL_WEIGHT": 105.98627648866297,
  "ESCAPE_VIRUS_SHIELD_WEIGHT": 953.3234938354068,
  "ESCAPE_HARD_MARGIN": 0.2113405056190884,
  "SPLIT_CAPTURE_WEIGHT": 11.144553980971864,
  "SPLIT_DEPTH_COST": 4.78498378630761,
  "SPLIT_FRAGMENT_COST": 0.16694305561208528,
  "SPLIT_EXTERNAL_RISK_WEIGHT": 0.2561648111504816,
  "SPLIT_MIN_UTILITY": 9.538630927941401,
  "SPLIT_LARGER_OWNER_RATIO": 0.9607676407601498,
  "SPLIT_PLAN_WAIT_TICKS": 6,
  "CHASE_ACQUIRE_RANGE_MULT": 5.789841256211947,
  "CHASE_DIRECT_RANGE_MULT": 3.7692319472099474,
  "CHASE_MAX_INTERCEPT_TICKS": 9.5600254707716,
  "CHASE_LOCK_TICKS": 60,
  "CHASE_WALL_HORIZON": 31.7439761245602,
  "CHASE_BLOCK_OFFSET_MULT": 1.0367894665978006,
  "CHASE_DISTANCE_WEIGHT": 0.3404789894556671,
  "CHASE_ETA_WEIGHT": 0.41797862526072116,
  "CHASE_LOCK_BONUS": 33.14972086964043,
  "CHASE_VELOCITY_NEW_WEIGHT": 0.2766347074627377,
  "VIRUS_ENEMY_RANGE_MULT": 6.1710211674166695,
  "VIRUS_MANUAL_SPLIT_TIME_BONUS": 1.5118912436985235,
  "VIRUS_MANUAL_SPLIT_RISK_COST": 3.1196342645991315,
  "VIRUS_MAX_FARM_MASS": 188.34459508422617,
  "FOOD_CLUSTER_RADIUS": 6.1068650698732885,
  "FOOD_CLUSTER_WEIGHT": 0.5490824349514566,
  "FOOD_DISTANCE_POWER": 2.024500662318621,
  "FOOD_LOCK_TICKS": 7,
  "ROAM_CENTER_WEIGHT": 0.764625083383384,
  "ROAM_MOMENTUM_WEIGHT": 0.7041538373274405
}