{
  "OVERRIDE_ORDER": [
    "escape",
    "unstuck",
    "split",
    "chase",
    "virus",
    "food"
  ],
  "NUM_DIRECTIONS": 16,
  "MAX_ENEMIES": 18,
  "SAFETY_OWN_PIECES": 3,
  "STEP_RADIUS_MULT": 1.540351401757715,
  "SPLIT_REACH_RELIABILITY": 0.6739470924553195,
  "ESCAPE_DIRECT_RANGE_MULT": 4.873290278872461,
  "ESCAPE_SPLIT_REACH_BUFFER": 1.0966612153879385,
  "ESCAPE_MOVE_WEIGHT": 87.73632591902378,
  "ESCAPE_WALL_WEIGHT": 124.37036365048698,
  "ESCAPE_VIRUS_SHIELD_WEIGHT": 798.1259574921685,
  "ESCAPE_HARD_MARGIN": 0.05353027228224151,
  "SPLIT_CAPTURE_WEIGHT": 14.730977656885905,
  "SPLIT_DEPTH_COST": 3.0067655808903355,
  "SPLIT_FRAGMENT_COST": 0.34647525626705156,
  "SPLIT_EXTERNAL_RISK_WEIGHT": 1.053166898724946,
  "SPLIT_MIN_UTILITY": 9.882913098717967,
  "SPLIT_LARGER_OWNER_RATIO": 0.9599428118107827,
  "SPLIT_PLAN_WAIT_TICKS": 5,
  "CHASE_ACQUIRE_RANGE_MULT": 9.525127799656333,
  "CHASE_DIRECT_RANGE_MULT": 3.976569254164848,
  "CHASE_MAX_INTERCEPT_TICKS": 9.841230312931316,
  "CHASE_LOCK_TICKS": 156,
  "CHASE_WALL_HORIZON": 21.410320205214173,
  "CHASE_BLOCK_OFFSET_MULT": 1.3074897899819589,
  "CHASE_DISTANCE_WEIGHT": 0.12105614516431434,
  "CHASE_ETA_WEIGHT": 4.097073510462067,
  "CHASE_LOCK_BONUS": 37.22152502411435,
  "CHASE_VELOCITY_NEW_WEIGHT": 0.6966787624342661,
  "VIRUS_ENEMY_RANGE_MULT": 8.606545273255735,
  "VIRUS_MANUAL_SPLIT_TIME_BONUS": 1.0426476276705108,
  "VIRUS_MANUAL_SPLIT_RISK_COST": 2.313499298842225,
  "VIRUS_MAX_FARM_MASS": 191.16541772566418,
  "FOOD_CLUSTER_RADIUS": 2.5362678268541687,
  "FOOD_CLUSTER_WEIGHT": 1.250009559546311,
  "FOOD_DISTANCE_POWER": 1.99719453358374,
  "FOOD_LOCK_TICKS": 19,
  "ROAM_CENTER_WEIGHT": 0.9616888552725203,
  "ROAM_MOMENTUM_WEIGHT": 0.07778126295821987
}