{
  "OVERRIDE_ORDER": [
    "escape",
    "split",
    "unstuck",
    "chase",
    "virus",
    "food"
  ],
  "NUM_DIRECTIONS": 16,
  "MAX_ENEMIES": 24,
  "SAFETY_OWN_PIECES": 2,
  "STEP_RADIUS_MULT": 1.5261535824335162,
  "SPLIT_REACH_RELIABILITY": 0.685259131196378,
  "ESCAPE_DIRECT_RANGE_MULT": 4.789999891355636,
  "ESCAPE_SPLIT_REACH_BUFFER": 1.04438159015902,
  "ESCAPE_MOVE_WEIGHT": 198.60848896494394,
  "ESCAPE_WALL_WEIGHT": 497.08200567833353,
  "ESCAPE_VIRUS_SHIELD_WEIGHT": 764.0132414531898,
  "ESCAPE_HARD_MARGIN": 0.12190065908267896,
  "SPLIT_CAPTURE_WEIGHT": 3.6033065386497816,
  "SPLIT_DEPTH_COST": 3.4361083140599327,
  "SPLIT_FRAGMENT_COST": 0.5035770475014621,
  "SPLIT_EXTERNAL_RISK_WEIGHT": 2.6474700691264785,
  "SPLIT_MIN_UTILITY": 6.039464742435596,
  "SPLIT_LARGER_OWNER_RATIO": 0.9994798288513178,
  "SPLIT_PLAN_WAIT_TICKS": 6,
  "CHASE_ACQUIRE_RANGE_MULT": 7.7866336169006765,
  "CHASE_DIRECT_RANGE_MULT": 1.890665062885451,
  "CHASE_MAX_INTERCEPT_TICKS": 7.670706602230054,
  "CHASE_LOCK_TICKS": 129,
  "CHASE_WALL_HORIZON": 26.863795614876842,
  "CHASE_BLOCK_OFFSET_MULT": 0.4758951794169893,
  "CHASE_DISTANCE_WEIGHT": 0.07378744337823064,
  "CHASE_ETA_WEIGHT": 0.6562022253677428,
  "CHASE_LOCK_BONUS": 9.971241032352626,
  "CHASE_VELOCITY_NEW_WEIGHT": 0.3087611142313502,
  "VIRUS_ENEMY_RANGE_MULT": 4.141458842195733,
  "VIRUS_MANUAL_SPLIT_TIME_BONUS": 1.609398973295182,
  "VIRUS_MANUAL_SPLIT_RISK_COST": 0.30561498840783136,
  "VIRUS_MAX_FARM_MASS": 164.49874460543114,
  "FOOD_CLUSTER_RADIUS": 4.68486712362267,
  "FOOD_CLUSTER_WEIGHT": 0.6853614725396361,
  "FOOD_DISTANCE_POWER": 1.1753804148771074,
  "FOOD_LOCK_TICKS": 28,
  "ROAM_CENTER_WEIGHT": 1.2096408276415431,
  "ROAM_MOMENTUM_WEIGHT": 0.6999833627183566
}