{
  "OVERRIDE_ORDER": [
    "escape",
    "unstuck",
    "split",
    "chase",
    "virus",
    "food"
  ],
  "NUM_DIRECTIONS": 12,
  "MAX_ENEMIES": 18,
  "SAFETY_OWN_PIECES": 2,
  "STEP_RADIUS_MULT": 1.37176119568492,
  "SPLIT_REACH_RELIABILITY": 0.6731162851573212,
  "ESCAPE_DIRECT_RANGE_MULT": 5.307517664214867,
  "ESCAPE_SPLIT_REACH_BUFFER": 1.1277876411815313,
  "ESCAPE_MOVE_WEIGHT": 130.97882386890547,
  "ESCAPE_WALL_WEIGHT": 173.3094505460409,
  "ESCAPE_VIRUS_SHIELD_WEIGHT": 1102.336861230456,
  "ESCAPE_HARD_MARGIN": 0.09440573312643866,
  "SPLIT_CAPTURE_WEIGHT": 9.013568678897917,
  "SPLIT_DEPTH_COST": 3.7265847710170164,
  "SPLIT_FRAGMENT_COST": 0.6041844845930139,
  "SPLIT_EXTERNAL_RISK_WEIGHT": 0.4667849549461052,
  "SPLIT_MIN_UTILITY": 7.764410452754062,
  "SPLIT_LARGER_OWNER_RATIO": 0.9647652374090876,
  "SPLIT_PLAN_WAIT_TICKS": 5,
  "CHASE_ACQUIRE_RANGE_MULT": 10.242418477415953,
  "CHASE_DIRECT_RANGE_MULT": 4.670436189508986,
  "CHASE_MAX_INTERCEPT_TICKS": 9.983415550585864,
  "CHASE_LOCK_TICKS": 47,
  "CHASE_WALL_HORIZON": 17.221010119674308,
  "CHASE_BLOCK_OFFSET_MULT": 1.3134364682061277,
  "CHASE_DISTANCE_WEIGHT": 0.34072801818487375,
  "CHASE_ETA_WEIGHT": 1.6421234492885128,
  "CHASE_LOCK_BONUS": 26.070692394952285,
  "CHASE_VELOCITY_NEW_WEIGHT": 0.3589237784701186,
  "VIRUS_ENEMY_RANGE_MULT": 8.25198383901257,
  "VIRUS_MANUAL_SPLIT_TIME_BONUS": 1.2328062814411371,
  "VIRUS_MANUAL_SPLIT_RISK_COST": 1.6600918653171621,
  "VIRUS_MAX_FARM_MASS": 82.3743024115022,
  "FOOD_CLUSTER_RADIUS": 3.370361195416952,
  "FOOD_CLUSTER_WEIGHT": 1.140805123910321,
  "FOOD_DISTANCE_POWER": 2.049264400546072,
  "FOOD_LOCK_TICKS": 19,
  "ROAM_CENTER_WEIGHT": 2.102396593011589,
  "ROAM_MOMENTUM_WEIGHT": 0.3194122002337528
}