{
  "OVERRIDE_ORDER": [
    "split",
    "escape",
    "unstuck",
    "chase",
    "virus",
    "food"
  ],
  "NUM_DIRECTIONS": 12,
  "MAX_ENEMIES": 21,
  "SAFETY_OWN_PIECES": 3,
  "STEP_RADIUS_MULT": 1.2871493422037397,
  "SPLIT_REACH_RELIABILITY": 0.6420025931136083,
  "ESCAPE_DIRECT_RANGE_MULT": 7.467502968732279,
  "ESCAPE_SPLIT_REACH_BUFFER": 0.9753255670684969,
  "ESCAPE_MOVE_WEIGHT": 121.21092543397017,
  "ESCAPE_WALL_WEIGHT": 251.48766088661077,
  "ESCAPE_VIRUS_SHIELD_WEIGHT": 194.50422855869923,
  "ESCAPE_HARD_MARGIN": 0.051024478374282964,
  "SPLIT_CAPTURE_WEIGHT": 4.3177372686731195,
  "SPLIT_DEPTH_COST": 4.671376681223208,
  "SPLIT_FRAGMENT_COST": 0.05440876800940669,
  "SPLIT_EXTERNAL_RISK_WEIGHT": 1.6107118950435653,
  "SPLIT_MIN_UTILITY": 4.159489221512281,
  "SPLIT_LARGER_OWNER_RATIO": 0.9704143481220714,
  "SPLIT_PLAN_WAIT_TICKS": 7,
  "CHASE_ACQUIRE_RANGE_MULT": 10.173111884326424,
  "CHASE_DIRECT_RANGE_MULT": 3.448873812646427,
  "CHASE_MAX_INTERCEPT_TICKS": 8.918170104015953,
  "CHASE_LOCK_TICKS": 47,
  "CHASE_WALL_HORIZON": 30.700415308541256,
  "CHASE_BLOCK_OFFSET_MULT": 1.2846991645872259,
  "CHASE_DISTANCE_WEIGHT": 0.11780856642076676,
  "CHASE_ETA_WEIGHT": 0.40683619882038297,
  "CHASE_LOCK_BONUS": 13.549524953323141,
  "CHASE_VELOCITY_NEW_WEIGHT": 0.5754108584299473,
  "VIRUS_ENEMY_RANGE_MULT": 5.339601764595088,
  "VIRUS_MANUAL_SPLIT_TIME_BONUS": 0.7376447540820148,
  "VIRUS_MANUAL_SPLIT_RISK_COST": 0.9168919640780767,
  "VIRUS_MAX_FARM_MASS": 246.66466244209136,
  "FOOD_CLUSTER_RADIUS": 6.849428715594176,
  "FOOD_CLUSTER_WEIGHT": 2.78017453819385,
  "FOOD_DISTANCE_POWER": 2.135977523515224,
  "FOOD_LOCK_TICKS": 27,
  "ROAM_CENTER_WEIGHT": 0.2475549691538987,
  "ROAM_MOMENTUM_WEIGHT": 1.4320510926906669
}