{
  "OVERRIDE_ORDER": [
    "escape",
    "unstuck",
    "split",
    "chase",
    "virus",
    "food"
  ],
  "NUM_DIRECTIONS": 16,
  "MAX_ENEMIES": 18,
  "SAFETY_OWN_PIECES": 2,
  "STEP_RADIUS_MULT": 1.3369476057756262,
  "SPLIT_REACH_RELIABILITY": 0.641049374735839,
  "ESCAPE_DIRECT_RANGE_MULT": 6.901959180686286,
  "ESCAPE_SPLIT_REACH_BUFFER": 1.112898621335794,
  "ESCAPE_MOVE_WEIGHT": 89.17719064905457,
  "ESCAPE_WALL_WEIGHT": 147.81272008297805,
  "ESCAPE_VIRUS_SHIELD_WEIGHT": 602.6733312079501,
  "ESCAPE_HARD_MARGIN": 0.013676213002547073,
  "SPLIT_CAPTURE_WEIGHT": 5.476131502944731,
  "SPLIT_DEPTH_COST": 4.456008404386147,
  "SPLIT_FRAGMENT_COST": 0.49855828413506376,
  "SPLIT_EXTERNAL_RISK_WEIGHT": 0.167185353175761,
  "SPLIT_MIN_UTILITY": 4.838033597303075,
  "SPLIT_LARGER_OWNER_RATIO": 1.0096561028886373,
  "SPLIT_PLAN_WAIT_TICKS": 2,
  "CHASE_ACQUIRE_RANGE_MULT": 6.403412785678993,
  "CHASE_DIRECT_RANGE_MULT": 4.416871342114119,
  "CHASE_MAX_INTERCEPT_TICKS": 15.564744542982659,
  "CHASE_LOCK_TICKS": 100,
  "CHASE_WALL_HORIZON": 22.318254075387117,
  "CHASE_BLOCK_OFFSET_MULT": 1.402192712869418,
  "CHASE_DISTANCE_WEIGHT": 0.44907566352515077,
  "CHASE_ETA_WEIGHT": 4.350762520802215,
  "CHASE_LOCK_BONUS": 16.960042925338684,
  "CHASE_VELOCITY_NEW_WEIGHT": 0.5316427394212263,
  "VIRUS_ENEMY_RANGE_MULT": 5.783328487773457,
  "VIRUS_MANUAL_SPLIT_TIME_BONUS": 1.6380168978037055,
  "VIRUS_MANUAL_SPLIT_RISK_COST": 3.5448745890233058,
  "VIRUS_MAX_FARM_MASS": 278.7535656564791,
  "FOOD_CLUSTER_RADIUS": 6.178697020734354,
  "FOOD_CLUSTER_WEIGHT": 1.1955235511921618,
  "FOOD_DISTANCE_POWER": 2.04052811131879,
  "FOOD_LOCK_TICKS": 8,
  "ROAM_CENTER_WEIGHT": 0.9391287513601732,
  "ROAM_MOMENTUM_WEIGHT": 0.15633776840055402
}