{
  "OVERRIDE_ORDER": [
    "split",
    "escape",
    "unstuck",
    "chase",
    "virus",
    "food"
  ],
  "NUM_DIRECTIONS": 16,
  "MAX_ENEMIES": 21,
  "SAFETY_OWN_PIECES": 3,
  "STEP_RADIUS_MULT": 1.2978126747952439,
  "SPLIT_REACH_RELIABILITY": 0.6293577945569968,
  "ESCAPE_DIRECT_RANGE_MULT": 7.289511682890312,
  "ESCAPE_SPLIT_REACH_BUFFER": 0.9911326787170082,
  "ESCAPE_MOVE_WEIGHT": 135.84313186754832,
  "ESCAPE_WALL_WEIGHT": 266.689541477785,
  "ESCAPE_VIRUS_SHIELD_WEIGHT": 208.2477236388545,
  "ESCAPE_HARD_MARGIN": 0.03175891826025299,
  "SPLIT_CAPTURE_WEIGHT": 4.551341293705113,
  "SPLIT_DEPTH_COST": 4.057022927991247,
  "SPLIT_FRAGMENT_COST": 0.027554529287806263,
  "SPLIT_EXTERNAL_RISK_WEIGHT": 1.77461470107832,
  "SPLIT_MIN_UTILITY": 1.5704413923039295,
  "SPLIT_LARGER_OWNER_RATIO": 0.9907760995352234,
  "SPLIT_PLAN_WAIT_TICKS": 9,
  "CHASE_ACQUIRE_RANGE_MULT": 8.353922427330872,
  "CHASE_DIRECT_RANGE_MULT": 3.4324838350889326,
  "CHASE_MAX_INTERCEPT_TICKS": 10.572718627807516,
  "CHASE_LOCK_TICKS": 33,
  "CHASE_WALL_HORIZON": 40.36942637630584,
  "CHASE_BLOCK_OFFSET_MULT": 1.2764150812996922,
  "CHASE_DISTANCE_WEIGHT": 0.1064651157314538,
  "CHASE_ETA_WEIGHT": 0.8738896213679429,
  "CHASE_LOCK_BONUS": 5.499029550709867,
  "CHASE_VELOCITY_NEW_WEIGHT": 0.4465293281089723,
  "VIRUS_ENEMY_RANGE_MULT": 6.39899771645678,
  "VIRUS_MANUAL_SPLIT_TIME_BONUS": 0.7757371184290299,
  "VIRUS_MANUAL_SPLIT_RISK_COST": 0.8233561103585867,
  "VIRUS_MAX_FARM_MASS": 337.99377139529815,
  "FOOD_CLUSTER_RADIUS": 5.163344860499478,
  "FOOD_CLUSTER_WEIGHT": 1.8739570626486959,
  "FOOD_DISTANCE_POWER": 1.9583016450064077,
  "FOOD_LOCK_TICKS": 28,
  "ROAM_CENTER_WEIGHT": 0.2158347719505184,
  "ROAM_MOMENTUM_WEIGHT": 0.8372286060212089
}