{
  "OVERRIDE_ORDER": [
    "escape",
    "unstuck",
    "split",
    "chase",
    "virus",
    "food"
  ],
  "NUM_DIRECTIONS": 16,
  "MAX_ENEMIES": 24,
  "SAFETY_OWN_PIECES": 2,
  "STEP_RADIUS_MULT": 1.5859579505135657,
  "SPLIT_REACH_RELIABILITY": 0.8922225124300677,
  "ESCAPE_DIRECT_RANGE_MULT": 7.7038340833525565,
  "ESCAPE_SPLIT_REACH_BUFFER": 1.0679364894825616,
  "ESCAPE_MOVE_WEIGHT": 145.77379356012742,
  "ESCAPE_WALL_WEIGHT": 344.5647729898354,
  "ESCAPE_VIRUS_SHIELD_WEIGHT": 375.53908031895355,
  "ESCAPE_HARD_MARGIN": 0.0733734806267713,
  "SPLIT_CAPTURE_WEIGHT": 3.2276371188317015,
  "SPLIT_DEPTH_COST": 6.843678588396788,
  "SPLIT_FRAGMENT_COST": 0.2817008562329903,
  "SPLIT_EXTERNAL_RISK_WEIGHT": 1.4714448086477452,
  "SPLIT_MIN_UTILITY": 8.467304138952757,
  "SPLIT_LARGER_OWNER_RATIO": 1.1248675101379202,
  "SPLIT_PLAN_WAIT_TICKS": 6,
  "CHASE_ACQUIRE_RANGE_MULT": 5.049825313200386,
  "CHASE_DIRECT_RANGE_MULT": 2.3919395017869243,
  "CHASE_MAX_INTERCEPT_TICKS": 6.550467293899025,
  "CHASE_LOCK_TICKS": 175,
  "CHASE_WALL_HORIZON": 23.072473255514012,
  "CHASE_BLOCK_OFFSET_MULT": 0.3805324856759572,
  "CHASE_DISTANCE_WEIGHT": 0.056303974938327665,
  "CHASE_ETA_WEIGHT": 0.3029356971426758,
  "CHASE_LOCK_BONUS": 10.233630851309778,
  "CHASE_VELOCITY_NEW_WEIGHT": 0.38104874141549705,
  "VIRUS_ENEMY_RANGE_MULT": 2.7190797477551882,
  "VIRUS_MANUAL_SPLIT_TIME_BONUS": 5.069159088549822,
  "VIRUS_MANUAL_SPLIT_RISK_COST": 0.7327527849917063,
  "VIRUS_MAX_FARM_MASS": 305.23386077005637,
  "FOOD_CLUSTER_RADIUS": 3.635697822294457,
  "FOOD_CLUSTER_WEIGHT": 1.3225791473910995,
  "FOOD_DISTANCE_POWER": 1.032165334227511,
  "FOOD_LOCK_TICKS": 18,
  "ROAM_CENTER_WEIGHT": 1.221778052333273,
  "ROAM_MOMENTUM_WEIGHT": 0.920644987510228
}