{
  "OVERRIDE_ORDER": [
    "escape",
    "unstuck",
    "split",
    "chase",
    "virus",
    "food"
  ],
  "NUM_DIRECTIONS": 16,
  "MAX_ENEMIES": 24,
  "SAFETY_OWN_PIECES": 2,
  "STEP_RADIUS_MULT": 1.6218104594862817,
  "SPLIT_REACH_RELIABILITY": 0.8942070117081438,
  "ESCAPE_DIRECT_RANGE_MULT": 7.068131465969616,
  "ESCAPE_SPLIT_REACH_BUFFER": 1.086527273740948,
  "ESCAPE_MOVE_WEIGHT": 142.1461374670081,
  "ESCAPE_WALL_WEIGHT": 344.36810625171466,
  "ESCAPE_VIRUS_SHIELD_WEIGHT": 554.8549409823029,
  "ESCAPE_HARD_MARGIN": 0.16829000101131092,
  "SPLIT_CAPTURE_WEIGHT": 3.0261781015732128,
  "SPLIT_DEPTH_COST": 5.104143371990724,
  "SPLIT_FRAGMENT_COST": 0.17268195408852902,
  "SPLIT_EXTERNAL_RISK_WEIGHT": 2.21965089109346,
  "SPLIT_MIN_UTILITY": 7.74359827353232,
  "SPLIT_LARGER_OWNER_RATIO": 1.1574068196132277,
  "SPLIT_PLAN_WAIT_TICKS": 5,
  "CHASE_ACQUIRE_RANGE_MULT": 5.305559581164823,
  "CHASE_DIRECT_RANGE_MULT": 1.9387386600484267,
  "CHASE_MAX_INTERCEPT_TICKS": 6.3089530337330375,
  "CHASE_LOCK_TICKS": 238,
  "CHASE_WALL_HORIZON": 21.818410876562535,
  "CHASE_BLOCK_OFFSET_MULT": 0.7733578990211094,
  "CHASE_DISTANCE_WEIGHT": 0.06646564576139859,
  "CHASE_ETA_WEIGHT": 0.27407569953904276,
  "CHASE_LOCK_BONUS": 14.758899043160435,
  "CHASE_VELOCITY_NEW_WEIGHT": 0.3100999376517063,
  "VIRUS_ENEMY_RANGE_MULT": 2.7621145444184707,
  "VIRUS_MANUAL_SPLIT_TIME_BONUS": 3.2295313846538503,
  "VIRUS_MANUAL_SPLIT_RISK_COST": 0.2885959851722525,
  "VIRUS_MAX_FARM_MASS": 295.4495777654875,
  "FOOD_CLUSTER_RADIUS": 3.5253155682180886,
  "FOOD_CLUSTER_WEIGHT": 0.9797004170251858,
  "FOOD_DISTANCE_POWER": 1.353840529688614,
  "FOOD_LOCK_TICKS": 19,
  "ROAM_CENTER_WEIGHT": 1.1057844997078101,
  "ROAM_MOMENTUM_WEIGHT": 0.7625385838235488
}