{
  "OVERRIDE_ORDER": [
    "escape",
    "unstuck",
    "split",
    "chase",
    "virus",
    "food"
  ],
  "NUM_DIRECTIONS": 16,
  "MAX_ENEMIES": 24,
  "SAFETY_OWN_PIECES": 2,
  "STEP_RADIUS_MULT": 1.6892950392570667,
  "SPLIT_REACH_RELIABILITY": 0.8945065386652303,
  "ESCAPE_DIRECT_RANGE_MULT": 4.575494579082616,
  "ESCAPE_SPLIT_REACH_BUFFER": 1.102177866934331,
  "ESCAPE_MOVE_WEIGHT": 121.64839470723582,
  "ESCAPE_WALL_WEIGHT": 385.9081570985832,
  "ESCAPE_VIRUS_SHIELD_WEIGHT": 858.3734862611925,
  "ESCAPE_HARD_MARGIN": 0.27957094904203306,
  "SPLIT_CAPTURE_WEIGHT": 3.1704895336792305,
  "SPLIT_DEPTH_COST": 4.974514910826561,
  "SPLIT_FRAGMENT_COST": 0.4961627431000676,
  "SPLIT_EXTERNAL_RISK_WEIGHT": 0.8335181225544454,
  "SPLIT_MIN_UTILITY": 6.101199417891349,
  "SPLIT_LARGER_OWNER_RATIO": 1.2103014661195368,
  "SPLIT_PLAN_WAIT_TICKS": 3,
  "CHASE_ACQUIRE_RANGE_MULT": 6.952979615392509,
  "CHASE_DIRECT_RANGE_MULT": 1.654196799239443,
  "CHASE_MAX_INTERCEPT_TICKS": 5.71910834748806,
  "CHASE_LOCK_TICKS": 223,
  "CHASE_WALL_HORIZON": 22.569393341606904,
  "CHASE_BLOCK_OFFSET_MULT": 0.9491970048761389,
  "CHASE_DISTANCE_WEIGHT": 0.09891671933605517,
  "CHASE_ETA_WEIGHT": 0.30386330914751836,
  "CHASE_LOCK_BONUS": 8.334571029795914,
  "CHASE_VELOCITY_NEW_WEIGHT": 0.32551865382127043,
  "VIRUS_ENEMY_RANGE_MULT": 3.0936998787959427,
  "VIRUS_MANUAL_SPLIT_TIME_BONUS": 4.45218306451228,
  "VIRUS_MANUAL_SPLIT_RISK_COST": 0.4488967995890052,
  "VIRUS_MAX_FARM_MASS": 240.10001935655717,
  "FOOD_CLUSTER_RADIUS": 4.15904929789125,
  "FOOD_CLUSTER_WEIGHT": 1.9944508233057048,
  "FOOD_DISTANCE_POWER": 1.4057146449002587,
  "FOOD_LOCK_TICKS": 11,
  "ROAM_CENTER_WEIGHT": 2.9846851747822507,
  "ROAM_MOMENTUM_WEIGHT": 0.4813654967804833
}