{
  "OVERRIDE_ORDER": [
    "escape",
    "unstuck",
    "split",
    "chase",
    "virus",
    "food"
  ],
  "NUM_DIRECTIONS": 16,
  "MAX_ENEMIES": 18,
  "SAFETY_OWN_PIECES": 3,
  "STEP_RADIUS_MULT": 1.6071377923638441,
  "SPLIT_REACH_RELIABILITY": 0.6944810019677153,
  "ESCAPE_DIRECT_RANGE_MULT": 5.206336440702714,
  "ESCAPE_SPLIT_REACH_BUFFER": 1.0877910320907507,
  "ESCAPE_MOVE_WEIGHT": 144.3911571779037,
  "ESCAPE_WALL_WEIGHT": 109.59293010944367,
  "ESCAPE_VIRUS_SHIELD_WEIGHT": 1221.3554165819335,
  "ESCAPE_HARD_MARGIN": 0.06708854138776088,
  "SPLIT_CAPTURE_WEIGHT": 13.49097664267245,
  "SPLIT_DEPTH_COST": 2.0617012406099526,
  "SPLIT_FRAGMENT_COST": 0.2066909326306905,
  "SPLIT_EXTERNAL_RISK_WEIGHT": 2.0548814792796626,
  "SPLIT_MIN_UTILITY": 7.412733704166802,
  "SPLIT_LARGER_OWNER_RATIO": 1.0449052433475727,
  "SPLIT_PLAN_WAIT_TICKS": 5,
  "CHASE_ACQUIRE_RANGE_MULT": 7.946133576765549,
  "CHASE_DIRECT_RANGE_MULT": 3.312595483358492,
  "CHASE_MAX_INTERCEPT_TICKS": 13.740364732881451,
  "CHASE_LOCK_TICKS": 153,
  "CHASE_WALL_HORIZON": 23.149179728934737,
  "CHASE_BLOCK_OFFSET_MULT": 0.9615089614481467,
  "CHASE_DISTANCE_WEIGHT": 0.40858256920632535,
  "CHASE_ETA_WEIGHT": 0.9941229399786419,
  "CHASE_LOCK_BONUS": 18.942110841643665,
  "CHASE_VELOCITY_NEW_WEIGHT": 0.7953255048341712,
  "VIRUS_ENEMY_RANGE_MULT": 7.657312482990115,
  "VIRUS_MANUAL_SPLIT_TIME_BONUS": 0.9090473353579467,
  "VIRUS_MANUAL_SPLIT_RISK_COST": 3.926658901772565,
  "VIRUS_MAX_FARM_MASS": 252.5560564529328,
  "FOOD_CLUSTER_RADIUS": 4.045161558650317,
  "FOOD_CLUSTER_WEIGHT": 1.8117892061247127,
  "FOOD_DISTANCE_POWER": 2.206714357010949,
  "FOOD_LOCK_TICKS": 14,
  "ROAM_CENTER_WEIGHT": 0.44511240976173927,
  "ROAM_MOMENTUM_WEIGHT": 1.4593644328188962
}