{
  "OVERRIDE_ORDER": [
    "escape",
    "unstuck",
    "split",
    "chase",
    "virus",
    "food"
  ],
  "NUM_DIRECTIONS": 16,
  "MAX_ENEMIES": 18,
  "SAFETY_OWN_PIECES": 3,
  "STEP_RADIUS_MULT": 1.6411191739550817,
  "SPLIT_REACH_RELIABILITY": 0.8571682723540082,
  "ESCAPE_DIRECT_RANGE_MULT": 5.684386276596156,
  "ESCAPE_SPLIT_REACH_BUFFER": 1.0583586117196708,
  "ESCAPE_MOVE_WEIGHT": 102.93398044506196,
  "ESCAPE_WALL_WEIGHT": 228.0989568822693,
  "ESCAPE_VIRUS_SHIELD_WEIGHT": 327.4402091976159,
  "ESCAPE_HARD_MARGIN": 0.13793899012294686,
  "SPLIT_CAPTURE_WEIGHT": 13.943091780037705,
  "SPLIT_DEPTH_COST": 2.7392359710304404,
  "SPLIT_FRAGMENT_COST": 0.08145597968532146,
  "SPLIT_EXTERNAL_RISK_WEIGHT": 0.4727011870190169,
  "SPLIT_MIN_UTILITY": 2.7096993838857193,
  "SPLIT_LARGER_OWNER_RATIO": 1.2889923743890543,
  "SPLIT_PLAN_WAIT_TICKS": 7,
  "CHASE_ACQUIRE_RANGE_MULT": 5.122940795017887,
  "CHASE_DIRECT_RANGE_MULT": 1.8565344738710232,
  "CHASE_MAX_INTERCEPT_TICKS": 6.431495570323396,
  "CHASE_LOCK_TICKS": 89,
  "CHASE_WALL_HORIZON": 25.82324744569012,
  "CHASE_BLOCK_OFFSET_MULT": 1.414335406915543,
  "CHASE_DISTANCE_WEIGHT": 0.8506040518251468,
  "CHASE_ETA_WEIGHT": 2.070745418466988,
  "CHASE_LOCK_BONUS": 33.11708557669392,
  "CHASE_VELOCITY_NEW_WEIGHT": 0.7942801874776233,
  "VIRUS_ENEMY_RANGE_MULT": 5.628119371463857,
  "VIRUS_MANUAL_SPLIT_TIME_BONUS": 5.746727744610155,
  "VIRUS_MANUAL_SPLIT_RISK_COST": 0.3982004589552229,
  "VIRUS_MAX_FARM_MASS": 84.08506614981822,
  "FOOD_CLUSTER_RADIUS": 6.73372388310355,
  "FOOD_CLUSTER_WEIGHT": 0.6025810910383864,
  "FOOD_DISTANCE_POWER": 1.0131218897567138,
  "FOOD_LOCK_TICKS": 20,
  "ROAM_CENTER_WEIGHT": 0.21126582800512542,
  "ROAM_MOMENTUM_WEIGHT": 0.427884619571358
}