{
  "OVERRIDE_ORDER": [
    "escape",
    "unstuck",
    "split",
    "chase",
    "virus",
    "food"
  ],
  "NUM_DIRECTIONS": 12,
  "MAX_ENEMIES": 18,
  "SAFETY_OWN_PIECES": 3,
  "STEP_RADIUS_MULT": 1.2843444004823763,
  "SPLIT_REACH_RELIABILITY": 0.6546831777827258,
  "ESCAPE_DIRECT_RANGE_MULT": 6.988340466773712,
  "ESCAPE_SPLIT_REACH_BUFFER": 1.0327678725928424,
  "ESCAPE_MOVE_WEIGHT": 80.42895277160493,
  "ESCAPE_WALL_WEIGHT": 218.2824135880182,
  "ESCAPE_VIRUS_SHIELD_WEIGHT": 1267.71939621695,
  "ESCAPE_HARD_MARGIN": 0.05119186216724754,
  "SPLIT_CAPTURE_WEIGHT": 3.0179966839952197,
  "SPLIT_DEPTH_COST": 6.193152900112784,
  "SPLIT_FRAGMENT_COST": 0.20799246748519637,
  "SPLIT_EXTERNAL_RISK_WEIGHT": 0.94778877172352,
  "SPLIT_MIN_UTILITY": 5.890142145202605,
  "SPLIT_LARGER_OWNER_RATIO": 0.9655105053131245,
  "SPLIT_PLAN_WAIT_TICKS": 3,
  "CHASE_ACQUIRE_RANGE_MULT": 10.099919425558934,
  "CHASE_DIRECT_RANGE_MULT": 4.165594825517232,
  "CHASE_MAX_INTERCEPT_TICKS": 12.327434421317381,
  "CHASE_LOCK_TICKS": 149,
  "CHASE_WALL_HORIZON": 24.69547826671943,
  "CHASE_BLOCK_OFFSET_MULT": 1.020608211072549,
  "CHASE_DISTANCE_WEIGHT": 0.5081601227442558,
  "CHASE_ETA_WEIGHT": 0.924653629163809,
  "CHASE_LOCK_BONUS": 11.003242659566878,
  "CHASE_VELOCITY_NEW_WEIGHT": 0.3527645093452819,
  "VIRUS_ENEMY_RANGE_MULT": 4.856246723773907,
  "VIRUS_MANUAL_SPLIT_TIME_BONUS": 1.9053488554969271,
  "VIRUS_MANUAL_SPLIT_RISK_COST": 4.61705230817381,
  "VIRUS_MAX_FARM_MASS": 98.66094766027916,
  "FOOD_CLUSTER_RADIUS": 6.385246774301051,
  "FOOD_CLUSTER_WEIGHT": 0.4490160579322135,
  "FOOD_DISTANCE_POWER": 2.030224353570972,
  "FOOD_LOCK_TICKS": 8,
  "ROAM_CENTER_WEIGHT": 2.2701156462375827,
  "ROAM_MOMENTUM_WEIGHT": 0.5740428587817075
}