{
  "OVERRIDE_ORDER": [
    "escape",
    "unstuck",
    "split",
    "chase",
    "virus",
    "food"
  ],
  "NUM_DIRECTIONS": 16,
  "MAX_ENEMIES": 24,
  "SAFETY_OWN_PIECES": 2,
  "STEP_RADIUS_MULT": 1.5005658934870771,
  "SPLIT_REACH_RELIABILITY": 0.7586258671556305,
  "ESCAPE_DIRECT_RANGE_MULT": 6.159720084642627,
  "ESCAPE_SPLIT_REACH_BUFFER": 1.0947484829662806,
  "ESCAPE_MOVE_WEIGHT": 101.13278703004671,
  "ESCAPE_WALL_WEIGHT": 106.34897765715424,
  "ESCAPE_VIRUS_SHIELD_WEIGHT": 576.3597562456187,
  "ESCAPE_HARD_MARGIN": 0.0037603697560619487,
  "SPLIT_CAPTURE_WEIGHT": 13.685776626657018,
  "SPLIT_DEPTH_COST": 3.774858981104274,
  "SPLIT_FRAGMENT_COST": 0.05974417312474367,
  "SPLIT_EXTERNAL_RISK_WEIGHT": 1.325143710560855,
  "SPLIT_MIN_UTILITY": 6.720562957309509,
  "SPLIT_LARGER_OWNER_RATIO": 0.9703872994825438,
  "SPLIT_PLAN_WAIT_TICKS": 4,
  "CHASE_ACQUIRE_RANGE_MULT": 11.190275697698496,
  "CHASE_DIRECT_RANGE_MULT": 3.5587332534249674,
  "CHASE_MAX_INTERCEPT_TICKS": 11.778714953302305,
  "CHASE_LOCK_TICKS": 158,
  "CHASE_WALL_HORIZON": 36.036388666166516,
  "CHASE_BLOCK_OFFSET_MULT": 0.9138474895016866,
  "CHASE_DISTANCE_WEIGHT": 0.21297660222823395,
  "CHASE_ETA_WEIGHT": 1.2943640164678527,
  "CHASE_LOCK_BONUS": 36.57280067688319,
  "CHASE_VELOCITY_NEW_WEIGHT": 0.21887760411021728,
  "VIRUS_ENEMY_RANGE_MULT": 3.751125361214442,
  "VIRUS_MANUAL_SPLIT_TIME_BONUS": 0.7272034514920444,
  "VIRUS_MANUAL_SPLIT_RISK_COST": 5.66094150166507,
  "VIRUS_MAX_FARM_MASS": 132.52061134702538,
  "FOOD_CLUSTER_RADIUS": 3.8557749927135423,
  "FOOD_CLUSTER_WEIGHT": 2.314901493357043,
  "FOOD_DISTANCE_POWER": 1.7469926613953546,
  "FOOD_LOCK_TICKS": 15,
  "ROAM_CENTER_WEIGHT": 1.4894127025788613,
  "ROAM_MOMENTUM_WEIGHT": 0.2690679039097726
}