{
  "OVERRIDE_ORDER": [
    "escape",
    "unstuck",
    "split",
    "chase",
    "virus",
    "food"
  ],
  "NUM_DIRECTIONS": 16,
  "MAX_ENEMIES": 24,
  "SAFETY_OWN_PIECES": 3,
  "STEP_RADIUS_MULT": 1.2637052709485252,
  "SPLIT_REACH_RELIABILITY": 0.6408296898601645,
  "ESCAPE_DIRECT_RANGE_MULT": 4.908666561933398,
  "ESCAPE_SPLIT_REACH_BUFFER": 1.0094124774301863,
  "ESCAPE_MOVE_WEIGHT": 156.32800221691176,
  "ESCAPE_WALL_WEIGHT": 181.03555389987912,
  "ESCAPE_VIRUS_SHIELD_WEIGHT": 853.6521579605,
  "ESCAPE_HARD_MARGIN": 0.16353541945380773,
  "SPLIT_CAPTURE_WEIGHT": 4.007481905316089,
  "SPLIT_DEPTH_COST": 2.28924604141028,
  "SPLIT_FRAGMENT_COST": 0.4110329335154986,
  "SPLIT_EXTERNAL_RISK_WEIGHT": 0.647452726552771,
  "SPLIT_MIN_UTILITY": -0.9228454478349439,
  "SPLIT_LARGER_OWNER_RATIO": 1.0834119320916717,
  "SPLIT_PLAN_WAIT_TICKS": 3,
  "CHASE_ACQUIRE_RANGE_MULT": 8.743221149079732,
  "CHASE_DIRECT_RANGE_MULT": 3.1725847219136325,
  "CHASE_MAX_INTERCEPT_TICKS": 17.175033149713187,
  "CHASE_LOCK_TICKS": 175,
  "CHASE_WALL_HORIZON": 14.755246860631058,
  "CHASE_BLOCK_OFFSET_MULT": 0.8859568740975884,
  "CHASE_DISTANCE_WEIGHT": 0.5385868051976209,
  "CHASE_ETA_WEIGHT": 1.0040262632697834,
  "CHASE_LOCK_BONUS": 10.48177762363021,
  "CHASE_VELOCITY_NEW_WEIGHT": 0.40399489621610885,
  "VIRUS_ENEMY_RANGE_MULT": 4.277258554895159,
  "VIRUS_MANUAL_SPLIT_TIME_BONUS": 1.2888012413454757,
  "VIRUS_MANUAL_SPLIT_RISK_COST": 7.17005257044735,
  "VIRUS_MAX_FARM_MASS": 100.36205433100713,
  "FOOD_CLUSTER_RADIUS": 6.017411510690398,
  "FOOD_CLUSTER_WEIGHT": 0.7304220561275907,
  "FOOD_DISTANCE_POWER": 1.5094771204488233,
  "FOOD_LOCK_TICKS": 7,
  "ROAM_CENTER_WEIGHT": 2.0129033649625687,
  "ROAM_MOMENTUM_WEIGHT": 1.0989226453070773
}