{
  "OVERRIDE_ORDER": [
    "escape",
    "unstuck",
    "split",
    "chase",
    "virus",
    "food"
  ],
  "NUM_DIRECTIONS": 12,
  "MAX_ENEMIES": 21,
  "SAFETY_OWN_PIECES": 2,
  "STEP_RADIUS_MULT": 1.3964867696760845,
  "SPLIT_REACH_RELIABILITY": 0.8363507685661229,
  "ESCAPE_DIRECT_RANGE_MULT": 6.44225267949438,
  "ESCAPE_SPLIT_REACH_BUFFER": 1.148396554614225,
  "ESCAPE_MOVE_WEIGHT": 106.49729368828903,
  "ESCAPE_WALL_WEIGHT": 161.30096530538086,
  "ESCAPE_VIRUS_SHIELD_WEIGHT": 1265.3904437971842,
  "ESCAPE_HARD_MARGIN": 0.1725563135627039,
  "SPLIT_CAPTURE_WEIGHT": 8.845783851877199,
  "SPLIT_DEPTH_COST": 5.2778995401576685,
  "SPLIT_FRAGMENT_COST": 0.4077447777287244,
  "SPLIT_EXTERNAL_RISK_WEIGHT": 1.3256022319440852,
  "SPLIT_MIN_UTILITY": 9.955404279837742,
  "SPLIT_LARGER_OWNER_RATIO": 0.990874135233129,
  "SPLIT_PLAN_WAIT_TICKS": 6,
  "CHASE_ACQUIRE_RANGE_MULT": 12.155139939075077,
  "CHASE_DIRECT_RANGE_MULT": 4.192441654269035,
  "CHASE_MAX_INTERCEPT_TICKS": 13.841104740645672,
  "CHASE_LOCK_TICKS": 81,
  "CHASE_WALL_HORIZON": 18.34974644755967,
  "CHASE_BLOCK_OFFSET_MULT": 1.4328361018166236,
  "CHASE_DISTANCE_WEIGHT": 0.4420498560518556,
  "CHASE_ETA_WEIGHT": 2.9122429505668292,
  "CHASE_LOCK_BONUS": 42.49823373651466,
  "CHASE_VELOCITY_NEW_WEIGHT": 0.8073961040039074,
  "VIRUS_ENEMY_RANGE_MULT": 4.762147028836003,
  "VIRUS_MANUAL_SPLIT_TIME_BONUS": 0.9656715559470644,
  "VIRUS_MANUAL_SPLIT_RISK_COST": 5.5904035915821,
  "VIRUS_MAX_FARM_MASS": 117.8362512961346,
  "FOOD_CLUSTER_RADIUS": 3.2861288370732704,
  "FOOD_CLUSTER_WEIGHT": 1.379323683861539,
  "FOOD_DISTANCE_POWER": 2.166795563693123,
  "FOOD_LOCK_TICKS": 11,
  "ROAM_CENTER_WEIGHT": 1.1364783261356315,
  "ROAM_MOMENTUM_WEIGHT": 0.1184877277831166
}