{
  "OVERRIDE_ORDER": [
    "escape",
    "unstuck",
    "split",
    "chase",
    "virus",
    "food"
  ],
  "NUM_DIRECTIONS": 16,
  "MAX_ENEMIES": 24,
  "SAFETY_OWN_PIECES": 2,
  "STEP_RADIUS_MULT": 1.5140313701955088,
  "SPLIT_REACH_RELIABILITY": 0.7579250415730798,
  "ESCAPE_DIRECT_RANGE_MULT": 7.332312516397155,
  "ESCAPE_SPLIT_REACH_BUFFER": 1.1237623450394163,
  "ESCAPE_MOVE_WEIGHT": 89.97728676933623,
  "ESCAPE_WALL_WEIGHT": 176.15873314381187,
  "ESCAPE_VIRUS_SHIELD_WEIGHT": 1073.1136339911732,
  "ESCAPE_HARD_MARGIN": 0.06700739120765045,
  "SPLIT_CAPTURE_WEIGHT": 6.878420790276556,
  "SPLIT_DEPTH_COST": 5.162787140955473,
  "SPLIT_FRAGMENT_COST": 0.1940109311617769,
  "SPLIT_EXTERNAL_RISK_WEIGHT": 0.6250476081943396,
  "SPLIT_MIN_UTILITY": 5.539660892717999,
  "SPLIT_LARGER_OWNER_RATIO": 1.0490902607800543,
  "SPLIT_PLAN_WAIT_TICKS": 7,
  "CHASE_ACQUIRE_RANGE_MULT": 6.821433193281869,
  "CHASE_DIRECT_RANGE_MULT": 2.7213837616141023,
  "CHASE_MAX_INTERCEPT_TICKS": 17.041159410030644,
  "CHASE_LOCK_TICKS": 34,
  "CHASE_WALL_HORIZON": 24.919701387483755,
  "CHASE_BLOCK_OFFSET_MULT": 1.0698668183755309,
  "CHASE_DISTANCE_WEIGHT": 0.08294183185920531,
  "CHASE_ETA_WEIGHT": 0.5535584648072519,
  "CHASE_LOCK_BONUS": 47.26087278669109,
  "CHASE_VELOCITY_NEW_WEIGHT": 0.6530187587054351,
  "VIRUS_ENEMY_RANGE_MULT": 7.048868974833564,
  "VIRUS_MANUAL_SPLIT_TIME_BONUS": 0.6849699385240656,
  "VIRUS_MANUAL_SPLIT_RISK_COST": 3.1815961904060135,
  "VIRUS_MAX_FARM_MASS": 168.30243982556266,
  "FOOD_CLUSTER_RADIUS": 6.621705058391733,
  "FOOD_CLUSTER_WEIGHT": 0.693631502073518,
  "FOOD_DISTANCE_POWER": 1.3767206662081168,
  "FOOD_LOCK_TICKS": 5,
  "ROAM_CENTER_WEIGHT": 0.22318179854850623,
  "ROAM_MOMENTUM_WEIGHT": 0.21885098864483402
}