{
  "OVERRIDE_ORDER": [
    "escape",
    "split",
    "unstuck",
    "chase",
    "virus",
    "food"
  ],
  "NUM_DIRECTIONS": 16,
  "MAX_ENEMIES": 24,
  "SAFETY_OWN_PIECES": 2,
  "STEP_RADIUS_MULT": 1.5632340683380845,
  "SPLIT_REACH_RELIABILITY": 0.8092895726486641,
  "ESCAPE_DIRECT_RANGE_MULT": 5.107528430313932,
  "ESCAPE_SPLIT_REACH_BUFFER": 1.072523611293086,
  "ESCAPE_MOVE_WEIGHT": 254.22171576258182,
  "ESCAPE_WALL_WEIGHT": 266.8349833199439,
  "ESCAPE_VIRUS_SHIELD_WEIGHT": 539.4858450376096,
  "ESCAPE_HARD_MARGIN": 0.19035598759726802,
  "SPLIT_CAPTURE_WEIGHT": 4.844236056753852,
  "SPLIT_DEPTH_COST": 4.180591914080129,
  "SPLIT_FRAGMENT_COST": 0.21858318764850446,
  "SPLIT_EXTERNAL_RISK_WEIGHT": 1.4255678201013726,
  "SPLIT_MIN_UTILITY": 9.761927732316224,
  "SPLIT_LARGER_OWNER_RATIO": 1.0991963558726179,
  "SPLIT_PLAN_WAIT_TICKS": 5,
  "CHASE_ACQUIRE_RANGE_MULT": 4.677912033241942,
  "CHASE_DIRECT_RANGE_MULT": 3.318590019459889,
  "CHASE_MAX_INTERCEPT_TICKS": 5.8175268682092955,
  "CHASE_LOCK_TICKS": 216,
  "CHASE_WALL_HORIZON": 23.034854335277867,
  "CHASE_BLOCK_OFFSET_MULT": 0.957949647699846,
  "CHASE_DISTANCE_WEIGHT": 0.05438885297699402,
  "CHASE_ETA_WEIGHT": 0.2630426309619352,
  "CHASE_LOCK_BONUS": 33.97746817549395,
  "CHASE_VELOCITY_NEW_WEIGHT": 0.20101335169909246,
  "VIRUS_ENEMY_RANGE_MULT": 4.780928978334516,
  "VIRUS_MANUAL_SPLIT_TIME_BONUS": 1.7302454535268454,
  "VIRUS_MANUAL_SPLIT_RISK_COST": 0.5796024093505315,
  "VIRUS_MAX_FARM_MASS": 192.20128693345524,
  "FOOD_CLUSTER_RADIUS": 4.232505470860898,
  "FOOD_CLUSTER_WEIGHT": 1.356808089047582,
  "FOOD_DISTANCE_POWER": 0.9222975033189608,
  "FOOD_LOCK_TICKS": 19,
  "ROAM_CENTER_WEIGHT": 0.19737969501332042,
  "ROAM_MOMENTUM_WEIGHT": 1.3507903365680047
}