{
  "OVERRIDE_ORDER": [
    "escape",
    "unstuck",
    "split",
    "virus",
    "chase",
    "food"
  ],
  "NUM_DIRECTIONS": 16,
  "MAX_ENEMIES": 24,
  "SAFETY_OWN_PIECES": 2,
  "STEP_RADIUS_MULT": 1.4426057069138567,
  "SPLIT_REACH_RELIABILITY": 0.6427102066819951,
  "ESCAPE_DIRECT_RANGE_MULT": 6.024576883899501,
  "ESCAPE_SPLIT_REACH_BUFFER": 1.1351156160266982,
  "ESCAPE_MOVE_WEIGHT": 95.9774041685594,
  "ESCAPE_WALL_WEIGHT": 251.98198805197205,
  "ESCAPE_VIRUS_SHIELD_WEIGHT": 929.822482440692,
  "ESCAPE_HARD_MARGIN": 0.13682872039323368,
  "SPLIT_CAPTURE_WEIGHT": 12.370177527585087,
  "SPLIT_DEPTH_COST": 5.442614538076387,
  "SPLIT_FRAGMENT_COST": 0.5129050021602182,
  "SPLIT_EXTERNAL_RISK_WEIGHT": 0.5250458507517592,
  "SPLIT_MIN_UTILITY": 8.141569829284121,
  "SPLIT_LARGER_OWNER_RATIO": 0.9999286626953419,
  "SPLIT_PLAN_WAIT_TICKS": 5,
  "CHASE_ACQUIRE_RANGE_MULT": 5.440011871763128,
  "CHASE_DIRECT_RANGE_MULT": 1.960584299398871,
  "CHASE_MAX_INTERCEPT_TICKS": 15.173511486334792,
  "CHASE_LOCK_TICKS": 47,
  "CHASE_WALL_HORIZON": 21.12317016569814,
  "CHASE_BLOCK_OFFSET_MULT": 1.2348313022424584,
  "CHASE_DISTANCE_WEIGHT": 0.25371361884859456,
  "CHASE_ETA_WEIGHT": 1.2548468836200306,
  "CHASE_LOCK_BONUS": 20.99804992483739,
  "CHASE_VELOCITY_NEW_WEIGHT": 0.6431959993349032,
  "VIRUS_ENEMY_RANGE_MULT": 8.834411243848425,
  "VIRUS_MANUAL_SPLIT_TIME_BONUS": 1.3873556089488908,
  "VIRUS_MANUAL_SPLIT_RISK_COST": 0.9379372802397039,
  "VIRUS_MAX_FARM_MASS": 169.96843420703192,
  "FOOD_CLUSTER_RADIUS": 6.724408766496951,
  "FOOD_CLUSTER_WEIGHT": 1.2467013186782863,
  "FOOD_DISTANCE_POWER": 1.682081427469532,
  "FOOD_LOCK_TICKS": 22,
  "ROAM_CENTER_WEIGHT": 0.7370757449198347,
  "ROAM_MOMENTUM_WEIGHT": 0.6546119952623661
}