{
  "OVERRIDE_ORDER": [
    "escape",
    "unstuck",
    "split",
    "virus",
    "chase",
    "food"
  ],
  "NUM_DIRECTIONS": 12,
  "MAX_ENEMIES": 18,
  "SAFETY_OWN_PIECES": 2,
  "STEP_RADIUS_MULT": 1.4379362255955828,
  "SPLIT_REACH_RELIABILITY": 0.7938918512210628,
  "ESCAPE_DIRECT_RANGE_MULT": 4.044664006164218,
  "ESCAPE_SPLIT_REACH_BUFFER": 1.0968993988506872,
  "ESCAPE_MOVE_WEIGHT": 129.69683610369657,
  "ESCAPE_WALL_WEIGHT": 285.0380337780217,
  "ESCAPE_VIRUS_SHIELD_WEIGHT": 1074.0777181351534,
  "ESCAPE_HARD_MARGIN": 0.22109956629239066,
  "SPLIT_CAPTURE_WEIGHT": 12.099885908351247,
  "SPLIT_DEPTH_COST": 2.304752183863652,
  "SPLIT_FRAGMENT_COST": 0.28909417058440146,
  "SPLIT_EXTERNAL_RISK_WEIGHT": 0.864412142693509,
  "SPLIT_MIN_UTILITY": 5.84309269568148,
  "SPLIT_LARGER_OWNER_RATIO": 1.1093474177868052,
  "SPLIT_PLAN_WAIT_TICKS": 5,
  "CHASE_ACQUIRE_RANGE_MULT": 11.374689647826123,
  "CHASE_DIRECT_RANGE_MULT": 3.5380668009570506,
  "CHASE_MAX_INTERCEPT_TICKS": 8.22893315313948,
  "CHASE_LOCK_TICKS": 149,
  "CHASE_WALL_HORIZON": 25.023858224064217,
  "CHASE_BLOCK_OFFSET_MULT": 1.2689400229941297,
  "CHASE_DISTANCE_WEIGHT": 0.30863284065301094,
  "CHASE_ETA_WEIGHT": 3.5743745442081662,
  "CHASE_LOCK_BONUS": 24.822157347852833,
  "CHASE_VELOCITY_NEW_WEIGHT": 0.6097265612070308,
  "VIRUS_ENEMY_RANGE_MULT": 6.371403124223808,
  "VIRUS_MANUAL_SPLIT_TIME_BONUS": 0.503537368022043,
  "VIRUS_MANUAL_SPLIT_RISK_COST": 0.8613774794560896,
  "VIRUS_MAX_FARM_MASS": 199.96591750743812,
  "FOOD_CLUSTER_RADIUS": 4.877253984847518,
  "FOOD_CLUSTER_WEIGHT": 1.5794458137415373,
  "FOOD_DISTANCE_POWER": 1.962912380868445,
  "FOOD_LOCK_TICKS": 11,
  "ROAM_CENTER_WEIGHT": 0.97725331279669,
  "ROAM_MOMENTUM_WEIGHT": 1.2809447260628148
}