{
  "OVERRIDE_ORDER": [
    "escape",
    "unstuck",
    "split",
    "virus",
    "chase",
    "food"
  ],
  "NUM_DIRECTIONS": 16,
  "MAX_ENEMIES": 24,
  "SAFETY_OWN_PIECES": 2,
  "STEP_RADIUS_MULT": 1.4180739596689709,
  "SPLIT_REACH_RELIABILITY": 0.7682007943684802,
  "ESCAPE_DIRECT_RANGE_MULT": 6.0874349965032035,
  "ESCAPE_SPLIT_REACH_BUFFER": 1.0280808846865597,
  "ESCAPE_MOVE_WEIGHT": 145.0816149612784,
  "ESCAPE_WALL_WEIGHT": 209.37525027300302,
  "ESCAPE_VIRUS_SHIELD_WEIGHT": 1237.2951215980318,
  "ESCAPE_HARD_MARGIN": 0.13868866491602275,
  "SPLIT_CAPTURE_WEIGHT": 11.203982477301686,
  "SPLIT_DEPTH_COST": 6.124983182413101,
  "SPLIT_FRAGMENT_COST": 0.5639839315913856,
  "SPLIT_EXTERNAL_RISK_WEIGHT": 2.4302779985602494,
  "SPLIT_MIN_UTILITY": 8.879117657832282,
  "SPLIT_LARGER_OWNER_RATIO": 0.9694085961195361,
  "SPLIT_PLAN_WAIT_TICKS": 6,
  "CHASE_ACQUIRE_RANGE_MULT": 10.758378550866741,
  "CHASE_DIRECT_RANGE_MULT": 4.5766351437207105,
  "CHASE_MAX_INTERCEPT_TICKS": 9.658919749418054,
  "CHASE_LOCK_TICKS": 39,
  "CHASE_WALL_HORIZON": 23.446716362955826,
  "CHASE_BLOCK_OFFSET_MULT": 1.1535056247021478,
  "CHASE_DISTANCE_WEIGHT": 0.195013420167011,
  "CHASE_ETA_WEIGHT": 1.1076298745386328,
  "CHASE_LOCK_BONUS": 18.0471853811224,
  "CHASE_VELOCITY_NEW_WEIGHT": 0.32513506898879796,
  "VIRUS_ENEMY_RANGE_MULT": 4.952472475771464,
  "VIRUS_MANUAL_SPLIT_TIME_BONUS": 2.94519649952616,
  "VIRUS_MANUAL_SPLIT_RISK_COST": 6.57550499886837,
  "VIRUS_MAX_FARM_MASS": 244.76731248479678,
  "FOOD_CLUSTER_RADIUS": 3.3771407124234836,
  "FOOD_CLUSTER_WEIGHT": 1.5981925733787177,
  "FOOD_DISTANCE_POWER": 1.9722450694628397,
  "FOOD_LOCK_TICKS": 4,
  "ROAM_CENTER_WEIGHT": 2.398008751356529,
  "ROAM_MOMENTUM_WEIGHT": 0.3566085360715339
}