{
  "OVERRIDE_ORDER": [
    "escape",
    "unstuck",
    "split",
    "virus",
    "chase",
    "food"
  ],
  "NUM_DIRECTIONS": 16,
  "MAX_ENEMIES": 24,
  "SAFETY_OWN_PIECES": 2,
  "STEP_RADIUS_MULT": 1.5237754952159526,
  "SPLIT_REACH_RELIABILITY": 0.7763000004039748,
  "ESCAPE_DIRECT_RANGE_MULT": 5.211977914121236,
  "ESCAPE_SPLIT_REACH_BUFFER": 1.1372209416470676,
  "ESCAPE_MOVE_WEIGHT": 124.31127676819182,
  "ESCAPE_WALL_WEIGHT": 267.2248363190278,
  "ESCAPE_VIRUS_SHIELD_WEIGHT": 968.9568618401356,
  "ESCAPE_HARD_MARGIN": 0.0469529100988382,
  "SPLIT_CAPTURE_WEIGHT": 9.722972114045014,
  "SPLIT_DEPTH_COST": 1.6116089599169638,
  "SPLIT_FRAGMENT_COST": 0.21296952331573074,
  "SPLIT_EXTERNAL_RISK_WEIGHT": 1.2860444315886639,
  "SPLIT_MIN_UTILITY": 9.247399902224537,
  "SPLIT_LARGER_OWNER_RATIO": 1.0382698242245216,
  "SPLIT_PLAN_WAIT_TICKS": 6,
  "CHASE_ACQUIRE_RANGE_MULT": 7.141334617411136,
  "CHASE_DIRECT_RANGE_MULT": 2.316562392404195,
  "CHASE_MAX_INTERCEPT_TICKS": 12.81371994807402,
  "CHASE_LOCK_TICKS": 49,
  "CHASE_WALL_HORIZON": 30.217242518112105,
  "CHASE_BLOCK_OFFSET_MULT": 1.2454153274701953,
  "CHASE_DISTANCE_WEIGHT": 0.12141504685994894,
  "CHASE_ETA_WEIGHT": 1.642275610730244,
  "CHASE_LOCK_BONUS": 26.79554270962301,
  "CHASE_VELOCITY_NEW_WEIGHT": 0.3464500593161749,
  "VIRUS_ENEMY_RANGE_MULT": 5.94738053388075,
  "VIRUS_MANUAL_SPLIT_TIME_BONUS": 0.5941003789974025,
  "VIRUS_MANUAL_SPLIT_RISK_COST": 1.6547559618058694,
  "VIRUS_MAX_FARM_MASS": 324.2832714256827,
  "FOOD_CLUSTER_RADIUS": 6.732492574171917,
  "FOOD_CLUSTER_WEIGHT": 0.7693828603336473,
  "FOOD_DISTANCE_POWER": 1.230746056726415,
  "FOOD_LOCK_TICKS": 9,
  "ROAM_CENTER_WEIGHT": 0.22339877480652084,
  "ROAM_MOMENTUM_WEIGHT": 0.5724466119793942
}