{
  "OVERRIDE_ORDER": [
    "escape",
    "unstuck",
    "split",
    "chase",
    "virus",
    "food"
  ],
  "NUM_DIRECTIONS": 16,
  "MAX_ENEMIES": 24,
  "SAFETY_OWN_PIECES": 3,
  "STEP_RADIUS_MULT": 1.3813061713734816,
  "SPLIT_REACH_RELIABILITY": 0.6614553209667359,
  "ESCAPE_DIRECT_RANGE_MULT": 4.244495843235292,
  "ESCAPE_SPLIT_REACH_BUFFER": 0.9750333316490083,
  "ESCAPE_MOVE_WEIGHT": 148.74658619724403,
  "ESCAPE_WALL_WEIGHT": 158.2894479801314,
  "ESCAPE_VIRUS_SHIELD_WEIGHT": 944.4852942741785,
  "ESCAPE_HARD_MARGIN": 0.2398126277300934,
  "SPLIT_CAPTURE_WEIGHT": 3.3333276331030444,
  "SPLIT_DEPTH_COST": 2.0688950792349834,
  "SPLIT_FRAGMENT_COST": 0.3016972064785191,
  "SPLIT_EXTERNAL_RISK_WEIGHT": 0.8315132869360319,
  "SPLIT_MIN_UTILITY": -1.2982929065463962,
  "SPLIT_LARGER_OWNER_RATIO": 1.0750632516104122,
  "SPLIT_PLAN_WAIT_TICKS": 2,
  "CHASE_ACQUIRE_RANGE_MULT": 7.991379036617498,
  "CHASE_DIRECT_RANGE_MULT": 2.931975037461328,
  "CHASE_MAX_INTERCEPT_TICKS": 15.651409194659342,
  "CHASE_LOCK_TICKS": 187,
  "CHASE_WALL_HORIZON": 17.630065079168375,
  "CHASE_BLOCK_OFFSET_MULT": 1.0119671902622696,
  "CHASE_DISTANCE_WEIGHT": 0.35202516707964826,
  "CHASE_ETA_WEIGHT": 0.927088205134969,
  "CHASE_LOCK_BONUS": 10.299777791360974,
  "CHASE_VELOCITY_NEW_WEIGHT": 0.7377396927193647,
  "VIRUS_ENEMY_RANGE_MULT": 3.4533641166251483,
  "VIRUS_MANUAL_SPLIT_TIME_BONUS": 2.33502784129014,
  "VIRUS_MANUAL_SPLIT_RISK_COST": 6.604538468824895,
  "VIRUS_MAX_FARM_MASS": 111.74789965232601,
  "FOOD_CLUSTER_RADIUS": 6.926209630806075,
  "FOOD_CLUSTER_WEIGHT": 1.8556273931348288,
  "FOOD_DISTANCE_POWER": 1.9462733654025683,
  "FOOD_LOCK_TICKS": 10,
  "ROAM_CENTER_WEIGHT": 1.9850559174406992,
  "ROAM_MOMENTUM_WEIGHT": 0.3896057962877114
}