{
  "OVERRIDE_ORDER": [
    "escape",
    "unstuck",
    "split",
    "chase",
    "virus",
    "food"
  ],
  "NUM_DIRECTIONS": 16,
  "MAX_ENEMIES": 21,
  "SAFETY_OWN_PIECES": 2,
  "STEP_RADIUS_MULT": 1.3946552598937259,
  "SPLIT_REACH_RELIABILITY": 0.7679583529476766,
  "ESCAPE_DIRECT_RANGE_MULT": 5.340899685288204,
  "ESCAPE_SPLIT_REACH_BUFFER": 1.1415435418685738,
  "ESCAPE_MOVE_WEIGHT": 83.26049904929644,
  "ESCAPE_WALL_WEIGHT": 129.00789914964653,
  "ESCAPE_VIRUS_SHIELD_WEIGHT": 939.9688274750403,
  "ESCAPE_HARD_MARGIN": 0.03535606132143739,
  "SPLIT_CAPTURE_WEIGHT": 12.991314786083572,
  "SPLIT_DEPTH_COST": 3.976480884042485,
  "SPLIT_FRAGMENT_COST": 0.5592776960307007,
  "SPLIT_EXTERNAL_RISK_WEIGHT": 2.070172914691466,
  "SPLIT_MIN_UTILITY": 8.832277999734409,
  "SPLIT_LARGER_OWNER_RATIO": 0.9651064318869084,
  "SPLIT_PLAN_WAIT_TICKS": 3,
  "CHASE_ACQUIRE_RANGE_MULT": 8.522758441404447,
  "CHASE_DIRECT_RANGE_MULT": 4.948754479851881,
  "CHASE_MAX_INTERCEPT_TICKS": 11.65963133736267,
  "CHASE_LOCK_TICKS": 92,
  "CHASE_WALL_HORIZON": 17.587325308195073,
  "CHASE_BLOCK_OFFSET_MULT": 1.4822594006716643,
  "CHASE_DISTANCE_WEIGHT": 0.9776111129744146,
  "CHASE_ETA_WEIGHT": 1.0419917606075242,
  "CHASE_LOCK_BONUS": 48.093721077298234,
  "CHASE_VELOCITY_NEW_WEIGHT": 0.46411451833904893,
  "VIRUS_ENEMY_RANGE_MULT": 8.833505730345053,
  "VIRUS_MANUAL_SPLIT_TIME_BONUS": 1.273307376236539,
  "VIRUS_MANUAL_SPLIT_RISK_COST": 2.9075737622439353,
  "VIRUS_MAX_FARM_MASS": 142.4610540067451,
  "FOOD_CLUSTER_RADIUS": 3.255253595366735,
  "FOOD_CLUSTER_WEIGHT": 2.1378949724811953,
  "FOOD_DISTANCE_POWER": 1.7195181245754507,
  "FOOD_LOCK_TICKS": 22,
  "ROAM_CENTER_WEIGHT": 1.821792304018747,
  "ROAM_MOMENTUM_WEIGHT": 0.14984901030975714
}