{
  "OVERRIDE_ORDER": [
    "split",
    "escape",
    "unstuck",
    "chase",
    "virus",
    "food"
  ],
  "NUM_DIRECTIONS": 16,
  "MAX_ENEMIES": 18,
  "SAFETY_OWN_PIECES": 3,
  "STEP_RADIUS_MULT": 1.3282174880613478,
  "SPLIT_REACH_RELIABILITY": 0.6822168854317668,
  "ESCAPE_DIRECT_RANGE_MULT": 7.963859997237163,
  "ESCAPE_SPLIT_REACH_BUFFER": 1.0466559578213623,
  "ESCAPE_MOVE_WEIGHT": 124.80156610177424,
  "ESCAPE_WALL_WEIGHT": 366.77147126640523,
  "ESCAPE_VIRUS_SHIELD_WEIGHT": 178.2603077781804,
  "ESCAPE_HARD_MARGIN": 0.0047049800848065135,
  "SPLIT_CAPTURE_WEIGHT": 5.456007174787698,
  "SPLIT_DEPTH_COST": 2.599744299718189,
  "SPLIT_FRAGMENT_COST": 0.09859393252508404,
  "SPLIT_EXTERNAL_RISK_WEIGHT": 1.948153004848394,
  "SPLIT_MIN_UTILITY": 0.7820877478677151,
  "SPLIT_LARGER_OWNER_RATIO": 0.9532876975012591,
  "SPLIT_PLAN_WAIT_TICKS": 7,
  "CHASE_ACQUIRE_RANGE_MULT": 12.518643572142011,
  "CHASE_DIRECT_RANGE_MULT": 3.730666237104208,
  "CHASE_MAX_INTERCEPT_TICKS": 12.187036799106599,
  "CHASE_LOCK_TICKS": 55,
  "CHASE_WALL_HORIZON": 35.96953675940958,
  "CHASE_BLOCK_OFFSET_MULT": 1.3581363402717126,
  "CHASE_DISTANCE_WEIGHT": 0.24813922463789526,
  "CHASE_ETA_WEIGHT": 0.276616635594048,
  "CHASE_LOCK_BONUS": 6.343510826156037,
  "CHASE_VELOCITY_NEW_WEIGHT": 0.6843829087159277,
  "VIRUS_ENEMY_RANGE_MULT": 7.061381854187832,
  "VIRUS_MANUAL_SPLIT_TIME_BONUS": 2.392570086991453,
  "VIRUS_MANUAL_SPLIT_RISK_COST": 0.9560043112653237,
  "VIRUS_MAX_FARM_MASS": 318.1285306116964,
  "FOOD_CLUSTER_RADIUS": 4.775270811430607,
  "FOOD_CLUSTER_WEIGHT": 2.0586412038746085,
  "FOOD_DISTANCE_POWER": 1.7051457255897415,
  "FOOD_LOCK_TICKS": 22,
  "ROAM_CENTER_WEIGHT": 0.2880695912523113,
  "ROAM_MOMENTUM_WEIGHT": 0.3391514722423017
}