{
  "OVERRIDE_ORDER": [
    "split",
    "escape",
    "unstuck",
    "chase",
    "virus",
    "food"
  ],
  "NUM_DIRECTIONS": 16,
  "MAX_ENEMIES": 24,
  "SAFETY_OWN_PIECES": 2,
  "STEP_RADIUS_MULT": 1.6638471751171664,
  "SPLIT_REACH_RELIABILITY": 0.8198578351957174,
  "ESCAPE_DIRECT_RANGE_MULT": 6.619563693173398,
  "ESCAPE_SPLIT_REACH_BUFFER": 1.1124119458410535,
  "ESCAPE_MOVE_WEIGHT": 136.19068999485313,
  "ESCAPE_WALL_WEIGHT": 208.98053533479703,
  "ESCAPE_VIRUS_SHIELD_WEIGHT": 621.3870318119457,
  "ESCAPE_HARD_MARGIN": 0.12984768685723155,
  "SPLIT_CAPTURE_WEIGHT": 3.091749200710051,
  "SPLIT_DEPTH_COST": 6.282748643583188,
  "SPLIT_FRAGMENT_COST": 0.22806302993489164,
  "SPLIT_EXTERNAL_RISK_WEIGHT": 0.5166615686063074,
  "SPLIT_MIN_UTILITY": 6.480980487045331,
  "SPLIT_LARGER_OWNER_RATIO": 1.1166809430513642,
  "SPLIT_PLAN_WAIT_TICKS": 4,
  "CHASE_ACQUIRE_RANGE_MULT": 4.875353329950713,
  "CHASE_DIRECT_RANGE_MULT": 1.673582880153214,
  "CHASE_MAX_INTERCEPT_TICKS": 6.775607168710877,
  "CHASE_LOCK_TICKS": 186,
  "CHASE_WALL_HORIZON": 19.394629741849926,
  "CHASE_BLOCK_OFFSET_MULT": 0.9506905323978386,
  "CHASE_DISTANCE_WEIGHT": 0.0907385633509501,
  "CHASE_ETA_WEIGHT": 0.2604447708730278,
  "CHASE_LOCK_BONUS": 21.02374933011283,
  "CHASE_VELOCITY_NEW_WEIGHT": 0.480616224896275,
  "VIRUS_ENEMY_RANGE_MULT": 4.5834194167740305,
  "VIRUS_MANUAL_SPLIT_TIME_BONUS": 4.560214447021438,
  "VIRUS_MANUAL_SPLIT_RISK_COST": 0.2885286736551244,
  "VIRUS_MAX_FARM_MASS": 230.15513696407797,
  "FOOD_CLUSTER_RADIUS": 3.439465510215238,
  "FOOD_CLUSTER_WEIGHT": 0.7443126114662472,
  "FOOD_DISTANCE_POWER": 1.3527792281715136,
  "FOOD_LOCK_TICKS": 20,
  "ROAM_CENTER_WEIGHT": 1.0190550243464096,
  "ROAM_MOMENTUM_WEIGHT": 1.295651480359664
}