{
  "OVERRIDE_ORDER": [
    "escape",
    "unstuck",
    "split",
    "virus",
    "chase",
    "food"
  ],
  "NUM_DIRECTIONS": 12,
  "MAX_ENEMIES": 24,
  "SAFETY_OWN_PIECES": 2,
  "STEP_RADIUS_MULT": 1.5564456991672466,
  "SPLIT_REACH_RELIABILITY": 0.8470145244808255,
  "ESCAPE_DIRECT_RANGE_MULT": 7.778736893274017,
  "ESCAPE_SPLIT_REACH_BUFFER": 1.0113936715209408,
  "ESCAPE_MOVE_WEIGHT": 123.44054614839118,
  "ESCAPE_WALL_WEIGHT": 357.59513613679786,
  "ESCAPE_VIRUS_SHIELD_WEIGHT": 201.91739198714725,
  "ESCAPE_HARD_MARGIN": 0.2846131235397696,
  "SPLIT_CAPTURE_WEIGHT": 3.8307108845130613,
  "SPLIT_DEPTH_COST": 3.215768763864457,
  "SPLIT_FRAGMENT_COST": 0.08340946891853156,
  "SPLIT_EXTERNAL_RISK_WEIGHT": 0.7677615846401101,
  "SPLIT_MIN_UTILITY": 7.7380703175714505,
  "SPLIT_LARGER_OWNER_RATIO": 1.271432769263327,
  "SPLIT_PLAN_WAIT_TICKS": 3,
  "CHASE_ACQUIRE_RANGE_MULT": 12.795899107703642,
  "CHASE_DIRECT_RANGE_MULT": 1.908344379724583,
  "CHASE_MAX_INTERCEPT_TICKS": 5.649927506718686,
  "CHASE_LOCK_TICKS": 118,
  "CHASE_WALL_HORIZON": 24.340636792717167,
  "CHASE_BLOCK_OFFSET_MULT": 1.2013487022647513,
  "CHASE_DISTANCE_WEIGHT": 0.07017280265049186,
  "CHASE_ETA_WEIGHT": 0.3073435196557962,
  "CHASE_LOCK_BONUS": 28.24259384316506,
  "CHASE_VELOCITY_NEW_WEIGHT": 0.300843627175727,
  "VIRUS_ENEMY_RANGE_MULT": 3.103097690339604,
  "VIRUS_MANUAL_SPLIT_TIME_BONUS": 2.6043648626303018,
  "VIRUS_MANUAL_SPLIT_RISK_COST": 0.4569587159494341,
  "VIRUS_MAX_FARM_MASS": 121.41042045373135,
  "FOOD_CLUSTER_RADIUS": 3.95753332649889,
  "FOOD_CLUSTER_WEIGHT": 1.3587743590348185,
  "FOOD_DISTANCE_POWER": 1.3356193747712004,
  "FOOD_LOCK_TICKS": 24,
  "ROAM_CENTER_WEIGHT": 1.4497233011227892,
  "ROAM_MOMENTUM_WEIGHT": 0.21807296596420978
}