{
  "OVERRIDE_ORDER": [
    "split",
    "escape",
    "unstuck",
    "chase",
    "virus",
    "food"
  ],
  "NUM_DIRECTIONS": 16,
  "MAX_ENEMIES": 21,
  "SAFETY_OWN_PIECES": 3,
  "STEP_RADIUS_MULT": 1.413567342169011,
  "SPLIT_REACH_RELIABILITY": 0.6481328379922364,
  "ESCAPE_DIRECT_RANGE_MULT": 6.033258849509419,
  "ESCAPE_SPLIT_REACH_BUFFER": 1.0216490105223286,
  "ESCAPE_MOVE_WEIGHT": 103.38915960741251,
  "ESCAPE_WALL_WEIGHT": 211.11938989561023,
  "ESCAPE_VIRUS_SHIELD_WEIGHT": 321.65361728582684,
  "ESCAPE_HARD_MARGIN": 0.004905099230946917,
  "SPLIT_CAPTURE_WEIGHT": 3.402290282991339,
  "SPLIT_DEPTH_COST": 5.182036705232905,
  "SPLIT_FRAGMENT_COST": 0.0980658108650163,
  "SPLIT_EXTERNAL_RISK_WEIGHT": 2.211103040723306,
  "SPLIT_MIN_UTILITY": -1.0654156598717184,
  "SPLIT_LARGER_OWNER_RATIO": 0.9694791639558562,
  "SPLIT_PLAN_WAIT_TICKS": 8,
  "CHASE_ACQUIRE_RANGE_MULT": 4.871954558584994,
  "CHASE_DIRECT_RANGE_MULT": 3.756767894345495,
  "CHASE_MAX_INTERCEPT_TICKS": 7.839233765458235,
  "CHASE_LOCK_TICKS": 49,
  "CHASE_WALL_HORIZON": 38.88037341863672,
  "CHASE_BLOCK_OFFSET_MULT": 1.4040181462046555,
  "CHASE_DISTANCE_WEIGHT": 0.16897343820787072,
  "CHASE_ETA_WEIGHT": 0.955591576270074,
  "CHASE_LOCK_BONUS": 6.348766058331761,
  "CHASE_VELOCITY_NEW_WEIGHT": 0.5058186422351589,
  "VIRUS_ENEMY_RANGE_MULT": 5.911539966093,
  "VIRUS_MANUAL_SPLIT_TIME_BONUS": 0.9468846153597258,
  "VIRUS_MANUAL_SPLIT_RISK_COST": 1.2464587762518258,
  "VIRUS_MAX_FARM_MASS": 303.1970328246895,
  "FOOD_CLUSTER_RADIUS": 4.597032691623607,
  "FOOD_CLUSTER_WEIGHT": 0.6438128207189494,
  "FOOD_DISTANCE_POWER": 2.126064077368174,
  "FOOD_LOCK_TICKS": 30,
  "ROAM_CENTER_WEIGHT": 0.48659245280610514,
  "ROAM_MOMENTUM_WEIGHT": 0.6352980876040398
}