{
  "OVERRIDE_ORDER": [
    "escape",
    "split",
    "unstuck",
    "chase",
    "virus",
    "food"
  ],
  "NUM_DIRECTIONS": 12,
  "MAX_ENEMIES": 18,
  "SAFETY_OWN_PIECES": 2,
  "STEP_RADIUS_MULT": 1.320968972409135,
  "SPLIT_REACH_RELIABILITY": 0.8972091710159412,
  "ESCAPE_DIRECT_RANGE_MULT": 4.611035303471441,
  "ESCAPE_SPLIT_REACH_BUFFER": 1.0065697632531656,
  "ESCAPE_MOVE_WEIGHT": 169.50607057868788,
  "ESCAPE_WALL_WEIGHT": 239.42200788854052,
  "ESCAPE_VIRUS_SHIELD_WEIGHT": 173.74614084613626,
  "ESCAPE_HARD_MARGIN": 0.2874703549408671,
  "SPLIT_CAPTURE_WEIGHT": 3.7430279341481074,
  "SPLIT_DEPTH_COST": 6.1059989158015515,
  "SPLIT_FRAGMENT_COST": 0.02338814943770239,
  "SPLIT_EXTERNAL_RISK_WEIGHT": 0.22359687938555636,
  "SPLIT_MIN_UTILITY": 7.53606638096848,
  "SPLIT_LARGER_OWNER_RATIO": 1.1125237987510663,
  "SPLIT_PLAN_WAIT_TICKS": 9,
  "CHASE_ACQUIRE_RANGE_MULT": 11.957470406565633,
  "CHASE_DIRECT_RANGE_MULT": 2.426610462895783,
  "CHASE_MAX_INTERCEPT_TICKS": 16.778361399289185,
  "CHASE_LOCK_TICKS": 64,
  "CHASE_WALL_HORIZON": 20.564274215117614,
  "CHASE_BLOCK_OFFSET_MULT": 0.4887472721650849,
  "CHASE_DISTANCE_WEIGHT": 0.8162742363149257,
  "CHASE_ETA_WEIGHT": 0.32222210594844347,
  "CHASE_LOCK_BONUS": 13.904966251458777,
  "CHASE_VELOCITY_NEW_WEIGHT": 0.22208959816380067,
  "VIRUS_ENEMY_RANGE_MULT": 5.63653812730796,
  "VIRUS_MANUAL_SPLIT_TIME_BONUS": 1.2107260017443313,
  "VIRUS_MANUAL_SPLIT_RISK_COST": 0.39409846248134894,
  "VIRUS_MAX_FARM_MASS": 70.98310382019001,
  "FOOD_CLUSTER_RADIUS": 3.6479824580146563,
  "FOOD_CLUSTER_WEIGHT": 0.2672569690723214,
  "FOOD_DISTANCE_POWER": 1.491235762659705,
  "FOOD_LOCK_TICKS": 8,
  "ROAM_CENTER_WEIGHT": 2.495692861572344,
  "ROAM_MOMENTUM_WEIGHT": 0.3508529674427994
}