{
  "OVERRIDE_ORDER": [
    "escape",
    "unstuck",
    "split",
    "chase",
    "virus",
    "food"
  ],
  "NUM_DIRECTIONS": 16,
  "MAX_ENEMIES": 24,
  "SAFETY_OWN_PIECES": 3,
  "STEP_RADIUS_MULT": 1.392691279773911,
  "SPLIT_REACH_RELIABILITY": 0.6990361458180095,
  "ESCAPE_DIRECT_RANGE_MULT": 3.7955265081297194,
  "ESCAPE_SPLIT_REACH_BUFFER": 1.103878869844424,
  "ESCAPE_MOVE_WEIGHT": 144.66528716145248,
  "ESCAPE_WALL_WEIGHT": 153.98869566103005,
  "ESCAPE_VIRUS_SHIELD_WEIGHT": 715.8201951650494,
  "ESCAPE_HARD_MARGIN": 0.0008607397869537514,
  "SPLIT_CAPTURE_WEIGHT": 12.038289961435403,
  "SPLIT_DEPTH_COST": 1.3266077329406656,
  "SPLIT_FRAGMENT_COST": 0.054068168727558215,
  "SPLIT_EXTERNAL_RISK_WEIGHT": 1.8937952360045922,
  "SPLIT_MIN_UTILITY": 8.687518755679873,
  "SPLIT_LARGER_OWNER_RATIO": 1.0051216736957718,
  "SPLIT_PLAN_WAIT_TICKS": 3,
  "CHASE_ACQUIRE_RANGE_MULT": 12.673256304645225,
  "CHASE_DIRECT_RANGE_MULT": 3.7756072444510074,
  "CHASE_MAX_INTERCEPT_TICKS": 5.328011196396357,
  "CHASE_LOCK_TICKS": 144,
  "CHASE_WALL_HORIZON": 18.346801833686182,
  "CHASE_BLOCK_OFFSET_MULT": 1.1911134510528236,
  "CHASE_DISTANCE_WEIGHT": 0.3248827446758155,
  "CHASE_ETA_WEIGHT": 0.9985497220428878,
  "CHASE_LOCK_BONUS": 17.131891943943724,
  "CHASE_VELOCITY_NEW_WEIGHT": 0.386511363723659,
  "VIRUS_ENEMY_RANGE_MULT": 5.254999296897472,
  "VIRUS_MANUAL_SPLIT_TIME_BONUS": 0.8011757111474298,
  "VIRUS_MANUAL_SPLIT_RISK_COST": 2.5246990603921495,
  "VIRUS_MAX_FARM_MASS": 128.20274714535302,
  "FOOD_CLUSTER_RADIUS": 4.673884221103069,
  "FOOD_CLUSTER_WEIGHT": 1.9668164464885174,
  "FOOD_DISTANCE_POWER": 1.1078998706199747,
  "FOOD_LOCK_TICKS": 25,
  "ROAM_CENTER_WEIGHT": 1.2350042552078693,
  "ROAM_MOMENTUM_WEIGHT": 0.331711917567475
}