{
  "OVERRIDE_ORDER": [
    "escape",
    "unstuck",
    "split",
    "chase",
    "virus",
    "food"
  ],
  "NUM_DIRECTIONS": 16,
  "MAX_ENEMIES": 24,
  "SAFETY_OWN_PIECES": 2,
  "STEP_RADIUS_MULT": 1.3419381705758568,
  "SPLIT_REACH_RELIABILITY": 0.7375494418279326,
  "ESCAPE_DIRECT_RANGE_MULT": 5.667791317552703,
  "ESCAPE_SPLIT_REACH_BUFFER": 1.1598511262791267,
  "ESCAPE_MOVE_WEIGHT": 82.31835762572936,
  "ESCAPE_WALL_WEIGHT": 139.5468990752718,
  "ESCAPE_VIRUS_SHIELD_WEIGHT": 1036.2641426547602,
  "ESCAPE_HARD_MARGIN": 0.10847199726187653,
  "SPLIT_CAPTURE_WEIGHT": 14.279378711235076,
  "SPLIT_DEPTH_COST": 5.8770697048565665,
  "SPLIT_FRAGMENT_COST": 0.3931147347156765,
  "SPLIT_EXTERNAL_RISK_WEIGHT": 0.7770400371452958,
  "SPLIT_MIN_UTILITY": 9.830104494160778,
  "SPLIT_LARGER_OWNER_RATIO": 0.9569035552335167,
  "SPLIT_PLAN_WAIT_TICKS": 4,
  "CHASE_ACQUIRE_RANGE_MULT": 9.072114470990572,
  "CHASE_DIRECT_RANGE_MULT": 4.252496823244677,
  "CHASE_MAX_INTERCEPT_TICKS": 13.083045083736458,
  "CHASE_LOCK_TICKS": 79,
  "CHASE_WALL_HORIZON": 14.63443144755017,
  "CHASE_BLOCK_OFFSET_MULT": 1.4978095003309608,
  "CHASE_DISTANCE_WEIGHT": 0.31633969958325264,
  "CHASE_ETA_WEIGHT": 2.091509818734027,
  "CHASE_LOCK_BONUS": 32.63389794113344,
  "CHASE_VELOCITY_NEW_WEIGHT": 0.41702990121881334,
  "VIRUS_ENEMY_RANGE_MULT": 5.8094968384977035,
  "VIRUS_MANUAL_SPLIT_TIME_BONUS": 0.60025127025176,
  "VIRUS_MANUAL_SPLIT_RISK_COST": 4.444535156274957,
  "VIRUS_MAX_FARM_MASS": 121.23045275240924,
  "FOOD_CLUSTER_RADIUS": 3.369296293131597,
  "FOOD_CLUSTER_WEIGHT": 0.5608686512939663,
  "FOOD_DISTANCE_POWER": 1.69610397265798,
  "FOOD_LOCK_TICKS": 17,
  "ROAM_CENTER_WEIGHT": 1.0290889464530057,
  "ROAM_MOMENTUM_WEIGHT": 0.38832447871749654
}