{
  "OVERRIDE_ORDER": [
    "escape",
    "unstuck",
    "split",
    "virus",
    "chase",
    "food"
  ],
  "NUM_DIRECTIONS": 16,
  "MAX_ENEMIES": 21,
  "SAFETY_OWN_PIECES": 2,
  "STEP_RADIUS_MULT": 1.5019965115274343,
  "SPLIT_REACH_RELIABILITY": 0.7740860555767612,
  "ESCAPE_DIRECT_RANGE_MULT": 5.740368910853448,
  "ESCAPE_SPLIT_REACH_BUFFER": 1.0245913252987788,
  "ESCAPE_MOVE_WEIGHT": 122.79232249334977,
  "ESCAPE_WALL_WEIGHT": 130.04185021053976,
  "ESCAPE_VIRUS_SHIELD_WEIGHT": 1163.976285956629,
  "ESCAPE_HARD_MARGIN": 0.08661249183327939,
  "SPLIT_CAPTURE_WEIGHT": 10.463462624209814,
  "SPLIT_DEPTH_COST": 3.852329590361114,
  "SPLIT_FRAGMENT_COST": 0.42490627949621235,
  "SPLIT_EXTERNAL_RISK_WEIGHT": 2.3276430078990176,
  "SPLIT_MIN_UTILITY": 8.783300454223115,
  "SPLIT_LARGER_OWNER_RATIO": 1.0232810765543572,
  "SPLIT_PLAN_WAIT_TICKS": 8,
  "CHASE_ACQUIRE_RANGE_MULT": 12.839022257233504,
  "CHASE_DIRECT_RANGE_MULT": 4.938028092142362,
  "CHASE_MAX_INTERCEPT_TICKS": 13.286182267179418,
  "CHASE_LOCK_TICKS": 71,
  "CHASE_WALL_HORIZON": 23.206245528940837,
  "CHASE_BLOCK_OFFSET_MULT": 1.2397946248489904,
  "CHASE_DISTANCE_WEIGHT": 0.23785697162056507,
  "CHASE_ETA_WEIGHT": 0.5093326787951973,
  "CHASE_LOCK_BONUS": 36.410967953009255,
  "CHASE_VELOCITY_NEW_WEIGHT": 0.2774929599281247,
  "VIRUS_ENEMY_RANGE_MULT": 6.084440031276704,
  "VIRUS_MANUAL_SPLIT_TIME_BONUS": 2.859595397595377,
  "VIRUS_MANUAL_SPLIT_RISK_COST": 5.676756093711099,
  "VIRUS_MAX_FARM_MASS": 137.70587569577873,
  "FOOD_CLUSTER_RADIUS": 2.9181260653293,
  "FOOD_CLUSTER_WEIGHT": 2.2569642132968335,
  "FOOD_DISTANCE_POWER": 2.2024032107555955,
  "FOOD_LOCK_TICKS": 8,
  "ROAM_CENTER_WEIGHT": 1.8757855120514302,
  "ROAM_MOMENTUM_WEIGHT": 0.35474673508080207
}