{
  "OVERRIDE_ORDER": [
    "escape",
    "split",
    "unstuck",
    "chase",
    "virus",
    "food"
  ],
  "NUM_DIRECTIONS": 16,
  "MAX_ENEMIES": 24,
  "SAFETY_OWN_PIECES": 2,
  "STEP_RADIUS_MULT": 1.4307617078652912,
  "SPLIT_REACH_RELIABILITY": 0.7748603662034315,
  "ESCAPE_DIRECT_RANGE_MULT": 5.929614708016606,
  "ESCAPE_SPLIT_REACH_BUFFER": 1.136712301457445,
  "ESCAPE_MOVE_WEIGHT": 89.03566963792385,
  "ESCAPE_WALL_WEIGHT": 116.34709450364014,
  "ESCAPE_VIRUS_SHIELD_WEIGHT": 652.6880178310776,
  "ESCAPE_HARD_MARGIN": 0.2013280004410751,
  "SPLIT_CAPTURE_WEIGHT": 13.459451480544585,
  "SPLIT_DEPTH_COST": 6.7065985053345765,
  "SPLIT_FRAGMENT_COST": 0.10586774331808135,
  "SPLIT_EXTERNAL_RISK_WEIGHT": 0.8557589121626884,
  "SPLIT_MIN_UTILITY": 5.581920392191567,
  "SPLIT_LARGER_OWNER_RATIO": 1.0043368284504848,
  "SPLIT_PLAN_WAIT_TICKS": 5,
  "CHASE_ACQUIRE_RANGE_MULT": 9.40276565381044,
  "CHASE_DIRECT_RANGE_MULT": 4.346168941666631,
  "CHASE_MAX_INTERCEPT_TICKS": 12.196782536769067,
  "CHASE_LOCK_TICKS": 65,
  "CHASE_WALL_HORIZON": 19.313766691886055,
  "CHASE_BLOCK_OFFSET_MULT": 1.3893311663271337,
  "CHASE_DISTANCE_WEIGHT": 0.2524217685942818,
  "CHASE_ETA_WEIGHT": 1.0540568012039357,
  "CHASE_LOCK_BONUS": 46.047134729994895,
  "CHASE_VELOCITY_NEW_WEIGHT": 0.4350285189010642,
  "VIRUS_ENEMY_RANGE_MULT": 5.324858414716854,
  "VIRUS_MANUAL_SPLIT_TIME_BONUS": 0.7339911694051066,
  "VIRUS_MANUAL_SPLIT_RISK_COST": 3.4687890645899957,
  "VIRUS_MAX_FARM_MASS": 200.73080555131043,
  "FOOD_CLUSTER_RADIUS": 3.9023084296349912,
  "FOOD_CLUSTER_WEIGHT": 0.5027683628632224,
  "FOOD_DISTANCE_POWER": 1.3884564720351085,
  "FOOD_LOCK_TICKS": 18,
  "ROAM_CENTER_WEIGHT": 0.19527892056335294,
  "ROAM_MOMENTUM_WEIGHT": 0.9405255566414243
}