{
  "OVERRIDE_ORDER": [
    "escape",
    "unstuck",
    "split",
    "chase",
    "virus",
    "food"
  ],
  "NUM_DIRECTIONS": 16,
  "MAX_ENEMIES": 24,
  "SAFETY_OWN_PIECES": 2,
  "STEP_RADIUS_MULT": 1.2938190597578134,
  "SPLIT_REACH_RELIABILITY": 0.6699957716296435,
  "ESCAPE_DIRECT_RANGE_MULT": 5.872989388790374,
  "ESCAPE_SPLIT_REACH_BUFFER": 1.0892595358551413,
  "ESCAPE_MOVE_WEIGHT": 82.39702281392682,
  "ESCAPE_WALL_WEIGHT": 193.9875491619212,
  "ESCAPE_VIRUS_SHIELD_WEIGHT": 668.9153606382274,
  "ESCAPE_HARD_MARGIN": 0.15727615224214386,
  "SPLIT_CAPTURE_WEIGHT": 10.568370962704394,
  "SPLIT_DEPTH_COST": 2.6183395169068984,
  "SPLIT_FRAGMENT_COST": 0.2673902013827592,
  "SPLIT_EXTERNAL_RISK_WEIGHT": 0.5664075658442271,
  "SPLIT_MIN_UTILITY": 6.400191917310995,
  "SPLIT_LARGER_OWNER_RATIO": 0.9788171406242692,
  "SPLIT_PLAN_WAIT_TICKS": 4,
  "CHASE_ACQUIRE_RANGE_MULT": 6.680196482833431,
  "CHASE_DIRECT_RANGE_MULT": 3.8911097145881426,
  "CHASE_MAX_INTERCEPT_TICKS": 16.320916534393756,
  "CHASE_LOCK_TICKS": 44,
  "CHASE_WALL_HORIZON": 16.09843790372219,
  "CHASE_BLOCK_OFFSET_MULT": 0.9416491125783498,
  "CHASE_DISTANCE_WEIGHT": 0.13728690120148712,
  "CHASE_ETA_WEIGHT": 2.297288271829852,
  "CHASE_LOCK_BONUS": 16.47930190076679,
  "CHASE_VELOCITY_NEW_WEIGHT": 0.5056652114794812,
  "VIRUS_ENEMY_RANGE_MULT": 6.173739014393031,
  "VIRUS_MANUAL_SPLIT_TIME_BONUS": 0.9281207086526359,
  "VIRUS_MANUAL_SPLIT_RISK_COST": 2.4231522485095134,
  "VIRUS_MAX_FARM_MASS": 149.52137559222905,
  "FOOD_CLUSTER_RADIUS": 4.60750477583692,
  "FOOD_CLUSTER_WEIGHT": 0.8045274254795345,
  "FOOD_DISTANCE_POWER": 1.7587213630581677,
  "FOOD_LOCK_TICKS": 6,
  "ROAM_CENTER_WEIGHT": 0.6351621323714443,
  "ROAM_MOMENTUM_WEIGHT": 0.5076676405050403
}