{
  "OVERRIDE_ORDER": [
    "escape",
    "unstuck",
    "split",
    "chase",
    "virus",
    "food"
  ],
  "NUM_DIRECTIONS": 16,
  "MAX_ENEMIES": 18,
  "SAFETY_OWN_PIECES": 2,
  "STEP_RADIUS_MULT": 1.3371720558697495,
  "SPLIT_REACH_RELIABILITY": 0.8266839599363272,
  "ESCAPE_DIRECT_RANGE_MULT": 5.486794365991837,
  "ESCAPE_SPLIT_REACH_BUFFER": 1.0965445527288302,
  "ESCAPE_MOVE_WEIGHT": 104.84459818591417,
  "ESCAPE_WALL_WEIGHT": 186.48194732355591,
  "ESCAPE_VIRUS_SHIELD_WEIGHT": 1137.1536652961925,
  "ESCAPE_HARD_MARGIN": 0.09079955651948428,
  "SPLIT_CAPTURE_WEIGHT": 8.499915108087084,
  "SPLIT_DEPTH_COST": 1.720042710363021,
  "SPLIT_FRAGMENT_COST": 0.4900950664025755,
  "SPLIT_EXTERNAL_RISK_WEIGHT": 1.6418683909327247,
  "SPLIT_MIN_UTILITY": 6.275108412386773,
  "SPLIT_LARGER_OWNER_RATIO": 1.0674793373826494,
  "SPLIT_PLAN_WAIT_TICKS": 3,
  "CHASE_ACQUIRE_RANGE_MULT": 6.020300705866394,
  "CHASE_DIRECT_RANGE_MULT": 4.705739206331276,
  "CHASE_MAX_INTERCEPT_TICKS": 6.3845212477495785,
  "CHASE_LOCK_TICKS": 165,
  "CHASE_WALL_HORIZON": 30.26964881047494,
  "CHASE_BLOCK_OFFSET_MULT": 1.184795613411967,
  "CHASE_DISTANCE_WEIGHT": 0.5956181650589277,
  "CHASE_ETA_WEIGHT": 1.8653141528948765,
  "CHASE_LOCK_BONUS": 37.66568473337858,
  "CHASE_VELOCITY_NEW_WEIGHT": 0.8271976516800192,
  "VIRUS_ENEMY_RANGE_MULT": 7.024844969062296,
  "VIRUS_MANUAL_SPLIT_TIME_BONUS": 0.903191837679939,
  "VIRUS_MANUAL_SPLIT_RISK_COST": 2.821330330702401,
  "VIRUS_MAX_FARM_MASS": 179.5470876751656,
  "FOOD_CLUSTER_RADIUS": 5.951149016361392,
  "FOOD_CLUSTER_WEIGHT": 1.0207104441061898,
  "FOOD_DISTANCE_POWER": 2.026208648617014,
  "FOOD_LOCK_TICKS": 9,
  "ROAM_CENTER_WEIGHT": 0.5772198803153071,
  "ROAM_MOMENTUM_WEIGHT": 0.23278991696826687
}