{
  "OVERRIDE_ORDER": [
    "escape",
    "unstuck",
    "split",
    "chase",
    "virus",
    "food"
  ],
  "NUM_DIRECTIONS": 12,
  "MAX_ENEMIES": 18,
  "SAFETY_OWN_PIECES": 2,
  "STEP_RADIUS_MULT": 1.3654973195554456,
  "SPLIT_REACH_RELIABILITY": 0.8985945361217134,
  "ESCAPE_DIRECT_RANGE_MULT": 7.722414562867822,
  "ESCAPE_SPLIT_REACH_BUFFER": 1.1331059189065784,
  "ESCAPE_MOVE_WEIGHT": 87.44025956356971,
  "ESCAPE_WALL_WEIGHT": 134.13125542863858,
  "ESCAPE_VIRUS_SHIELD_WEIGHT": 1038.2641135004064,
  "ESCAPE_HARD_MARGIN": 0.052435898132740376,
  "SPLIT_CAPTURE_WEIGHT": 8.078769836553418,
  "SPLIT_DEPTH_COST": 2.814042711951317,
  "SPLIT_FRAGMENT_COST": 0.49737938693463574,
  "SPLIT_EXTERNAL_RISK_WEIGHT": 1.749509286764362,
  "SPLIT_MIN_UTILITY": 9.404565437500446,
  "SPLIT_LARGER_OWNER_RATIO": 0.9740834926072507,
  "SPLIT_PLAN_WAIT_TICKS": 7,
  "CHASE_ACQUIRE_RANGE_MULT": 10.667807190461673,
  "CHASE_DIRECT_RANGE_MULT": 4.703544824917805,
  "CHASE_MAX_INTERCEPT_TICKS": 10.529422202476221,
  "CHASE_LOCK_TICKS": 106,
  "CHASE_WALL_HORIZON": 19.43600499148386,
  "CHASE_BLOCK_OFFSET_MULT": 1.0673705419774167,
  "CHASE_DISTANCE_WEIGHT": 0.8219740653555287,
  "CHASE_ETA_WEIGHT": 0.9340108152576122,
  "CHASE_LOCK_BONUS": 20.24826598324724,
  "CHASE_VELOCITY_NEW_WEIGHT": 0.4059681350982242,
  "VIRUS_ENEMY_RANGE_MULT": 5.6797103947187715,
  "VIRUS_MANUAL_SPLIT_TIME_BONUS": 0.7641994830740189,
  "VIRUS_MANUAL_SPLIT_RISK_COST": 6.394470661744789,
  "VIRUS_MAX_FARM_MASS": 70.39580897194006,
  "FOOD_CLUSTER_RADIUS": 3.5430675714396402,
  "FOOD_CLUSTER_WEIGHT": 1.8743220169309798,
  "FOOD_DISTANCE_POWER": 1.9077968876895772,
  "FOOD_LOCK_TICKS": 12,
  "ROAM_CENTER_WEIGHT": 2.6456529979181562,
  "ROAM_MOMENTUM_WEIGHT": 0.14224328967006533
}