{
  "OVERRIDE_ORDER": [
    "split",
    "escape",
    "unstuck",
    "chase",
    "virus",
    "food"
  ],
  "NUM_DIRECTIONS": 16,
  "MAX_ENEMIES": 18,
  "SAFETY_OWN_PIECES": 2,
  "STEP_RADIUS_MULT": 1.5077320935114882,
  "SPLIT_REACH_RELIABILITY": 0.8465702891859436,
  "ESCAPE_DIRECT_RANGE_MULT": 6.49432162350694,
  "ESCAPE_SPLIT_REACH_BUFFER": 1.0775030296749748,
  "ESCAPE_MOVE_WEIGHT": 113.73440096930099,
  "ESCAPE_WALL_WEIGHT": 132.64698564638746,
  "ESCAPE_VIRUS_SHIELD_WEIGHT": 1387.4067369028285,
  "ESCAPE_HARD_MARGIN": 0.08266428780862775,
  "SPLIT_CAPTURE_WEIGHT": 7.867437998493479,
  "SPLIT_DEPTH_COST": 2.062957464653552,
  "SPLIT_FRAGMENT_COST": 0.21502789990776416,
  "SPLIT_EXTERNAL_RISK_WEIGHT": 1.2603031504209155,
  "SPLIT_MIN_UTILITY": 8.486817377047169,
  "SPLIT_LARGER_OWNER_RATIO": 0.9634938274732437,
  "SPLIT_PLAN_WAIT_TICKS": 8,
  "CHASE_ACQUIRE_RANGE_MULT": 10.36793053155677,
  "CHASE_DIRECT_RANGE_MULT": 4.51446584664181,
  "CHASE_MAX_INTERCEPT_TICKS": 6.066055705702046,
  "CHASE_LOCK_TICKS": 132,
  "CHASE_WALL_HORIZON": 23.13025266926735,
  "CHASE_BLOCK_OFFSET_MULT": 1.3649964875183702,
  "CHASE_DISTANCE_WEIGHT": 0.6794950947446274,
  "CHASE_ETA_WEIGHT": 1.9597718661996544,
  "CHASE_LOCK_BONUS": 41.18428324995259,
  "CHASE_VELOCITY_NEW_WEIGHT": 0.7957336272155644,
  "VIRUS_ENEMY_RANGE_MULT": 8.130947208761764,
  "VIRUS_MANUAL_SPLIT_TIME_BONUS": 1.2505300156869832,
  "VIRUS_MANUAL_SPLIT_RISK_COST": 3.070424209011558,
  "VIRUS_MAX_FARM_MASS": 122.20551529833001,
  "FOOD_CLUSTER_RADIUS": 4.757542032369933,
  "FOOD_CLUSTER_WEIGHT": 1.9178793011960587,
  "FOOD_DISTANCE_POWER": 1.3195651458589117,
  "FOOD_LOCK_TICKS": 3,
  "ROAM_CENTER_WEIGHT": 1.1299368240462515,
  "ROAM_MOMENTUM_WEIGHT": 1.1783556950613499
}