{
  "OVERRIDE_ORDER": [
    "split",
    "escape",
    "unstuck",
    "chase",
    "virus",
    "food"
  ],
  "NUM_DIRECTIONS": 16,
  "MAX_ENEMIES": 21,
  "SAFETY_OWN_PIECES": 3,
  "STEP_RADIUS_MULT": 1.4920273154284829,
  "SPLIT_REACH_RELIABILITY": 0.6970385897211999,
  "ESCAPE_DIRECT_RANGE_MULT": 5.6708713153402055,
  "ESCAPE_SPLIT_REACH_BUFFER": 1.0387738459219698,
  "ESCAPE_MOVE_WEIGHT": 192.31307286376762,
  "ESCAPE_WALL_WEIGHT": 578.0863807107943,
  "ESCAPE_VIRUS_SHIELD_WEIGHT": 458.0652083284067,
  "ESCAPE_HARD_MARGIN": 0.10714300630115076,
  "SPLIT_CAPTURE_WEIGHT": 5.484114369099204,
  "SPLIT_DEPTH_COST": 3.616122584410999,
  "SPLIT_FRAGMENT_COST": 0.025239676897179472,
  "SPLIT_EXTERNAL_RISK_WEIGHT": 2.9950403371481134,
  "SPLIT_MIN_UTILITY": 2.3736772250821074,
  "SPLIT_LARGER_OWNER_RATIO": 0.9991208023747727,
  "SPLIT_PLAN_WAIT_TICKS": 8,
  "CHASE_ACQUIRE_RANGE_MULT": 9.970290978779099,
  "CHASE_DIRECT_RANGE_MULT": 3.5080700133825813,
  "CHASE_MAX_INTERCEPT_TICKS": 11.20246721597102,
  "CHASE_LOCK_TICKS": 42,
  "CHASE_WALL_HORIZON": 34.75759621922333,
  "CHASE_BLOCK_OFFSET_MULT": 1.392995959654453,
  "CHASE_DISTANCE_WEIGHT": 0.11846379295861359,
  "CHASE_ETA_WEIGHT": 1.822997648862342,
  "CHASE_LOCK_BONUS": 13.029579399123,
  "CHASE_VELOCITY_NEW_WEIGHT": 0.387099857281417,
  "VIRUS_ENEMY_RANGE_MULT": 6.671498548496997,
  "VIRUS_MANUAL_SPLIT_TIME_BONUS": 1.4402015403519954,
  "VIRUS_MANUAL_SPLIT_RISK_COST": 0.71666115007528,
  "VIRUS_MAX_FARM_MASS": 277.0453296050508,
  "FOOD_CLUSTER_RADIUS": 5.767869233916438,
  "FOOD_CLUSTER_WEIGHT": 1.3954016016755786,
  "FOOD_DISTANCE_POWER": 1.8660700527281093,
  "FOOD_LOCK_TICKS": 30,
  "ROAM_CENTER_WEIGHT": 0.24574759518026656,
  "ROAM_MOMENTUM_WEIGHT": 0.9622404068307555
}