{
  "OVERRIDE_ORDER": [
    "escape",
    "unstuck",
    "split",
    "virus",
    "chase",
    "food"
  ],
  "NUM_DIRECTIONS": 12,
  "MAX_ENEMIES": 24,
  "SAFETY_OWN_PIECES": 2,
  "STEP_RADIUS_MULT": 1.3726972800375967,
  "SPLIT_REACH_RELIABILITY": 0.866069572727165,
  "ESCAPE_DIRECT_RANGE_MULT": 6.820321061897038,
  "ESCAPE_SPLIT_REACH_BUFFER": 1.0723827711853027,
  "ESCAPE_MOVE_WEIGHT": 108.29829368044363,
  "ESCAPE_WALL_WEIGHT": 231.39559370019816,
  "ESCAPE_VIRUS_SHIELD_WEIGHT": 281.21822030950534,
  "ESCAPE_HARD_MARGIN": 0.09314548936263005,
  "SPLIT_CAPTURE_WEIGHT": 3.0685355315704848,
  "SPLIT_DEPTH_COST": 2.066952047977101,
  "SPLIT_FRAGMENT_COST": 0.48622345041684484,
  "SPLIT_EXTERNAL_RISK_WEIGHT": 0.7570979862639414,
  "SPLIT_MIN_UTILITY": 8.336750798149271,
  "SPLIT_LARGER_OWNER_RATIO": 1.1997930440994,
  "SPLIT_PLAN_WAIT_TICKS": 3,
  "CHASE_ACQUIRE_RANGE_MULT": 12.691830157159625,
  "CHASE_DIRECT_RANGE_MULT": 1.861363197169943,
  "CHASE_MAX_INTERCEPT_TICKS": 9.700802730673114,
  "CHASE_LOCK_TICKS": 139,
  "CHASE_WALL_HORIZON": 17.656613186637852,
  "CHASE_BLOCK_OFFSET_MULT": 1.0770995977743356,
  "CHASE_DISTANCE_WEIGHT": 0.08744778553046792,
  "CHASE_ETA_WEIGHT": 1.32545985689795,
  "CHASE_LOCK_BONUS": 21.416952377292365,
  "CHASE_VELOCITY_NEW_WEIGHT": 0.25883124105391797,
  "VIRUS_ENEMY_RANGE_MULT": 4.216248288124828,
  "VIRUS_MANUAL_SPLIT_TIME_BONUS": 5.186608003920328,
  "VIRUS_MANUAL_SPLIT_RISK_COST": 0.6760816290144129,
  "VIRUS_MAX_FARM_MASS": 280.6225450483971,
  "FOOD_CLUSTER_RADIUS": 4.590998963136807,
  "FOOD_CLUSTER_WEIGHT": 0.4636726789921853,
  "FOOD_DISTANCE_POWER": 1.539632566281451,
  "FOOD_LOCK_TICKS": 24,
  "ROAM_CENTER_WEIGHT": 1.4553348346368606,
  "ROAM_MOMENTUM_WEIGHT": 0.1164522736829644
}