{
  "OVERRIDE_ORDER": [
    "escape",
    "unstuck",
    "split",
    "chase",
    "virus",
    "food"
  ],
  "NUM_DIRECTIONS": 16,
  "MAX_ENEMIES": 24,
  "SAFETY_OWN_PIECES": 2,
  "STEP_RADIUS_MULT": 1.2777477947132458,
  "SPLIT_REACH_RELIABILITY": 0.7981175212034252,
  "ESCAPE_DIRECT_RANGE_MULT": 4.98130358438846,
  "ESCAPE_SPLIT_REACH_BUFFER": 1.004740140681837,
  "ESCAPE_MOVE_WEIGHT": 139.50764300516187,
  "ESCAPE_WALL_WEIGHT": 177.9619508825451,
  "ESCAPE_VIRUS_SHIELD_WEIGHT": 1101.9287502670802,
  "ESCAPE_HARD_MARGIN": 0.19679119537001055,
  "SPLIT_CAPTURE_WEIGHT": 3.1661186517385453,
  "SPLIT_DEPTH_COST": 4.088749347789838,
  "SPLIT_FRAGMENT_COST": 0.1600904960000392,
  "SPLIT_EXTERNAL_RISK_WEIGHT": 0.35715738455686424,
  "SPLIT_MIN_UTILITY": 5.00358392349905,
  "SPLIT_LARGER_OWNER_RATIO": 1.0379078987606256,
  "SPLIT_PLAN_WAIT_TICKS": 2,
  "CHASE_ACQUIRE_RANGE_MULT": 8.193531369550184,
  "CHASE_DIRECT_RANGE_MULT": 4.654117064150768,
  "CHASE_MAX_INTERCEPT_TICKS": 11.946117653601865,
  "CHASE_LOCK_TICKS": 34,
  "CHASE_WALL_HORIZON": 15.81406547628895,
  "CHASE_BLOCK_OFFSET_MULT": 1.198618338165572,
  "CHASE_DISTANCE_WEIGHT": 0.658875792298963,
  "CHASE_ETA_WEIGHT": 2.6597235062351157,
  "CHASE_LOCK_BONUS": 23.604461428362104,
  "CHASE_VELOCITY_NEW_WEIGHT": 0.22966659065236933,
  "VIRUS_ENEMY_RANGE_MULT": 8.119050231791718,
  "VIRUS_MANUAL_SPLIT_TIME_BONUS": 0.9595090153985388,
  "VIRUS_MANUAL_SPLIT_RISK_COST": 7.410582294102469,
  "VIRUS_MAX_FARM_MASS": 96.29090371458197,
  "FOOD_CLUSTER_RADIUS": 6.760587739302147,
  "FOOD_CLUSTER_WEIGHT": 1.3020434085635857,
  "FOOD_DISTANCE_POWER": 2.059753569866987,
  "FOOD_LOCK_TICKS": 16,
  "ROAM_CENTER_WEIGHT": 1.1078378714971249,
  "ROAM_MOMENTUM_WEIGHT": 0.5795995543534699
}