{
  "OVERRIDE_ORDER": [
    "escape",
    "unstuck",
    "split",
    "virus",
    "chase",
    "food"
  ],
  "NUM_DIRECTIONS": 16,
  "MAX_ENEMIES": 18,
  "SAFETY_OWN_PIECES": 2,
  "STEP_RADIUS_MULT": 1.2920088725998111,
  "SPLIT_REACH_RELIABILITY": 0.7896917342977533,
  "ESCAPE_DIRECT_RANGE_MULT": 4.959423905289742,
  "ESCAPE_SPLIT_REACH_BUFFER": 1.0645983413120286,
  "ESCAPE_MOVE_WEIGHT": 85.06368101694473,
  "ESCAPE_WALL_WEIGHT": 240.63204830247895,
  "ESCAPE_VIRUS_SHIELD_WEIGHT": 973.7023362590368,
  "ESCAPE_HARD_MARGIN": 0.16226627887135722,
  "SPLIT_CAPTURE_WEIGHT": 8.292395563408627,
  "SPLIT_DEPTH_COST": 6.888478859395492,
  "SPLIT_FRAGMENT_COST": 0.49594567857843447,
  "SPLIT_EXTERNAL_RISK_WEIGHT": 0.8313052635821985,
  "SPLIT_MIN_UTILITY": 8.860863135656867,
  "SPLIT_LARGER_OWNER_RATIO": 1.0137773823588836,
  "SPLIT_PLAN_WAIT_TICKS": 7,
  "CHASE_ACQUIRE_RANGE_MULT": 5.812760149933219,
  "CHASE_DIRECT_RANGE_MULT": 4.744698709640633,
  "CHASE_MAX_INTERCEPT_TICKS": 8.491809858389832,
  "CHASE_LOCK_TICKS": 116,
  "CHASE_WALL_HORIZON": 21.528042228049326,
  "CHASE_BLOCK_OFFSET_MULT": 0.9867545459463498,
  "CHASE_DISTANCE_WEIGHT": 0.3058311587138469,
  "CHASE_ETA_WEIGHT": 1.101954336955449,
  "CHASE_LOCK_BONUS": 18.1677950225506,
  "CHASE_VELOCITY_NEW_WEIGHT": 0.5448062753004239,
  "VIRUS_ENEMY_RANGE_MULT": 6.573148543766478,
  "VIRUS_MANUAL_SPLIT_TIME_BONUS": 2.502802748666042,
  "VIRUS_MANUAL_SPLIT_RISK_COST": 4.058711281584276,
  "VIRUS_MAX_FARM_MASS": 126.72018136120293,
  "FOOD_CLUSTER_RADIUS": 2.8290152027372693,
  "FOOD_CLUSTER_WEIGHT": 2.282751216916595,
  "FOOD_DISTANCE_POWER": 2.172254233566437,
  "FOOD_LOCK_TICKS": 20,
  "ROAM_CENTER_WEIGHT": 1.6858390350698804,
  "ROAM_MOMENTUM_WEIGHT": 0.21872745115045514
}