{
  "OVERRIDE_ORDER": [
    "escape",
    "unstuck",
    "split",
    "chase",
    "virus",
    "food"
  ],
  "NUM_DIRECTIONS": 16,
  "MAX_ENEMIES": 24,
  "SAFETY_OWN_PIECES": 2,
  "STEP_RADIUS_MULT": 1.5458987255655818,
  "SPLIT_REACH_RELIABILITY": 0.6235384470002568,
  "ESCAPE_DIRECT_RANGE_MULT": 7.168728501580946,
  "ESCAPE_SPLIT_REACH_BUFFER": 1.096361555878211,
  "ESCAPE_MOVE_WEIGHT": 112.25472578529703,
  "ESCAPE_WALL_WEIGHT": 181.48419245972454,
  "ESCAPE_VIRUS_SHIELD_WEIGHT": 765.3774524554769,
  "ESCAPE_HARD_MARGIN": 0.0625389988480751,
  "SPLIT_CAPTURE_WEIGHT": 8.764961115114733,
  "SPLIT_DEPTH_COST": 6.264189731654371,
  "SPLIT_FRAGMENT_COST": 0.2377202824502739,
  "SPLIT_EXTERNAL_RISK_WEIGHT": 0.7932292368850731,
  "SPLIT_MIN_UTILITY": 5.549539024206507,
  "SPLIT_LARGER_OWNER_RATIO": 0.975917734256771,
  "SPLIT_PLAN_WAIT_TICKS": 3,
  "CHASE_ACQUIRE_RANGE_MULT": 7.466093607292843,
  "CHASE_DIRECT_RANGE_MULT": 4.643763851045195,
  "CHASE_MAX_INTERCEPT_TICKS": 11.593929671040751,
  "CHASE_LOCK_TICKS": 118,
  "CHASE_WALL_HORIZON": 32.572404183986585,
  "CHASE_BLOCK_OFFSET_MULT": 1.2636375706785217,
  "CHASE_DISTANCE_WEIGHT": 0.579246083150849,
  "CHASE_ETA_WEIGHT": 1.1505363822039545,
  "CHASE_LOCK_BONUS": 18.455399332067334,
  "CHASE_VELOCITY_NEW_WEIGHT": 0.3559169697211874,
  "VIRUS_ENEMY_RANGE_MULT": 6.298872056324582,
  "VIRUS_MANUAL_SPLIT_TIME_BONUS": 0.9065290637177349,
  "VIRUS_MANUAL_SPLIT_RISK_COST": 3.354420384808216,
  "VIRUS_MAX_FARM_MASS": 209.84001135979008,
  "FOOD_CLUSTER_RADIUS": 6.3180428966576345,
  "FOOD_CLUSTER_WEIGHT": 1.4215052221473585,
  "FOOD_DISTANCE_POWER": 1.8284756845410506,
  "FOOD_LOCK_TICKS": 11,
  "ROAM_CENTER_WEIGHT": 0.21637546055800244,
  "ROAM_MOMENTUM_WEIGHT": 0.08935845101026542
}