{
  "OVERRIDE_ORDER": [
    "escape",
    "unstuck",
    "split",
    "chase",
    "virus",
    "food"
  ],
  "NUM_DIRECTIONS": 12,
  "MAX_ENEMIES": 24,
  "SAFETY_OWN_PIECES": 2,
  "STEP_RADIUS_MULT": 1.2709918139713585,
  "SPLIT_REACH_RELIABILITY": 0.6931558907420518,
  "ESCAPE_DIRECT_RANGE_MULT": 5.438491509148152,
  "ESCAPE_SPLIT_REACH_BUFFER": 1.0498944587482988,
  "ESCAPE_MOVE_WEIGHT": 149.11937669812596,
  "ESCAPE_WALL_WEIGHT": 117.92810824423375,
  "ESCAPE_VIRUS_SHIELD_WEIGHT": 682.4299124894012,
  "ESCAPE_HARD_MARGIN": 0.1404504918882442,
  "SPLIT_CAPTURE_WEIGHT": 4.799170739486253,
  "SPLIT_DEPTH_COST": 4.382917879561087,
  "SPLIT_FRAGMENT_COST": 0.22909141833208407,
  "SPLIT_EXTERNAL_RISK_WEIGHT": 0.9004198132569647,
  "SPLIT_MIN_UTILITY": 4.020980901689232,
  "SPLIT_LARGER_OWNER_RATIO": 1.013412343039414,
  "SPLIT_PLAN_WAIT_TICKS": 3,
  "CHASE_ACQUIRE_RANGE_MULT": 6.937850048841669,
  "CHASE_DIRECT_RANGE_MULT": 4.767548974591575,
  "CHASE_MAX_INTERCEPT_TICKS": 17.807525662843084,
  "CHASE_LOCK_TICKS": 88,
  "CHASE_WALL_HORIZON": 24.203673370555656,
  "CHASE_BLOCK_OFFSET_MULT": 1.1697134053132832,
  "CHASE_DISTANCE_WEIGHT": 0.3655968105851199,
  "CHASE_ETA_WEIGHT": 1.0523219513138513,
  "CHASE_LOCK_BONUS": 19.69155617163071,
  "CHASE_VELOCITY_NEW_WEIGHT": 0.27979115446569386,
  "VIRUS_ENEMY_RANGE_MULT": 5.324337587731354,
  "VIRUS_MANUAL_SPLIT_TIME_BONUS": 0.7800153459936319,
  "VIRUS_MANUAL_SPLIT_RISK_COST": 3.290572756798085,
  "VIRUS_MAX_FARM_MASS": 79.67688162750461,
  "FOOD_CLUSTER_RADIUS": 6.026448514674607,
  "FOOD_CLUSTER_WEIGHT": 0.7227495410377542,
  "FOOD_DISTANCE_POWER": 1.973767217454007,
  "FOOD_LOCK_TICKS": 6,
  "ROAM_CENTER_WEIGHT": 1.152743368148301,
  "ROAM_MOMENTUM_WEIGHT": 0.5075238366840418
}